pair_id,nanobody_id,antigen_id,probability,prediction
1,mut_01_PVRIG-20_base_reference,pvrig_8x6b_chainB,0.27256736159324646,0
2,mut_02_PVRIG-20_cdr3_cons_F99Y,pvrig_8x6b_chainB,0.2461143583059311,0
3,mut_03_PVRIG-20_cdr3_arom_F99A,pvrig_8x6b_chainB,0.20560674369335175,0
4,mut_04_PVRIG-20_cdr3_center_ala_scan,pvrig_8x6b_chainB,0.43705418705940247,1
5,mut_05_PVRIG-20_fw_cons_D61E,pvrig_8x6b_chainB,0.33081525564193726,1
6,mut_06_PVRIG-20_patent_20_D103E_style,pvrig_8x6b_chainB,0.42167794704437256,1
7,mut_07_PVRIG-30_base_reference,pvrig_8x6b_chainB,0.828545331954956,1
8,mut_08_PVRIG-30_cdr3_cons_T101S,pvrig_8x6b_chainB,0.8382691740989685,1
9,mut_09_PVRIG-30_cdr3_arom_W100A,pvrig_8x6b_chainB,0.7775235772132874,1
10,mut_10_PVRIG-30_cdr3_center_ala_scan,pvrig_8x6b_chainB,0.7771821022033691,1
11,mut_11_PVRIG-30_fw_cons_Y60F,pvrig_8x6b_chainB,0.8382883071899414,1
12,mut_12_PVRIG-38_base_reference,pvrig_8x6b_chainB,0.21410201489925385,0
13,mut_13_PVRIG-38_cdr3_cons_D99E,pvrig_8x6b_chainB,0.36220982670783997,1
14,mut_14_PVRIG-38_cdr3_arom_F100A,pvrig_8x6b_chainB,0.2660300135612488,0
15,mut_15_PVRIG-38_cdr3_center_ala_scan,pvrig_8x6b_chainB,0.19179609417915344,0
16,mut_16_PVRIG-38_fw_cons_T61S,pvrig_8x6b_chainB,0.22890441119670868,0
17,mut_17_PVRIG-39_base_reference,pvrig_8x6b_chainB,0.6657350659370422,1
18,mut_18_PVRIG-39_cdr3_cons_F99Y,pvrig_8x6b_chainB,0.6233236789703369,1
19,mut_19_PVRIG-39_cdr3_arom_F99A,pvrig_8x6b_chainB,0.5762007832527161,1
20,mut_20_PVRIG-39_cdr3_center_ala_scan,pvrig_8x6b_chainB,0.5799492001533508,1
21,mut_21_PVRIG-39_fw_cons_Y59F,pvrig_8x6b_chainB,0.6736966967582703,1
22,mut_22_20H5_base_reference,pvrig_8x6b_chainB,0.5045449733734131,1
23,mut_23_20H5_cdr3_cons_F99Y,pvrig_8x6b_chainB,0.4531834125518799,1
24,mut_24_20H5_cdr3_arom_F99A,pvrig_8x6b_chainB,0.3553270995616913,1
25,mut_25_20H5_cdr3_center_ala_scan,pvrig_8x6b_chainB,0.535077691078186,1
26,mut_26_20H5_fw_cons_D61E,pvrig_8x6b_chainB,0.569665253162384,1
27,mut_27_30H2_base_reference,pvrig_8x6b_chainB,0.5175036191940308,1
28,mut_28_30H2_cdr3_cons_T101S,pvrig_8x6b_chainB,0.4951373338699341,1
29,mut_29_30H2_cdr3_arom_W100A,pvrig_8x6b_chainB,0.35510873794555664,1
30,mut_30_30H2_cdr3_center_ala_scan,pvrig_8x6b_chainB,0.23508553206920624,0
31,mut_31_30H2_fw_cons_Y60F,pvrig_8x6b_chainB,0.46221667528152466,1
32,mut_32_39H4_base_reference,pvrig_8x6b_chainB,0.6053734421730042,1
33,mut_33_39H4_cdr3_cons_F99Y,pvrig_8x6b_chainB,0.563042938709259,1
34,mut_34_39H4_cdr3_arom_F99A,pvrig_8x6b_chainB,0.4756985902786255,1
35,mut_35_39H4_cdr3_center_ala_scan,pvrig_8x6b_chainB,0.572631299495697,1
36,mut_36_39H4_fw_cons_Y59F,pvrig_8x6b_chainB,0.5927410125732422,1
