mut_heavy_chain_seq,binding_score,log-likelihood (fixed backbone),log-likelihood
EVQLVESGGGLVQPGGSLRLSCAASGFNIKDTYIHWVRQAPGKGLEWVARIYPTNGYTRYADSVKGRFTISADTSKNTAYLQMNSLRAEDTAVYYCARWGGYGFYAMDYWGQGTLVTVSSA,9.2518119729938,-2.2553131580352783,-0.7140841484069824
EVQLVESGGGLVQPGGSLRLSCAASGFNIKDTYIHWVRQAPGKGLEWVARIYPTNGYTRYADSVKGRFTISADTSKNTAYLQMNSLRAEDTAVYYCTRWYYFIYYYMDVWGQGTLVTVSSA,9.060480747381382,-2.928025722503662,-2.971082925796509
EVQLVESGGGLVQPGGSLRLSCAASGFNIKDTYIHWVRQAPGKGLEWVARIYPTNGYTRYADSVKGRFTISADTSKNTAYLQMNSLRAEDTAVYYCTRYFFNGWYYFDVWGQGTLVTVSSA,9.0268721464003,-0.4005560576915741,-0.6052910089492798
EVQLVESGGGLVQPGGSLRLSCAASGFNIKDTYIHWVRQAPGKGLEWVARIYPTNGYTRYADSVKGRFTISADTSKNTAYLQMNSLRAEDTAVYYCARYYGYGGYWFAYWGQGTLVTVSSA,9.008773924307503,-0.1726551055908203,-2.995326519012451
EVQLVESGGGLVQPGGSLRLSCAASGFNIKDTYIHWVRQAPGKGLEWVARIYPTNGYTRYADSVKGRFTISADTSKNTAYLQMNSLRAEDTAVYYCSRWGGWGFYSMDYWGQGTLVTVSSA,8.97061622231479,-2.995333671569824,-0.036480408161878586
EVQLVESGGGLVQPGGSLRLSCAASGFNIKDTYIHWVRQAPGKGLEWVARIYPTNGYTRYADSVKGRFTISADTSKNTAYLQMNSLRAEDTAVYYCSRWHGYGFYAMDYWGQGTLVTVSSA,8.694648630553376,-1.0168635845184326,-0.4848683476448059
EVQLVESGGGLVQPGGSLRLSCAASGFNIKDTYIHWVRQAPGKGLEWVARIYPTNGYTRYADSVKGRFTISADTSKNTAYLQMNSLRAEDTAVYYCTRWLEGLSYFMDYWGQGTLVTVSSA,8.619788758288394,-0.5306066870689392,-0.8474835157394409
EVQLVESGGGLVQPGGSLRLSCAASGFNIKDTYIHWVRQAPGKGLEWVARIYPTNGYTRYADSVKGRFTISADTSKNTAYLQMNSLRAEDTAVYYCTRYGGRGAYYFDVWGQGTLVTVSSA,8.595166283380062,-0.547360360622406,-0.5318483710289001
EVQLVESGGGLVQPGGSLRLSCAASGFNIKDTYIHWVRQAPGKGLEWVARIYPTNGYTRYADSVKGRFTISADTSKNTAYLQMNSLRAEDTAVYYCARWPFYGPYNYDYWGQGTLVTVSSA,8.578396073130168,-0.6067079305648804,-0.38101157546043396
EVQLVESGGGLVQPGGSLRLSCAASGFNIKDTYIHWVRQAPGKGLEWVARIYPTNGYTRYADSVKGRFTISADTSKNTAYLQMNSLRAEDTAVYYCARWIDGYSYFMDYWGQGTLVTVSSA,8.578396073130168,-2.99573016166687,-0.9235996007919312
EVQLVESGGGLVQPGGSLRLSCAASGFNIKDTYIHWVRQAPGKGLEWVARIYPTNGYTRYADSVKGRFTISADTSKNTAYLQMNSLRAEDTAVYYCTRYYYGGPYYFDYWGQGTLVTVSSA,8.52432881167557,-1.9387400150299072,-1.0880415439605713
EVQLVESGGGLVQPGGSLRLSCAASGFNIKDTYIHWVRQAPGKGLEWVARIYPTNGYTRYADSVKGRFTISADTSKNTAYLQMNSLRAEDTAVYYCARYGLGDWYYFAYWGQGTLVTVSSA,8.522878745280337,-0.4105633795261383,-0.43916401267051697
EVQLVESGGGLVQPGGSLRLSCAASGFNIKDTYIHWVRQAPGKGLEWVARIYPTNGYTRYADSVKGRFTISADTSKNTAYLQMNSLRAEDTAVYYCARYEAYGLYPFGYWGQGTLVTVSSA,8.469800301796917,-0.31023600697517395,-1.9249461889266968
EVQLVESGGGLVQPGGSLRLSCAASGFNIKDTYIHWVRQAPGKGLEWVARIYPTNGYTRYADSVKGRFTISADTSKNTAYLQMNSLRAEDTAVYYCARWLGEGYYNFDYWGQGTLVTVSSA,8.465973893943865,-0.11297526210546494,-0.0979214459657669
EVQLVESGGGLVQPGGSLRLSCAASGFNIKDTYIHWVRQAPGKGLEWVARIYPTNGYTRYADSVKGRFTISADTSKNTAYLQMNSLRAEDTAVYYCSRWGGRGFYAMDYWGQGTLVTVSSA,8.455931955649724,-2.995333671569824,-0.1682315617799759
EVQLVESGGGLVQPGGSLRLSCAASGFNIKDTYIHWVRQAPGKGLEWVARIYPTNGYTRYADSVKGRFTISADTSKNTAYLQMNSLRAEDTAVYYCANDIYIQGYDLNRWGQGTLVTVSSA,8.399027104313252,-2.178567409515381,-2.9711437225341797
EVQLVESGGGLVQPGGSLRLSCAASGFNIKDTYIHWVRQAPGKGLEWVARIYPTNGYTRYADSVKGRFTISADTSKNTAYLQMNSLRAEDTAVYYCARWTAGYTYYMDYWGQGTLVTVSSA,8.388276691992658,-0.7712624669075012,-0.5940102934837341
EVQLVESGGGLVQPGGSLRLSCAASGFNIKDTYIHWVRQAPGKGLEWVARIYPTNGYTRYADSVKGRFTISADTSKNTAYLQMNSLRAEDTAVYYCTRWGYYGYYAMDYWGQGTLVTVSSA,8.341035157335565,-2.0967800617218018,-2.4377779960632324
EVQLVESGGGLVQPGGSLRLSCAASGFNIKDTYIHWVRQAPGKGLEWVARIYPTNGYTRYADSVKGRFTISADTSKNTAYLQMNSLRAEDTAVYYCARWWYYGYYYFDVWGQGTLVTVSSA,8.330683119433887,-0.2199472337961197,-0.050082989037036896
EVQLVESGGGLVQPGGSLRLSCAASGFNIKDTYIHWVRQAPGKGLEWVARIYPTNGYTRYADSVKGRFTISADTSKNTAYLQMNSLRAEDTAVYYCARWPGYGSYYMDVWGQGTLVTVSSA,8.316052869248487,-0.193795844912529,-0.4386442303657532
EVQLVESGGGLVQPGGSLRLSCAASGFNIKDTYIHWVRQAPGKGLEWVARIYPTNGYTRYADSVKGRFTISADTSKNTAYLQMNSLRAEDTAVYYCSRWGGPGLYAMDYWGQGTLVTVSSA,8.296708621881338,-0.11467964947223663,-0.8212370872497559
EVQLVESGGGLVQPGGSLRLSCAASGFNIKDTYIHWVRQAPGKGLEWVARIYPTNGYTRYADSVKGRFTISADTSKNTAYLQMNSLRAEDTAVYYCARWRGDGFYAMDYWGQGTLVTVSSA,8.29413628771608,-0.6696191430091858,-0.18148063123226166
EVQLVESGGGLVQPGGSLRLSCAASGFNIKDTYIHWVRQAPGKGLEWVARIYPTNGYTRYADSVKGRFTISADTSKNTAYLQMNSLRAEDTAVYYCVRYYGDGGYYFDYWGQGTLVTVSSA,8.271646217978772,-2.9889867305755615,-0.9104881286621094
EVQLVESGGGLVQPGGSLRLSCAASGFNIKDTYIHWVRQAPGKGLEWVARIYPTNGYTRYADSVKGRFTISADTSKNTAYLQMNSLRAEDTAVYYCARWYYYGYYYFDVWGQGTLVTVSSA,8.247183568811728,-0.43845805525779724,-2.9936418533325195
EVQLVESGGGLVQPGGSLRLSCAASGFNIKDTYIHWVRQAPGKGLEWVARIYPTNGYTRYADSVKGRFTISADTSKNTAYLQMNSLRAEDTAVYYCARWYYLGYYYFDYWGQGTLVTVSSA,8.201349354554731,-0.5484065413475037,-0.24364310503005981
EVQLVESGGGLVQPGGSLRLSCAASGFNIKDTYIHWVRQAPGKGLEWVARIYPTNGYTRYADSVKGRFTISADTSKNTAYLQMNSLRAEDTAVYYCARWWYGGYYYFDYWGQGTLVTVSSA,8.191114132640188,-0.37235939502716064,-0.5989193320274353
EVQLVESGGGLVQPGGSLRLSCAASGFNIKDTYIHWVRQAPGKGLEWVARIYPTNGYTRYADSVKGRFTISADTSKNTAYLQMNSLRAEDTAVYYCARWLYYGYYYFDYWGQGTLVTVSSA,8.187086643357144,-0.2755478620529175,-0.5223672389984131
EVQLVESGGGLVQPGGSLRLSCAASGFNIKDTYIHWVRQAPGKGLEWVARIYPTNGYTRYADSVKGRFTISADTSKNTAYLQMNSLRAEDTAVYYCARWWYGGYYYMDYWGQGTLVTVSSA,8.174573882232178,-0.00042537518311291933,-2.984881639480591
EVQLVESGGGLVQPGGSLRLSCAASGFNIKDTYIHWVRQAPGKGLEWVARIYPTNGYTRYADSVKGRFTISADTSKNTAYLQMNSLRAEDTAVYYCVRYGGWGFWYFDYWGQGTLVTVSSA,8.170053304058364,-0.11111537367105484,-2.569216728210449
EVQLVESGGGLVQPGGSLRLSCAASGFNIKDTYIHWVRQAPGKGLEWVARIYPTNGYTRYADSVKGRFTISADTSKNTAYLQMNSLRAEDTAVYYCTRYYYYGSYHFDYWGQGTLVTVSSA,8.16621562534352,-0.39944320917129517,-1.3886165618896484
EVQLVESGGGLVQPGGSLRLSCAASGFNIKDTYIHWVRQAPGKGLEWVARIYPTNGYTRYADSVKGRFTISADTSKNTAYLQMNSLRAEDTAVYYCARWGYSGWYVMDYWGQGTLVTVSSA,8.159266765388193,-0.43938973546028137,-0.763988196849823
EVQLVESGGGLVQPGGSLRLSCAASGFNIKDTYIHWVRQAPGKGLEWVARIYPTNGYTRYADSVKGRFTISADTSKNTAYLQMNSLRAEDTAVYYCARWEGIGGYYFVYWGQGTLVTVSSA,8.153044674980176,-1.1073969602584839,-1.6377955675125122
EVQLVESGGGLVQPGGSLRLSCAASGFNIKDTYIHWVRQAPGKGLEWVARIYPTNGYTRYADSVKGRFTISADTSKNTAYLQMNSLRAEDTAVYYCARWYYGYYYYFDVWGQGTLVTVSSA,8.152427340857887,-2.995333194732666,-2.372549533843994
EVQLVESGGGLVQPGGSLRLSCAASGFNIKDTYIHWVRQAPGKGLEWVARIYPTNGYTRYADSVKGRFTISADTSKNTAYLQMNSLRAEDTAVYYCARYFYDYYYYFDFWGQGTLVTVSSA,8.148130399270233,-1.0610989332199097,-2.68447208404541
EVQLVESGGGLVQPGGSLRLSCAASGFNIKDTYIHWVRQAPGKGLEWVARIYPTNGYTRYADSVKGRFTISADTSKNTAYLQMNSLRAEDTAVYYCARYGDGYYYYFAYWGQGTLVTVSSA,8.136082623042139,-2.9061379432678223,-1.3304678201675415
EVQLVESGGGLVQPGGSLRLSCAASGFNIKDTYIHWVRQAPGKGLEWVARIYPTNGYTRYADSVKGRFTISADTSKNTAYLQMNSLRAEDTAVYYCARYGGSYFYYYSYWGQGTLVTVSSA,8.136082623042139,-0.1443767547607422,-0.29459431767463684
EVQLVESGGGLVQPGGSLRLSCAASGFNIKDTYIHWVRQAPGKGLEWVARIYPTNGYTRYADSVKGRFTISADTSKNTAYLQMNSLRAEDTAVYYCARWYGYGGYYFDYWGQGTLVTVSSA,8.129011186239424,-0.5502712726593018,-0.10998512804508209
EVQLVESGGGLVQPGGSLRLSCAASGFNIKDTYIHWVRQAPGKGLEWVARIYPTNGYTRYADSVKGRFTISADTSKNTAYLQMNSLRAEDTAVYYCTRNYYDYYYYFDYWGQGTLVTVSSA,8.122628654130226,-2.0954384803771973,-2.4398019313812256
EVQLVESGGGLVQPGGSLRLSCAASGFNIKDTYIHWVRQAPGKGLEWVARIYPTNGYTRYADSVKGRFTISADTSKNTAYLQMNSLRAEDTAVYYCARWKGYGHYYMDYWGQGTLVTVSSA,8.114073660198569,-1.1082420349121094,-0.07202362269163132
EVQLVESGGGLVQPGGSLRLSCAASGFNIKDTYIHWVRQAPGKGLEWVARIYPTNGYTRYADSVKGRFTISADTSKNTAYLQMNSLRAEDTAVYYCARWYYGHYYYMDYWGQGTLVTVSSA,8.10902040301031,-2.477640151977539,-2.909376621246338
EVQLVESGGGLVQPGGSLRLSCAASGFNIKDTYIHWVRQAPGKGLEWVARIYPTNGYTRYADSVKGRFTISADTSKNTAYLQMNSLRAEDTAVYYCARWGYDYYYMMDVWGQGTLVTVSSA,8.09963287134353,-0.5147591829299927,-0.3660918176174164
EVQLVESGGGLVQPGGSLRLSCAASGFNIKDTYIHWVRQAPGKGLEWVARIYPTNGYTRYADSVKGRFTISADTSKNTAYLQMNSLRAEDTAVYYCARYYGYGGYYFDYWGQGTLVTVSSA,8.094204119632131,-0.2394603192806244,-0.33338093757629395
EVQLVESGGGLVQPGGSLRLSCAASGFNIKDTYIHWVRQAPGKGLEWVARIYPTNGYTRYADSVKGRFTISADTSKNTAYLQMNSLRAEDTAVYYCARWGGPGYYAFVWWGQGTLVTVSSA,8.092588639225413,-0.6268506050109863,-2.1450958251953125
EVQLVESGGGLVQPGGSLRLSCAASGFNIKDTYIHWVRQAPGKGLEWVARIYPTNGYTRYADSVKGRFTISADTSKNTAYLQMNSLRAEDTAVYYCARWRQDGAYYLDYWGQGTLVTVSSA,8.090979145788845,-2.2567427158355713,-0.862714409828186
EVQLVESGGGLVQPGGSLRLSCAASGFNIKDTYIHWVRQAPGKGLEWVARIYPTNGYTRYADSVKGRFTISADTSKNTAYLQMNSLRAEDTAVYYCARYYGYGGYWYDTWGQGTLVTVSSA,8.086716098239581,-0.27511173486709595,-0.8541816473007202
EVQLVESGGGLVQPGGSLRLSCAASGFNIKDTYIHWVRQAPGKGLEWVARIYPTNGYTRYADSVKGRFTISADTSKNTAYLQMNSLRAEDTAVYYCARWVYGYYYYFDYWGQGTLVTVSSA,8.086186147616283,-0.21932858228683472,-0.6004652380943298
EVQLVESGGGLVQPGGSLRLSCAASGFNIKDTYIHWVRQAPGKGLEWVARIYPTNGYTRYADSVKGRFTISADTSKNTAYLQMNSLRAEDTAVYYCARWYYYGGYYFDYWGQGTLVTVSSA,8.081445469449726,-1.0613892078399658,-0.41202428936958313
EVQLVESGGGLVQPGGSLRLSCAASGFNIKDTYIHWVRQAPGKGLEWVARIYPTNGYTRYADSVKGRFTISADTSKNTAYLQMNSLRAEDTAVYYCARNYYDLYYYFDYWGQGTLVTVSSA,8.075204004202089,-0.18730449676513672,-0.4795059561729431
EVQLVESGGGLVQPGGSLRLSCAASGFNIKDTYIHWVRQAPGKGLEWVARIYPTNGYTRYADSVKGRFTISADTSKNTAYLQMNSLRAEDTAVYYCARYYYDYYYYFDYWGQGTLVTVSSA,8.073657553374344,-0.9375091791152954,-1.5051515102386475
EVQLVESGGGLVQPGGSLRLSCAASGFNIKDTYIHWVRQAPGKGLEWVARIYPTNGYTRYADSVKGRFTISADTSKNTAYLQMNSLRAEDTAVYYCARWGYGGAYYMDYWGQGTLVTVSSA,8.073143291050307,-0.11156129837036133,-2.9953274726867676
EVQLVESGGGLVQPGGSLRLSCAASGFNIKDTYIHWVRQAPGKGLEWVARIYPTNGYTRYADSVKGRFTISADTSKNTAYLQMNSLRAEDTAVYYCARWYYYGYYYMDVWGQGTLVTVSSA,8.0695604052333,-0.6256574392318726,-0.585736870765686
EVQLVESGGGLVQPGGSLRLSCAASGFNIKDTYIHWVRQAPGKGLEWVARIYPTNGYTRYADSVKGRFTISADTSKNTAYLQMNSLRAEDTAVYYCTSIFSGGYYGLDSWGQGTLVTVSSA,8.067019178076801,-0.11866994947195053,-2.510714530944824
EVQLVESGGGLVQPGGSLRLSCAASGFNIKDTYIHWVRQAPGKGLEWVARIYPTNGYTRYADSVKGRFTISADTSKNTAYLQMNSLRAEDTAVYYCARWYYYGAYYFDYWGQGTLVTVSSA,8.061480274823507,-2.8114686012268066,-2.9095518589019775
EVQLVESGGGLVQPGGSLRLSCAASGFNIKDTYIHWVRQAPGKGLEWVARIYPTNGYTRYADSVKGRFTISADTSKNTAYLQMNSLRAEDTAVYYCTRYGSFHYYYFDVWGQGTLVTVSSA,8.05898575629443,-1.0599943399429321,-2.9947311878204346
EVQLVESGGGLVQPGGSLRLSCAASGFNIKDTYIHWVRQAPGKGLEWVARIYPTNGYTRYADSVKGRFTISADTSKNTAYLQMNSLRAEDTAVYYCARWGGYGYYYMDVWGQGTLVTVSSA,8.056505484093897,-1.0180052518844604,-2.9848668575286865
EVQLVESGGGLVQPGGSLRLSCAASGFNIKDTYIHWVRQAPGKGLEWVARIYPTNGYTRYADSVKGRFTISADTSKNTAYLQMNSLRAEDTAVYYCTRFIDNGPYYFDYWGQGTLVTVSSA,8.049635145623878,-0.6231408715248108,-1.7026177644729614
EVQLVESGGGLVQPGGSLRLSCAASGFNIKDTYIHWVRQAPGKGLEWVARIYPTNGYTRYADSVKGRFTISADTSKNTAYLQMNSLRAEDTAVYYCARYLSAVYYYMDHWGQGTLVTVSSA,8.041914151478915,-0.13362900912761688,-0.32221075892448425
EVQLVESGGGLVQPGGSLRLSCAASGFNIKDTYIHWVRQAPGKGLEWVARIYPTNGYTRYADSVKGRFTISADTSKNTAYLQMNSLRAEDTAVYYCTRYASGYFYAFDYWGQGTLVTVSSA,8.03905380426617,-0.48219314217567444,-2.930192708969116
EVQLVESGGGLVQPGGSLRLSCAASGFNIKDTYIHWVRQAPGKGLEWVARIYPTNGYTRYADSVKGRFTISADTSKNTAYLQMNSLRAEDTAVYYCTLWGLPMMYVYFFWGQGTLVTVSSA,8.036212172654444,-0.14541636407375336,-2.9606564044952393
EVQLVESGGGLVQPGGSLRLSCAASGFNIKDTYIHWVRQAPGKGLEWVARIYPTNGYTRYADSVKGRFTISADTSKNTAYLQMNSLRAEDTAVYYCARWLYYGLYYFDVWGQGTLVTVSSA,8.03526907894637,-1.3751111030578613,-2.77978777885437
EVQLVESGGGLVQPGGSLRLSCAASGFNIKDTYIHWVRQAPGKGLEWVARIYPTNGYTRYADSVKGRFTISADTSKNTAYLQMNSLRAEDTAVYYCARWGEFGPYYFDYWGQGTLVTVSSA,8.034328028779893,-0.46818795800209045,-2.9303135871887207
EVQLVESGGGLVQPGGSLRLSCAASGFNIKDTYIHWVRQAPGKGLEWVARIYPTNGYTRYADSVKGRFTISADTSKNTAYLQMNSLRAEDTAVYYCARWTERGFYSFDIWGQGTLVTVSSA,8.032452023781138,-2.7211790084838867,-2.9890241622924805
EVQLVESGGGLVQPGGSLRLSCAASGFNIKDTYIHWVRQAPGKGLEWVARIYPTNGYTRYADSVKGRFTISADTSKNTAYLQMNSLRAEDTAVYYCARWGYYGYYYFDVWGQGTLVTVSSA,8.0195421077239,-0.5306612253189087,-0.32657188177108765
EVQLVESGGGLVQPGGSLRLSCAASGFNIKDTYIHWVRQAPGKGLEWVARIYPTNGYTRYADSVKGRFTISADTSKNTAYLQMNSLRAEDTAVYYCARYYGYGGYYMDYWGQGTLVTVSSA,8.003926345514724,-0.2719891667366028,-2.99560546875
EVQLVESGGGLVQPGGSLRLSCAASGFNIKDTYIHWVRQAPGKGLEWVARIYPTNGYTRYADSVKGRFTISADTSKNTAYLQMNSLRAEDTAVYYCAKFAYYGPYHFDPWGQGTLVTVSSA,7.99481948749622,-2.2591171264648438,-0.5388917326927185
EVQLVESGGGLVQPGGSLRLSCAASGFNIKDTYIHWVRQAPGKGLEWVARIYPTNGYTRYADSVKGRFTISADTSKNTAYLQMNSLRAEDTAVYYCARWYGYGYYFMDVWGQGTLVTVSSA,7.9931062920521,-0.11666638404130936,-0.8201318979263306
EVQLVESGGGLVQPGGSLRLSCAASGFNIKDTYIHWVRQAPGKGLEWVARIYPTNGYTRYADSVKGRFTISADTSKNTAYLQMNSLRAEDTAVYYCARWGGGGYYFMDYWGQGTLVTVSSA,7.978810700930062,-0.9766380786895752,-2.99573016166687
EVQLVESGGGLVQPGGSLRLSCAASGFNIKDTYIHWVRQAPGKGLEWVARIYPTNGYTRYADSVKGRFTISADTSKNTAYLQMNSLRAEDTAVYYCARWYGFGGYYFDYWGQGTLVTVSSA,7.971022294791222,-1.638622522354126,-0.12789374589920044
EVQLVESGGGLVQPGGSLRLSCAASGFNIKDTYIHWVRQAPGKGLEWVARIYPTNGYTRYADSVKGRFTISADTSKNTAYLQMNSLRAEDTAVYYCARWLGSGYYWFDYWGQGTLVTVSSA,7.962573502059376,-0.467751145362854,-2.99573016166687
EVQLVESGGGLVQPGGSLRLSCAASGFNIKDTYIHWVRQAPGKGLEWVARIYPTNGYTRYADSVKGRFTISADTSKNTAYLQMNSLRAEDTAVYYCARWYYYGRYYFDYWGQGTLVTVSSA,7.958607314841775,-2.098945379257202,-1.2208834886550903
EVQLVESGGGLVQPGGSLRLSCAASGFNIKDTYIHWVRQAPGKGLEWVARIYPTNGYTRYADSVKGRFTISADTSKNTAYLQMNSLRAEDTAVYYCTPYDVLGSYYFRVWGQGTLVTVSSA,7.94692155651658,-0.07226982712745667,-2.9606387615203857
EVQLVESGGGLVQPGGSLRLSCAASGFNIKDTYIHWVRQAPGKGLEWVARIYPTNGYTRYADSVKGRFTISADTSKNTAYLQMNSLRAEDTAVYYCTRWGGYGYYAMDYWGQGTLVTVSSA,7.946537395074545,-1.057553768157959,-2.909444570541382
EVQLVESGGGLVQPGGSLRLSCAASGFNIKDTYIHWVRQAPGKGLEWVARIYPTNGYTRYADSVKGRFTISADTSKNTAYLQMNSLRAEDTAVYYCSRYYAGGWYYFDYWGQGTLVTVSSA,7.929962133392245,-0.2776331901550293,-0.16881155967712402
EVQLVESGGGLVQPGGSLRLSCAASGFNIKDTYIHWVRQAPGKGLEWVARIYPTNGYTRYADSVKGRFTISADTSKNTAYLQMNSLRAEDTAVYYCARWYGGGYYYMDYWGQGTLVTVSSA,7.926648297613099,-0.2622910141944885,-0.22990228235721588
EVQLVESGGGLVQPGGSLRLSCAASGFNIKDTYIHWVRQAPGKGLEWVARIYPTNGYTRYADSVKGRFTISADTSKNTAYLQMNSLRAEDTAVYYCTRYGGYGYYYMDYWGQGTLVTVSSA,7.920818753952375,-0.8317357897758484,-0.050074849277734756
EVQLVESGGGLVQPGGSLRLSCAASGFNIKDTYIHWVRQAPGKGLEWVARIYPTNGYTRYADSVKGRFTISADTSKNTAYLQMNSLRAEDTAVYYCTRYRGPYYYYFDPWGQGTLVTVSSA,7.918292729902651,-2.993666172027588,-0.7611271142959595
EVQLVESGGGLVQPGGSLRLSCAASGFNIKDTYIHWVRQAPGKGLEWVARIYPTNGYTRYADSVKGRFTISADTSKNTAYLQMNSLRAEDTAVYYCVRWGVGAYYNFDYWGQGTLVTVSSA,7.91721462968355,-0.32486701011657715,-1.9991867542266846
EVQLVESGGGLVQPGGSLRLSCAASGFNIKDTYIHWVRQAPGKGLEWVARIYPTNGYTRYADSVKGRFTISADTSKNTAYLQMNSLRAEDTAVYYCTRYDYDYYYYFDYWGQGTLVTVSSA,7.913284336055118,-0.831299364566803,-2.2970597743988037
EVQLVESGGGLVQPGGSLRLSCAASGFNIKDTYIHWVRQAPGKGLEWVARIYPTNGYTRYADSVKGRFTISADTSKNTAYLQMNSLRAEDTAVYYCARWYYYGGYYFDVWGQGTLVTVSSA,7.903437561625864,-0.441497802734375,-0.8278060555458069
EVQLVESGGGLVQPGGSLRLSCAASGFNIKDTYIHWVRQAPGKGLEWVARIYPTNGYTRYADSVKGRFTISADTSKNTAYLQMNSLRAEDTAVYYCARWRYGYYYYMDYWGQGTLVTVSSA,7.893809102736585,-0.3399457037448883,-2.99573016166687
EVQLVESGGGLVQPGGSLRLSCAASGFNIKDTYIHWVRQAPGKGLEWVARIYPTNGYTRYADSVKGRFTISADTSKNTAYLQMNSLRAEDTAVYYCTRWAFDGVYYMDYWGQGTLVTVSSA,7.891434976267166,-0.19826841354370117,-0.5491622686386108
EVQLVESGGGLVQPGGSLRLSCAASGFNIKDTYIHWVRQAPGKGLEWVARIYPTNGYTRYADSVKGRFTISADTSKNTAYLQMNSLRAEDTAVYYCTRYYYGLYYYMDVWGQGTLVTVSSA,7.888065723667318,-1.0607986450195312,-1.0351401567459106
EVQLVESGGGLVQPGGSLRLSCAASGFNIKDTYIHWVRQAPGKGLEWVARIYPTNGYTRYADSVKGRFTISADTSKNTAYLQMNSLRAEDTAVYYCARWRGDGGYYFDYWGQGTLVTVSSA,7.882728704344236,-2.945829153060913,-0.49723872542381287
EVQLVESGGGLVQPGGSLRLSCAASGFNIKDTYIHWVRQAPGKGLEWVARIYPTNGYTRYADSVKGRFTISADTSKNTAYLQMNSLRAEDTAVYYCVRYGFDGSYYFDPWGQGTLVTVSSA,7.880744110722063,-0.5861974358558655,-0.8479375243186951
EVQLVESGGGLVQPGGSLRLSCAASGFNIKDTYIHWVRQAPGKGLEWVARIYPTNGYTRYADSVKGRFTISADTSKNTAYLQMNSLRAEDTAVYYCARYVGLGGYPLGYWGQGTLVTVSSA,7.879097182385473,-0.21220968663692474,-0.06421855837106705
EVQLVESGGGLVQPGGSLRLSCAASGFNIKDTYIHWVRQAPGKGLEWVARIYPTNGYTRYADSVKGRFTISADTSKNTAYLQMNSLRAEDTAVYYCARWYYYGYYAMDVWGQGTLVTVSSA,7.875169850586141,-0.2648675739765167,-2.779879331588745
EVQLVESGGGLVQPGGSLRLSCAASGFNIKDTYIHWVRQAPGKGLEWVARIYPTNGYTRYADSVKGRFTISADTSKNTAYLQMNSLRAEDTAVYYCARWGYYGNYYFDYWGQGTLVTVSSA,7.872895201635193,-0.23285697400569916,-1.2302608489990234
EVQLVESGGGLVQPGGSLRLSCAASGFNIKDTYIHWVRQAPGKGLEWVARIYPTNGYTRYADSVKGRFTISADTSKNTAYLQMNSLRAEDTAVYYCVRWGGYGYYAMDYWGQGTLVTVSSA,7.870310107800699,-0.5114911198616028,-5.769080871687038e-06
EVQLVESGGGLVQPGGSLRLSCAASGFNIKDTYIHWVRQAPGKGLEWVARIYPTNGYTRYADSVKGRFTISADTSKNTAYLQMNSLRAEDTAVYYCARWRGYGSYAMDVWGQGTLVTVSSA,7.866461091629783,-2.9890174865722656,-2.994732141494751
EVQLVESGGGLVQPGGSLRLSCAASGFNIKDTYIHWVRQAPGKGLEWVARIYPTNGYTRYADSVKGRFTISADTSKNTAYLQMNSLRAEDTAVYYCARWWYGGYYFFDYWGQGTLVTVSSA,7.863279432843593,-0.40977075695991516,-1.7749453783035278
EVQLVESGGGLVQPGGSLRLSCAASGFNIKDTYIHWVRQAPGKGLEWVARIYPTNGYTRYADSVKGRFTISADTSKNTAYLQMNSLRAEDTAVYYCARYGSSYYYYFDYWGQGTLVTVSSA,7.856985199745905,-2.991853713989258,-0.04307509958744049
EVQLVESGGGLVQPGGSLRLSCAASGFNIKDTYIHWVRQAPGKGLEWVARIYPTNGYTRYADSVKGRFTISADTSKNTAYLQMNSLRAEDTAVYYCARHFGVASYSFDYWGQGTLVTVSSA,7.856360764725457,-0.24433350563049316,-0.0849156528711319
EVQLVESGGGLVQPGGSLRLSCAASGFNIKDTYIHWVRQAPGKGLEWVARIYPTNGYTRYADSVKGRFTISADTSKNTAYLQMNSLRAEDTAVYYCARYGGYGGYYFDYWGQGTLVTVSSA,7.853871964321762,-2.9788222312927246,-2.995605230331421
EVQLVESGGGLVQPGGSLRLSCAASGFNIKDTYIHWVRQAPGKGLEWVARIYPTNGYTRYADSVKGRFTISADTSKNTAYLQMNSLRAEDTAVYYCAKYGATGWYYFDYWGQGTLVTVSSA,7.850165303284215,-2.984842538833618,-2.9608356952667236
EVQLVESGGGLVQPGGSLRLSCAASGFNIKDTYIHWVRQAPGKGLEWVARIYPTNGYTRYADSVKGRFTISADTSKNTAYLQMNSLRAEDTAVYYCARYGYYGPYYFDYWGQGTLVTVSSA,7.844663962534939,-2.9918553829193115,-2.6302437782287598
EVQLVESGGGLVQPGGSLRLSCAASGFNIKDTYIHWVRQAPGKGLEWVARIYPTNGYTRYADSVKGRFTISADTSKNTAYLQMNSLRAEDTAVYYCTRYGYGGPYWFDYWGQGTLVTVSSA,7.843450848668219,-1.3144642114639282,-1.4381316900253296
EVQLVESGGGLVQPGGSLRLSCAASGFNIKDTYIHWVRQAPGKGLEWVARIYPTNGYTRYADSVKGRFTISADTSKNTAYLQMNSLRAEDTAVYYCARYRGVWYYDFDNWGQGTLVTVSSA,7.838631997765025,-0.2754526138305664,-1.9987800121307373
EVQLVESGGGLVQPGGSLRLSCAASGFNIKDTYIHWVRQAPGKGLEWVARIYPTNGYTRYADSVKGRFTISADTSKNTAYLQMNSLRAEDTAVYYCARYLQLGPYYFDYWGQGTLVTVSSA,7.832682665251823,-1.1535855531692505,-0.14141909778118134
EVQLVESGGGLVQPGGSLRLSCAASGFNIKDTYIHWVRQAPGKGLEWVARIYPTNGYTRYADSVKGRFTISADTSKNTAYLQMNSLRAEDTAVYYCARWYYGYYYWFDVWGQGTLVTVSSA,7.826813731587726,-2.7686798572540283,-1.573093295097351
EVQLVESGGGLVQPGGSLRLSCAASGFNIKDTYIHWVRQAPGKGLEWVARIYPTNGYTRYADSVKGRFTISADTSKNTAYLQMNSLRAEDTAVYYCARWWGGGAYYFDYWGQGTLVTVSSA,7.826813731587726,-2.3321871757507324,-0.5215898752212524
EVQLVESGGGLVQPGGSLRLSCAASGFNIKDTYIHWVRQAPGKGLEWVARIYPTNGYTRYADSVKGRFTISADTSKNTAYLQMNSLRAEDTAVYYCAKYLGQEAYAYFSWGQGTLVTVSSA,7.826813731587726,-1.503414511680603,-0.4651493728160858
EVQLVESGGGLVQPGGSLRLSCAASGFNIKDTYIHWVRQAPGKGLEWVARIYPTNGYTRYADSVKGRFTISADTSKNTAYLQMNSLRAEDTAVYYCARWDSGGPYYFDSWGQGTLVTVSSA,7.812479279163537,-2.978825092315674,-1.173449993133545
EVQLVESGGGLVQPGGSLRLSCAASGFNIKDTYIHWVRQAPGKGLEWVARIYPTNGYTRYADSVKGRFTISADTSKNTAYLQMNSLRAEDTAVYYCARYGSRYYYYFDYWGQGTLVTVSSA,7.804100347590766,-2.4782216548919678,-1.0427323579788208
EVQLVESGGGLVQPGGSLRLSCAASGFNIKDTYIHWVRQAPGKGLEWVARIYPTNGYTRYADSVKGRFTISADTSKNTAYLQMNSLRAEDTAVYYCARYGSGYYYYFDYWGQGTLVTVSSA,7.804100347590766,-0.5483208298683167,-2.971081256866455
EVQLVESGGGLVQPGGSLRLSCAASGFNIKDTYIHWVRQAPGKGLEWVARIYPTNGYTRYADSVKGRFTISADTSKNTAYLQMNSLRAEDTAVYYCARWLAGYNYYFDVWGQGTLVTVSSA,7.802995271976954,-0.2294108122587204,-0.23462596535682678
EVQLVESGGGLVQPGGSLRLSCAASGFNIKDTYIHWVRQAPGKGLEWVARIYPTNGYTRYADSVKGRFTISADTSKNTAYLQMNSLRAEDTAVYYCARYTYFGSFDFDYWGQGTLVTVSSA,7.802443786846464,-0.3516993522644043,-2.9936394691467285
EVQLVESGGGLVQPGGSLRLSCAASGFNIKDTYIHWVRQAPGKGLEWVARIYPTNGYTRYADSVKGRFTISADTSKNTAYLQMNSLRAEDTAVYYCARWLRALGYYMDYWGQGTLVTVSSA,7.79997073344623,-0.43828654289245605,-1.0031719207763672
EVQLVESGGGLVQPGGSLRLSCAASGFNIKDTYIHWVRQAPGKGLEWVARIYPTNGYTRYADSVKGRFTISADTSKNTAYLQMNSLRAEDTAVYYCVRWYGYGYYYMDYWGQGTLVTVSSA,7.795608668080701,-2.097001075744629,-0.16790582239627838
EVQLVESGGGLVQPGGSLRLSCAASGFNIKDTYIHWVRQAPGKGLEWVARIYPTNGYTRYADSVKGRFTISADTSKNTAYLQMNSLRAEDTAVYYCARWYYGYAYYMDYWGQGTLVTVSSA,7.791289980093599,-0.1344262659549713,-0.6499096751213074
EVQLVESGGGLVQPGGSLRLSCAASGFNIKDTYIHWVRQAPGKGLEWVARIYPTNGYTRYADSVKGRFTISADTSKNTAYLQMNSLRAEDTAVYYCARYWGLGGYYFDHWGQGTLVTVSSA,7.783042792638903,-0.41362079977989197,-2.9918274879455566
EVQLVESGGGLVQPGGSLRLSCAASGFNIKDTYIHWVRQAPGKGLEWVARIYPTNGYTRYADSVKGRFTISADTSKNTAYLQMNSLRAEDTAVYYCVRYGFYGYYYFDYWGQGTLVTVSSA,7.782516055786094,-0.3961206376552582,-0.522635281085968
EVQLVESGGGLVQPGGSLRLSCAASGFNIKDTYIHWVRQAPGKGLEWVARIYPTNGYTRYADSVKGRFTISADTSKNTAYLQMNSLRAEDTAVYYCARWLAFGYYAMDYWGQGTLVTVSSA,7.775466937393914,-1.4343807697296143,-0.1783212423324585
EVQLVESGGGLVQPGGSLRLSCAASGFNIKDTYIHWVRQAPGKGLEWVARIYPTNGYTRYADSVKGRFTISADTSKNTAYLQMNSLRAEDTAVYYCAKYINAYSYAFFDWGQGTLVTVSSA,7.770830297460899,-2.1787638664245605,-2.2964329719543457
EVQLVESGGGLVQPGGSLRLSCAASGFNIKDTYIHWVRQAPGKGLEWVARIYPTNGYTRYADSVKGRFTISADTSKNTAYLQMNSLRAEDTAVYYCARYSGYGLYPYAYWGQGTLVTVSSA,7.759201228882668,-0.5482645630836487,-0.7895984649658203
EVQLVESGGGLVQPGGSLRLSCAASGFNIKDTYIHWVRQAPGKGLEWVARIYPTNGYTRYADSVKGRFTISADTSKNTAYLQMNSLRAEDTAVYYCAKYAYYGDFWGSVWGQGTLVTVSSA,7.757707095017069,-0.4692460298538208,-0.16716593503952026
EVQLVESGGGLVQPGGSLRLSCAASGFNIKDTYIHWVRQAPGKGLEWVARIYPTNGYTRYADSVKGRFTISADTSKNTAYLQMNSLRAEDTAVYYCTRYEYQDYYHFDYWGQGTLVTVSSA,7.733768303310107,-0.7186213731765747,-2.9918534755706787
EVQLVESGGGLVQPGGSLRLSCAASGFNIKDTYIHWVRQAPGKGLEWVARIYPSNGYTRYADSVKGRFTISADTSKNTAYLQMNSLRAEDTAVYYCARYGGSYAYYFYYWGQGTLVTVSSA,7.730487055782084,-0.1487913578748703,-1.3345561027526855
EVQLVESGGGLVQPGGSLRLSCAASGFNIKDTYIHWVRQAPGKGLEWVARIYPTNGYTRYADSVKGRFTISADTSKNTAYLQMNSLRAEDTAVYYCARWYGQVFYAMDYWGQGTLVTVSSA,7.729554091982037,-2.6092047691345215,-1.57239830493927
EVQLVESGGGLVQPGGSLRLSCAASGFNIKDTYIHWVRQAPGKGLEWVARIYPTNGYTRYADSVKGRFTISADTSKNTAYLQMNSLRAEDTAVYYCARYYGVGPYSMDVWGQGTLVTVSSA,7.721246399047171,-0.7732552886009216,-1.3910726308822632
EVQLVESGGGLVQPGGSLRLSCAASGFNIKDTYIHWVRQAPGKGLEWVARIYPTNGYTRYADSVKGRFTISADTSKNTAYLQMNSLRAEDTAVYYCARWGYGGYYYFDYWGQGTLVTVSSA,7.718966632752273,-1.9376944303512573,-0.43445852398872375
EVQLVESGGGLVQPGGSLRLSCAASGFNIKDTYIHWVRQAPGKGLEWVARIYPTNGYTRYADSVKGRFTISADTSKNTAYLQMNSLRAEDTAVYYCASYGLDGYYYFDVWGQGTLVTVSSA,7.7146677723561154,-0.7804596424102783,-0.31588107347488403
EVQLVESGGGLVQPGGSLRLSCAASGFNIKDTYIHWVRQAPGKGLEWVARIYPTNGYTRYADSVKGRFTISADTSKNTAYLQMNSLRAEDTAVYYCARWNYYGYYYFDYWGQGTLVTVSSA,7.712646227285253,-0.24193234741687775,-0.21369312703609467
EVQLVESGGGLVQPGGSLRLSCAASGFNIKDTYIHWVRQAPGKGLEWVARIYPTNGYTRYADSVKGRFTISADTSKNTAYLQMNSLRAEDTAVYYCARWGYDYYYAMDYWGQGTLVTVSSA,7.712198270069774,-2.9788615703582764,-6.930088602530304e-06
EVQLVESGGGLVQPGGSLRLSCAASGFNIKDTYIHWVRQAPGKGLEWVARIYPTNGYTRYADSVKGRFTISADTSKNTAYLQMNSLRAEDTAVYYCARYYSYGQYAFDPWGQGTLVTVSSA,7.711750774428014,-1.061780333518982,-0.1035735234618187
EVQLVESGGGLVQPGGSLRLSCAASGFNIKDTYIHWVRQAPGKGLEWVARIYPTNGYTRYADSVKGRFTISADTSKNTAYLQMNSLRAEDTAVYYCARYGGGGRYYFDYWGQGTLVTVSSA,7.707743928643524,-2.177184820175171,-6.495035904663382e-06
EVQLVESGGGLVQPGGSLRLSCAASGFNIKDTYIHWVRQAPGKGLEWVARIYPTNGYTRYADSVKGRFTISADTSKNTAYLQMNSLRAEDTAVYYCARYWYGGYYYFDYWGQGTLVTVSSA,7.706416486503883,-2.9957072734832764,-2.9957070350646973
EVQLVESGGGLVQPGGSLRLSCAASGFNIKDTYIHWVRQAPGKGLEWVARIYPTNGYTRYADSVKGRFTISADTSKNTAYLQMNSLRAEDTAVYYCTRWLYYSAYYFDFWGQGTLVTVSSA,7.704432900037521,-0.1987489014863968,-1.2806400060653687
EVQLVESGGGLVQPGGSLRLSCAASGFNIKDTYIHWVRQAPGKGLEWVARIYPTNGYTRYADSVKGRFTISADTSKNTAYLQMNSLRAEDTAVYYCARYAHYGPYYFDFWGQGTLVTVSSA,7.703334809738469,-2.9953343868255615,-1.7067615985870361
EVQLVESGGGLVQPGGSLRLSCAASGFNIKDTYIHWVRQAPGKGLEWVARIYPTNGYTRYADSVKGRFTISADTSKNTAYLQMNSLRAEDTAVYYCVRYGSDVYYYFDIWGQGTLVTVSSA,7.701802132890185,-0.2938632369041443,-1.277735948562622
EVQLVESGGGLVQPGGSLRLSCAASGFNIKDTYIHWVRQAPGKGLEWVARIYPTNGYTRYADSVKGRFTISADTSKNTAYLQMNSLRAEDTAVYYCARWLTGLSYNWDYWGQGTLVTVSSA,7.698752911363789,-2.995332717895508,-0.25059401988983154
EVQLVESGGGLVQPGGSLRLSCAASGFNIKDTYIHWVRQAPGKGLEWVARIYPTNGYTRYADSVKGRFTISADTSKNTAYLQMNSLRAEDTAVYYCARWYYGGYYAMDYWGQGTLVTVSSA,7.696803942579511,-2.545254945755005,-1.0764949321746826
EVQLVESGGGLVQPGGSLRLSCAASGFNIKDTYIHWVRQAPGKGLEWVARIYPTNGYTRYADSVKGRFTISADTSKNTAYLQMNSLRAEDTAVYYCARYYGYGYYYFHYWGQGTLVTVSSA,7.695078838099108,-0.1125006452202797,-0.29820528626441956
EVQLVESGGGLVQPGGSLRLSCAASGFNIKDTYIHWVRQAPGKGLEWVARIYPTNGYTRYADSVKGRFTISADTSKNTAYLQMNSLRAEDTAVYYCARWGSIGYYAFDHWGQGTLVTVSSA,7.688246138944246,-2.9599008560180664,-0.2885507345199585
EVQLVESGGGLVQPGGSLRLSCAASGFNIKDTYIHWVRQAPGKGLEWVARIYPTNGYTRYADSVKGRFTISADTSKNTAYLQMNSLRAEDTAVYYCARWGGYGGYYFDYWGQGTLVTVSSA,7.686343653381969,-1.2061891555786133,-2.0720248222351074
EVQLVESGGGLVQPGGSLRLSCAASGFNIKDTYIHWVRQAPGKGLEWVARIYPTNGYTRYADSVKGRFTISADTSKNTAYLQMNSLRAEDTAVYYCARYGNYYYYYFDYWGQGTLVTVSSA,7.67778070526608,-0.7202101945877075,-0.6810554265975952
EVQLVESGGGLVQPGGSLRLSCAASGFNIKDTYIHWVRQAPGKGLEWVARIYPTNGYTRYADSVKGRFTISADTSKNTAYLQMNSLRAEDTAVYYCARWGYGYSYYFDVWGQGTLVTVSSA,7.675717544702308,-2.9706509113311768,-2.0016629695892334
EVQLVESGGGLVQPGGSLRLSCAASGFNIKDTYIHWVRQAPGKGLEWVARIYPTNGYTRYADSVKGRFTISADTSKNTAYLQMNSLRAEDTAVYYCARYTSVGIYAFNYWGQGTLVTVSSA,7.667561540084395,-1.15581476688385,-0.5768530368804932
EVQLVESGGGLVQPGGSLRLSCAASGFNIKDTYIHWVRQAPGKGLEWVARIYPTNGYTRYADSVKGRFTISADTSKNTAYLQMNSLRAEDTAVYYCARWPYGYYYYMDYWGQGTLVTVSSA,7.659952682338607,-0.27443403005599976,-0.44932007789611816
EVQLVESGGGLVQPGGSLRLSCAASGFNIKDTYIHWVRQAPGKGLEWVARIYPTNGYTRYADSVKGRFTISADTSKNTAYLQMNSLRAEDTAVYYCTRWNYDGAYFFDYWGQGTLVTVSSA,7.658961368322477,-1.7087112665176392,-1.2737993001937866
EVQLVESGGGLVQPGGSLRLSCAASGFNIKDTYIHWVRQAPGKGLEWVARIYPTNGYTRYADSVKGRFTISADTSKNTAYLQMNSLRAEDTAVYYCARYRGRGFYSFDYWGQGTLVTVSSA,7.658367664221946,-0.8339329957962036,-2.6295230388641357
EVQLVESGGGLVQPGGSLRLSCAASGFNIKDTYIHWVRQAPGKGLEWVARIYPTNGYTRYADSVKGRFTISADTSKNTAYLQMNSLRAEDTAVYYCARWYWYGAYYFDYWGQGTLVTVSSA,7.657577319177794,-1.9388372898101807,-0.4559049606323242
EVQLVESGGGLVQPGGSLRLSCAASGFNIKDTYIHWVRQAPGKGLEWVARIYPTNGYTRYADSVKGRFTISADTSKNTAYLQMNSLRAEDTAVYYCARWGYYGYYWFDYWGQGTLVTVSSA,7.654626269440912,-2.6678898334503174,-2.8198843002319336
EVQLVESGGGLVQPGGSLRLSCAASGFNIKDTYIHWVRQAPGKGLEWVARIYPTNGYTRYADSVKGRFTISADTSKNTAYLQMNSLRAEDTAVYYCARHYYYGYYYFDVWGQGTLVTVSSA,7.645891560852599,-0.38751158118247986,-2.960573434829712
EVQLVESGGGLVQPGGSLRLSCAASGFNIKDTYIHWVRQAPGKGLEWVARIYPTNGYTRYADSVKGRFTISADTSKNTAYLQMNSLRAEDTAVYYCATYSTYYNYAFGIWGQGTLVTVSSA,7.645891560852599,-2.994749069213867,-1.1897037029266357
EVQLVESGGGLVQPGGSLRLSCAASGFNIKDTYIHWVRQAPGKGLEWVARIYPTNGYTRYADSVKGRFTISADTSKNTAYLQMNSLRAEDTAVYYCTRYLHDYYYYFDYWGQGTLVTVSSA,7.643974142806877,-1.7829225063323975,-2.984839916229248
EVQLVESGGGLVQPGGSLRLSCAASGFNIKDTYIHWVRQAPGKGLEWVARIYPTNGYTRYADSVKGRFTISADTSKNTAYLQMNSLRAEDTAVYYCVRYFYDGNYYFDLWGQGTLVTVSSA,7.639595945270061,-2.177051067352295,-2.9469358921051025
EVQLVESGGGLVQPGGSLRLSCAASGFNIKDTYIHWVRQAPGKGLEWVARIYPTNGYTRYADSVKGRFTISADTSKNTAYLQMNSLRAEDTAVYYCARFDGPFYYAFAYWGQGTLVTVSSA,7.639028116274064,-2.4781744480133057,-2.9790773391723633
EVQLVESGGGLVQPGGSLRLSCAASGFNIKDTYIHWVRQAPGKGLEWVARIYPTNGYTRYADSVKGRFTISADTSKNTAYLQMNSLRAEDTAVYYCARYRGYVLYDFAYWGQGTLVTVSSA,7.636952405478906,-2.7210731506347656,-0.7595207691192627
EVQLVESGGGLVQPGGSLRLSCAASGFNIKDTYIHWVRQAPGKGLEWVARIYPTNGYTRYADSVKGRFTISADTSKNTAYLQMNSLRAEDTAVYYCARENDGSPGSFEYWGQGTLVTVSSA,7.635636645384269,-0.5312663912773132,-0.14773470163345337
EVQLVESGGGLVQPGGSLRLSCAASGFNIKDTYIHWVRQAPGKGLEWVARIYPTNGYTRYADSVKGRFTISADTSKNTAYLQMNSLRAEDTAVYYCAVTDLDGLHSYRYWGQGTLVTVSSA,7.632644078973981,-2.880399227142334,-2.780172109603882
EVQLVESGGGLVQPGGSLRLSCAASGFNIKDTYIHWVRQAPGKGLEWVARIYPTNGYTRYADSVKGRFTISADTSKNTAYLQMNSLRAEDTAVYYCTRYYYGSGYFFDYWGQGTLVTVSSA,7.622147580993245,-2.608553647994995,-0.6049978137016296
EVQLVESGGGLVQPGGSLRLSCAASGFNIKDTYIHWVRQAPGKGLEWVARIYPTNGYTRYADSVKGRFTISADTSKNTAYLQMNSLRAEDTAVYYCARWYGYGYYAMDVWGQGTLVTVSSA,7.621057301386562,-0.9376811981201172,-1.0168505907058716
EVQLVESGGGLVQPGGSLRLSCAASGFNIKDTYIHWVRQAPGKGLEWVARIYPTNGYTRYADSVKGRFTISADTSKNTAYLQMNSLRAEDTAVYYCARWGYGGYYYFDVWGQGTLVTVSSA,7.62015082123717,-2.331815004348755,-0.029347211122512817
EVQLVESGGGLVQPGGSLRLSCAASGFNIKDTYIHWVRQAPGKGLEWVARIYPTNGYTRYADSVKGRFTISADTSKNTAYLQMNSLRAEDTAVYYCARYDPYGFYHLDYWGQGTLVTVSSA,7.615467384505751,-0.6051969528198242,-0.7539509534835815
EVQLVESGGGLVQPGGSLRLSCAASGFNIKDTYIHWVRQAPGKGLEWVARIYPTNGYTRYADSVKGRFTISADTSKNTAYLQMNSLRAEDTAVYYCVRYGYGDYYYFDYWGQGTLVTVSSA,7.6006724678413216,-0.6686678528785706,-1.1703996658325195
EVQLVESGGGLVQPGGSLRLSCAASGFNIKDTYIHWVRQAPGKGLEWVARIYPTNGYTRYADSVKGRFTISADTSKNTAYLQMNSLRAEDTAVYYCTRWGYDYWYFFDYWGQGTLVTVSSA,7.599116784451637,-1.7098690271377563,-0.3202507793903351
EVQLVESGGGLVQPGGSLRLSCAASGFNIKDTYIHWVRQAPGKGLEWVARIYPTNGYTRYADSVKGRFTISADTSKNTAYLQMNSLRAEDTAVYYCAKYGGVGYYAMDYWGQGTLVTVSSA,7.598599459218456,-0.7491083741188049,-0.11275248229503632
EVQLVESGGGLVQPGGSLRLSCAASGFNIKDTYIHWVRQAPGKGLEWVARIYPTNGYTRYADSVKGRFTISADTSKNTAYLQMNSLRAEDTAVYYCARYSAYGLYDFAYWGQGTLVTVSSA,7.5934598195660445,-2.1775827407836914,-2.145932912826538
EVQLVESGGGLVQPGGSLRLSCAASGFNIKDTYIHWVRQAPGKGLEWVARIYPTNGYTRYADSVKGRFTISADTSKNTAYLQMNSLRAEDTAVYYCARWWGGGYYYFDYWGQGTLVTVSSA,7.58989792335714,-0.17733778059482574,-0.1700979769229889
EVQLVESGGGLVQPGGSLRLSCAASGFNIKDTYIHWVRQAPGKGLEWVARIYPTNGYTRYADSVKGRFTISADTSKNTAYLQMNSLRAEDTAVYYCARYLTAYQYFFYYWGQGTLVTVSSA,7.586700235918748,-0.8044768571853638,-2.8200247287750244
EVQLVESGGGLVQPGGSLRLSCAASGFNIKDTYIHWVRQAPGKGLEWVARIYPTNGYTRYADSVKGRFTISADTSKNTAYLQMNSLRAEDTAVYYCARWGGDGSYYFDYWGQGTLVTVSSA,7.584025588623434,-0.3883252739906311,-2.99573016166687
EVQLVESGGGLVQPGGSLRLSCAASGFNIKDTYIHWVRQAPGKGLEWVARIYPTNGYTRYADSVKGRFTISADTSKNTAYLQMNSLRAEDTAVYYCARYGGRGYYSFDYWGQGTLVTVSSA,7.581036169296377,-2.4072110652923584,-0.43666529655456543
EVQLVESGGGLVQPGGSLRLSCAASGFNIKDTYIHWVRQAPGKGLEWVARIYPTNGYTRYADSVKGRFTISADTSKNTAYLQMNSLRAEDTAVYYCARWGGGGYYFFDYWGQGTLVTVSSA,7.580044251510242,-1.4978231191635132,-0.2970678210258484
EVQLVESGGGLVQPGGSLRLSCAASGFNIKDTYIHWVRQAPGKGLEWVARIYPTNGYTRYADSVKGRFTISADTSKNTAYLQMNSLRAEDTAVYYCARWGYDYYYYFDVWGQGTLVTVSSA,7.573488738635425,-0.5847269892692566,-0.9695395827293396
EVQLVESGGGLVQPGGSLRLSCAASGFNIKDTYIHWVRQAPGKGLEWVARIYPTNGYTRYADSVKGRFTISADTSKNTAYLQMNSLRAEDTAVYYCAATYGGLGDMSSIWGQGTLVTVSSA,7.568636235841013,-1.018773078918457,-0.4055388867855072
EVQLVESGGGLVQPGGSLRLSCAASGFNIKDTYIHWVRQAPGKGLEWVARIYPTNGYTRYADSVKGRFTISADTSKNTAYLQMNSLRAEDTAVYYCARYGVYPFYYFDYWGQGTLVTVSSA,7.568636235841013,-0.13125212490558624,-0.6707510352134705
EVQLVESGGGLVQPGGSLRLSCAASGFNIKDTYIHWVRQAPGKGLEWVARIYPTNGYTRYADSVKGRFTISADTSKNTAYLQMNSLRAEDTAVYYCSIWERTGQYSYTSWGQGTLVTVSSA,7.567030709125595,-2.959956645965576,-1.7798542976379395
EVQLVESGGGLVQPGGSLRLSCAASGFNIKDTYIHWVRQAPGKGLEWVARIYPTNGYTRYADSVKGRFTISADTSKNTAYLQMNSLRAEDTAVYYCARWERYGYYVLDVWGQGTLVTVSSA,7.554395796726403,-2.9957077503204346,-0.5322251915931702
EVQLVESGGGLVQPGGSLRLSCAASGFNIKDTYIHWVRQAPGKGLEWVARIYPTNGYTRYADSVKGRFTISADTSKNTAYLQMNSLRAEDTAVYYCARWGYGGYYFFDYWGQGTLVTVSSA,7.554395796726403,-2.9706313610076904,-2.9953272342681885
EVQLVESGGGLVQPGGSLRLSCAASGFNIKDTYIHWVRQAPGKGLEWVARIYPTNGYTRYADSVKGRFTISADTSKNTAYLQMNSLRAEDTAVYYCARYGAYSSYYFGYWGQGTLVTVSSA,7.553307533628473,-0.32188335061073303,-2.9956047534942627
EVQLVESGGGLVQPGGSLRLSCAASGFNIKDTYIHWVRQAPGKGLEWVARIYPTNGYTRYADSVKGRFTISADTSKNTAYLQMNSLRAEDTAVYYCARWGYGWSYYFDYWGQGTLVTVSSA,7.54821356447571,-1.7089214324951172,-2.9095520973205566
EVQLVESGGGLVQPGGSLRLSCAASGFNIKDTYIHWVRQAPGKGLEWVARIYPTNGYTRYADSVKGRFTISADTSKNTAYLQMNSLRAEDTAVYYCARWRDGGYYYFDYWGQGTLVTVSSA,7.534617148551582,-1.861202359199524,-2.685192346572876
EVQLVESGGGLVQPGGSLRLSCAASGFNIKDTYIHWVRQAPGKGLEWVARIYPTNGYTRYADSVKGRFTISADTSKNTAYLQMNSLRAEDTAVYYCTRYYGDGYYDFDYWGQGTLVTVSSA,7.534022631714177,-0.8647691607475281,-1.698047399520874
EVQLVESGGGLVQPGGSLRLSCAASGFNIKDTYIHWVRQAPGKGLEWVARIYPTNGYTRYADSVKGRFTISADTSKNTAYLQMNSLRAEDTAVYYCARYFYDHYYYFDVWGQGTLVTVSSA,7.5269511949114625,-0.23837251961231232,-0.9250576496124268
EVQLVESGGGLVQPGGSLRLSCAASGFNIKDTYIHWVRQAPGKGLEWVARIYPTNGYTRYADSVKGRFTISADTSKNTAYLQMNSLRAEDTAVYYCARYYYDYGYYFDVWGQGTLVTVSSA,7.522878745280337,-0.14683564007282257,-2.9091198444366455
EVQLVESGGGLVQPGGSLRLSCAASGFNIKDTYIHWVRQAPGKGLEWVARIYPTNGYTRYADSVKGRFTISADTSKNTAYLQMNSLRAEDTAVYYCARWGSYGYYYFDYWGQGTLVTVSSA,7.510041520575165,-0.46953675150871277,-0.09307397902011871
EVQLVESGGGLVQPGGSLRLSCAASGFNIKDTYIHWVRQAPGKGLEWVARIYPTNGYTRYADSVKGRFTISADTSKNTAYLQMNSLRAEDTAVYYCARYYYGVYYYFDYWGQGTLVTVSSA,7.510041520575165,-0.5291905999183655,-0.13049259781837463
EVQLVESGGGLVQPGGSLRLSCAASGFNIKDTYIHWVRQAPGKGLEWVARIYPTNGYTRYADSVKGRFTISADTSKNTAYLQMNSLRAEDTAVYYCARHYDYGRYYMDVWGQGTLVTVSSA,7.509479690636652,-1.938744306564331,-0.6593785285949707
EVQLVESGGGLVQPGGSLRLSCAASGFNIKDTYIHWVRQAPGKGLEWVARIYPTNGYTRYADSVKGRFTISADTSKNTAYLQMNSLRAEDTAVYYCARWGGFGYYYFDYWGQGTLVTVSSA,7.508638306165728,-1.3731337785720825,-2.9918372631073
EVQLVESGGGLVQPGGSLRLSCAASGFNIKDTYIHWVRQAPGKGLEWVARIYPTNGYTRYADSVKGRFTISADTSKNTAYLQMNSLRAEDTAVYYCSRWGGVGKYAMDYWGQGTLVTVSSA,7.505845405981558,-2.3312325477600098,-0.28161025047302246
EVQLVESGGGLVQPGGSLRLSCAASGFNIKDTYIHWVRQAPGKGLEWVARIYPTNGYTRYADSVKGRFTISADTSKNTAYLQMNSLRAEDTAVYYCARYGGGYYYYFDVWGQGTLVTVSSA,7.503070351926786,-0.7163030505180359,-2.001465082168579
EVQLVESGGGLVQPGGSLRLSCAASGFNIKDTYIHWVRQAPGKGLEWVARIYPTNGYTRYADSVKGRFTISADTSKNTAYLQMNSLRAEDTAVYYCARWYYGSYYYFDVWGQGTLVTVSSA,7.494850021680094,-1.2574645280838013,-0.30312058329582214
EVQLVESGGGLVQPGGSLRLSCAASGFNIKDTYIHWVRQAPGKGLEWVARIYPTNGYTRYADSVKGRFTISADTSKNTAYLQMNSLRAEDTAVYYCARWGGYGYYYFDVWGQGTLVTVSSA,7.488250288655017,-1.710530400276184,-0.022436566650867462
EVQLVESGGGLVQPGGSLRLSCAASGFNIKDTYIHWVRQAPGKGLEWVARIYPTNGYTRYADSVKGRFTISADTSKNTAYLQMNSLRAEDTAVYYCARWYYGGAYYFDFWGQGTLVTVSSA,7.483993769613952,-2.984790563583374,-0.3448370099067688
EVQLVESGGGLVQPGGSLRLSCAASGFNIKDTYIHWVRQAPGKGLEWVARIYPTNGYTRYADSVKGRFTISADTSKNTAYLQMNSLRAEDTAVYYCARWGSEAFYWFDYWGQGTLVTVSSA,7.483596851552597,-1.2053641080856323,-0.23873458802700043
EVQLVESGGGLVQPGGSLRLSCAASGFNIKDTYIHWVRQAPGKGLEWVARIYPTNGYTRYADSVKGRFTISADTSKNTAYLQMNSLRAEDTAVYYCAPWWSGWYYFFDTWGQGTLVTVSSA,7.481486060122113,-1.1523263454437256,-0.2595462501049042
EVQLVESGGGLVQPGGSLRLSCAASGFNIKDTYIHWVRQAPGKGLEWVARIYPTNGYTRYADSVKGRFTISADTSKNTAYLQMNSLRAEDTAVYYCARYPNYGFYMFDYWGQGTLVTVSSA,7.477425367308824,-0.6936097741127014,-0.4096679389476776
EVQLVESGGGLVQPGGSLRLSCAASGFNIKDTYIHWVRQAPGKGLEWVARIYPTNGYTRYADSVKGRFTISADTSKNTAYLQMNSLRAEDTAVYYCARWVSGARYYMDVWGQGTLVTVSSA,7.471083299722346,-1.5009734630584717,-2.9953277111053467
EVQLVESGGGLVQPGGSLRLSCAASGFNIKDTYIHWVRQAPGKGLEWVARIYPTNGYTRYADSVKGRFTISADTSKNTAYLQMNSLRAEDTAVYYCARFGGAGGYYFDYWGQGTLVTVSSA,7.455435902503956,-0.27499711513519287,-0.12638159096240997
EVQLVESGGGLVQPGGSLRLSCAASGFNIKDTYIHWVRQAPGKGLEWVARIYPTNGYTRYADSVKGRFTISADTSKNTAYLQMNSLRAEDTAVYYCTRYRGAHGYYFDYWGQGTLVTVSSA,7.450138811528057,-0.41357824206352234,-0.9235371351242065
EVQLVESGGGLVQPGGSLRLSCAASGFNIKDTYIHWVRQAPGKGLEWVARIYPTNGYTRYADSVKGRFTISADTSKNTAYLQMNSLRAEDTAVYYCARWYYGGSYYFDYWGQGTLVTVSSA,7.44648105985103,-0.32841914892196655,-0.1625903695821762
EVQLVESGGGLVQPGGSLRLSCAASGFNIKDTYIHWVRQAPGKGLEWVARIYPTNGYTRYADSVKGRFTISADTSKNTAYLQMNSLRAEDTAVYYCARYGDADFYAFDPWGQGTLVTVSSA,7.445874418486987,-1.3761258125305176,-1.5055869817733765
EVQLVESGGGLVQPGGSLRLSCAASGFNIKDTYIHWVRQAPGKGLEWVARIYPTNGYTRYADSVKGRFTISADTSKNTAYLQMNSLRAEDTAVYYCARYIFGGPYYFDYWGQGTLVTVSSA,7.443215217692975,-2.811405897140503,-0.8864796161651611
EVQLVESGGGLVQPGGSLRLSCAASGFNIKDTYIHWVRQAPGKGLEWVARIYPTNGYTRYADSVKGRFTISADTSKNTAYLQMNSLRAEDTAVYYCSRWEGDGKYAMDYWGQGTLVTVSSA,7.442132038431978,-0.26925432682037354,-0.011655419133603573
EVQLVESGGGLVQPGGSLRLSCAASGFNIKDTYIHWVRQAPGKGLEWVARIYPTNGYTRYADSVKGRFTISADTSKNTAYLQMNSLRAEDTAVYYCARYGDYGYYYFDYWGQGTLVTVSSA,7.441051554021961,-0.37639832496643066,-0.039837297052145004
EVQLVESGGGLVQPGGSLRLSCAASGFNIKDTYIHWVRQAPGKGLEWVARIYPTNGYTRYADSVKGRFTISADTSKNTAYLQMNSLRAEDTAVYYCVRYPEVYGYYFDYWGQGTLVTVSSA,7.440332721611942,-2.331275463104248,-0.26770973205566406
EVQLVESGGGLVQPGGSLRLSCAASGFNIKDTYIHWVRQAPGKGLEWVARIYPTNGYTRYADSVKGRFTISADTSKNTAYLQMNSLRAEDTAVYYCANVGSSLGIAALDWGQGTLVTVSSA,7.435097327470795,-0.6729808449745178,-0.38635972142219543
EVQLVESGGGLVQPGGSLRLSCAASGFNIKDTYIHWVRQAPGKGLEWVARIYPTNGYTRYADSVKGRFTISADTSKNTAYLQMNSLRAEDTAVYYCSYPDFGYYVYFAYWGQGTLVTVSSA,7.434624497285927,-2.9848310947418213,-1.5670946836471558
EVQLVESGGGLVQPGGSLRLSCAASGFNIKDTYIHWVRQAPGKGLEWVARIYPTNGYTRYADSVKGRFTISADTSKNTAYLQMNSLRAEDTAVYYCAKYTRGFSYGFGYWGQGTLVTVSSA,7.422278475490979,-0.5505262613296509,-1.1408567428588867
EVQLVESGGGLVQPGGSLRLSCAASGFNIKDTYIHWVRQAPGKGLEWVARIYPTNGYTRYADSVKGRFTISADTSKNTAYLQMNSLRAEDTAVYYCARWGGSGYYAMDYWGQGTLVTVSSA,7.422163658707256,-2.84840726852417,-0.9881914854049683
EVQLVESGGGLVQPGGSLRLSCAASGFNIKDTYIHWVRQAPGKGLEWVARIYPTNGYTRYADSVKGRFTISADTSKNTAYLQMNSLRAEDTAVYYCARWGYGYYYSFDYWGQGTLVTVSSA,7.420788219768501,-2.9889981746673584,-2.909498691558838
EVQLVESGGGLVQPGGSLRLSCAASGFNIKDTYIHWVRQAPGKGLEWVARIYPTNGYTRYADSVKGRFTISADTSKNTAYLQMNSLRAEDTAVYYCARYGRNGSYSYDYWGQGTLVTVSSA,7.4179366370882915,-2.7688512802124023,-1.4468576908111572
EVQLVESGGGLVQPGGSLRLSCAASGFNIKDTYIHWVRQAPGKGLEWVARIYPTNGYTRYADSVKGRFTISADTSKNTAYLQMNSLRAEDTAVYYCAKFERGYYSFDFGWGQGTLVTVSSA,7.417028070895194,-1.3044556379318237,-1.9278943538665771
EVQLVESGGGLVQPGGSLRLSCAASGFNIKDTYIHWVRQAPGKGLEWVARIYPTNGYTRYADSVKGRFTISADTSKNTAYLQMNSLRAEDTAVYYCARWEGDGSYSMDYWGQGTLVTVSSA,7.412738150307466,-2.9598867893218994,-1.129228949546814
EVQLVESGGGLVQPGGSLRLSCAASGFNIKDTYIHWVRQAPGKGLEWVARIYPTNGYTRYADSVKGRFTISADTSKNTAYLQMNSLRAEDTAVYYCSRWGVDGYYAMDYWGQGTLVTVSSA,7.41150419899279,-2.9280166625976562,-0.15363620221614838
EVQLVESGGGLVQPGGSLRLSCAASGFNIKDTYIHWVRQAPGKGLEWVARIYPTNGYTRYADSVKGRFTISADTSKNTAYLQMNSLRAEDTAVYYCARYGYGYYYYFDYWGQGTLVTVSSA,7.407823242604133,-0.669333279132843,-1.5127161741256714
EVQLVESGGGLVQPGGSLRLSCAASGFNIKDTYIHWVRQAPGKGLEWVARIYPTNGYTRYADSVKGRFTISADTSKNTAYLQMNSLRAEDTAVYYCARWYGYGYYLFDVWGQGTLVTVSSA,7.402304814074488,-2.7210891246795654,-2.97898006439209
EVQLVESGGGLVQPGGSLRLSCAASGFNIKDTYIHWVRQAPGKGLEWVARIYPTNGYTRYADSVKGRFTISADTSKNTAYLQMNSLRAEDTAVYYCARYYWDYFYYFDYWGQGTLVTVSSA,7.401647290130716,-2.9598703384399414,-2.9890503883361816
EVQLVESGGGLVQPGGSLRLSCAASGFNIKDTYIHWVRQAPGKGLEWVARIYPTNGYTRYADSVKGRFTISADTSKNTAYLQMNSLRAEDTAVYYCARYPGGGIYDFDPWGQGTLVTVSSA,7.398918272215977,-0.5453729629516602,-1.5695676803588867
EVQLVESGGGLVQPGGSLRLSCAASGFNIKDTYIHWVRQAPGKGLEWVARIYPTNGYTRYADSVKGRFTISADTSKNTAYLQMNSLRAEDTAVYYCARYGGYGYYWFDYWGQGTLVTVSSA,7.397940008672037,-0.9015190005302429,-0.08497650921344757
EVQLVESGGGLVQPGGSLRLSCAASGFNIKDTYIHWVRQAPGKGLEWVARIYPTNGYTRYADSVKGRFTISADTSKNTAYLQMNSLRAEDTAVYYCARWLRGLGYYWDYWGQGTLVTVSSA,7.396747338018353,-2.544360399246216,-0.265543669462204
EVQLVESGGGLVQPGGSLRLSCAASGFNIKDTYIHWVRQAPGKGLEWVARIYPTNGYTRYADSVKGRFTISADTSKNTAYLQMNSLRAEDTAVYYCARYGDSYYYYFDYWGQGTLVTVSSA,7.391473966422806,-0.13063150644302368,-2.6848697662353516
EVQLVESGGGLVQPGGSLRLSCAASGFNIKDTYIHWVRQAPGKGLEWVARIYPTNGYTRYADSVKGRFTISADTSKNTAYLQMNSLRAEDTAVYYCARYGPYYYYAMDYWGQGTLVTVSSA,7.384576047114056,-0.7209317684173584,-0.17356353998184204
EVQLVESGGGLVQPGGSLRLSCAASGFNIKDTYIHWVRQAPGKGLEWVARIYPTNGYTRYADSVKGRFTISADTSKNTAYLQMNSLRAEDTAVYYCTRYYGGYGYYFDYWGQGTLVTVSSA,7.381219975493785,-0.46939584612846375,-2.0742154121398926
EVQLVESGGGLVQPGGSLRLSCAASGFNIKDTYIHWVRQAPGKGLEWVARIYPTNGYTRYADSVKGRFTISADTSKNTAYLQMNSLRAEDTAVYYCARNYYDYYYYLDYWGQGTLVTVSSA,7.380802284207053,-0.4268139898777008,-1.338355302810669
EVQLVESGGGLVQPGGSLRLSCAASGFNIKDTYIHWVRQAPGKGLEWVARIYPTNGYTRYADSVKGRFTISADTSKNTAYLQMNSLRAEDTAVYYCVRWGRYGVYYFDYWGQGTLVTVSSA,7.380593589113222,-0.1931275576353073,-0.7472383379936218
EVQLVESGGGLVQPGGSLRLSCAASGFNIKDTYIHWVRQAPGKGLEWVARIYPTNGYTRYADSVKGRFTISADTSKNTAYLQMNSLRAEDTAVYYCSRWVGDGSYAMDYWGQGTLVTVSSA,7.380176499542722,-1.0184147357940674,-0.15900918841362
EVQLVESGGGLVQPGGSLRLSCAASGFNIKDTYIHWVRQAPGKGLEWVARIYPTNGYTRYADSVKGRFTISADTSKNTAYLQMNSLRAEDTAVYYCARYGGYGNYWFDTWGQGTLVTVSSA,7.375511637486551,-0.6509444117546082,-2.995706796646118
EVQLVESGGGLVQPGGSLRLSCAASGFNIKDTYIHWVRQAPGKGLEWVARIYPTNGYTRYADSVKGRFTISADTSKNTAYLQMNSLRAEDTAVYYCARGGYGYYTWFDYWGQGTLVTVSSA,7.375408540873153,-2.720521926879883,-2.5704967975616455
EVQLVESGGGLVQPGGSLRLSCAASGFNIKDTYIHWVRQAPGKGLEWVARIYPTNGYTRYADSVKGRFTISADTSKNTAYLQMNSLRAEDTAVYYCAGSSASGWYHYTTWGQGTLVTVSSA,7.374173286714289,-0.9374732971191406,-2.9606473445892334
EVQLVESGGGLVQPGGSLRLSCAASGFNIKDTYIHWVRQAPGKGLEWVARIYPTNGYTRYADSVKGRFTISADTSKNTAYLQMNSLRAEDTAVYYCARYGTGTYYYFLHWGQGTLVTVSSA,7.374173286714289,-2.545362949371338,-2.9712202548980713
EVQLVESGGGLVQPGGSLRLSCAASGFNIKDTYIHWVRQAPGKGLEWVARIYPTNGYTRYADSVKGRFTISADTSKNTAYLQMNSLRAEDTAVYYCARWEGYGSYEFAYWGQGTLVTVSSA,7.372122305420029,-0.1724923849105835,-1.3846309185028076
EVQLVESGGGLVQPGGSLRLSCAASGFNIKDTYIHWVRQAPGKGLEWVARIYPTNGYTRYADSVKGRFTISADTSKNTAYLQMNSLRAEDTAVYYCARYYYDFGYYFDYWGQGTLVTVSSA,7.369063880935808,-2.097914218902588,-0.8462438583374023
EVQLVESGGGLVQPGGSLRLSCAASGFNIKDTYIHWVRQAPGKGLEWVARIYPTNGYTRYADSVKGRFTISADTSKNTAYLQMNSLRAEDTAVYYCARYGGLGGYTLAYWGQGTLVTVSSA,7.367846516489368,-0.22012673318386078,-2.995604991912842
EVQLVESGGGLVQPGGSLRLSCAASGFNIKDTYIHWVRQAPGKGLEWVARIYPTNGYTRYADSVKGRFTISADTSKNTAYLQMNSLRAEDTAVYYCAQNWDRGSYFYTYWGQGTLVTVSSA,7.366026844210326,-2.84893536567688,-2.97904896736145
EVQLVESGGGLVQPGGSLRLSCAASGFNIKDTYIHWVRQAPGKGLEWVARIYPTNGYTRYADSVKGRFTISADTSKNTAYLQMNSLRAEDTAVYYCARYGARSGYAYEYWGQGTLVTVSSA,7.345823458122039,-1.1066575050354004,-0.204560324549675
EVQLVESGGGLVQPGGSLRLSCAASGFNIKDTYIHWVRQAPGKGLEWVARIYPTNGYTRYADSVKGRFTISADTSKNTAYLQMNSLRAEDTAVYYCARNYYYGAYYFDYWGQGTLVTVSSA,7.341893164493607,-1.7842713594436646,-2.440169095993042
EVQLVESGGGLVQPGGSLRLSCAASGFNIKDTYIHWVRQAPGKGLEWVARIYPTNGYTRYADSVKGRFTISADTSKNTAYLQMNSLRAEDTAVYYCASVDLGGFYDFRYWGQGTLVTVSSA,7.336299074610352,-2.959920883178711,-2.8548097610473633
EVQLVESGGGLVQPGGSLRLSCAASGFNIKDTYIHWVRQAPGKGLEWVARIYPTNGYTRYADSVKGRFTISADTSKNTAYLQMNSLRAEDTAVYYCAITFYGYTIVWEYWGQGTLVTVSSA,7.336299074610352,-1.7136600017547607,-2.99573016166687
EVQLVESGGGLVQPGGSLRLSCAASGFNIKDTYIHWVRQAPGKGLEWVARIYPTNGYTRYADSVKGRFTISADTSKNTAYLQMNSLRAEDTAVYYCARWGGYGYYWFDYWGQGTLVTVSSA,7.330776126069194,-0.2758762240409851,-0.1483583152294159
EVQLVESGGGLVQPGGSLRLSCAASGFNIKDTYIHWVRQAPGKGLEWVARIYPTNGYTRYADSVKGRFTISADTSKNTAYLQMNSLRAEDTAVYYCARWSGASFYAMDYWGQGTLVTVSSA,7.318939756368188,-2.9707162380218506,-0.3746378421783447
EVQLVESGGGLVQPGGSLRLSCAASGFNIKDTYIHWVRQAPGKGLEWVARIYPTNGYTRYADSVKGRFTISADTSKNTAYLQMNSLRAEDTAVYYCARWQGRSGYYMDYWGQGTLVTVSSA,7.31578320486112,-2.8797037601470947,-0.07769958674907684
EVQLVESGGGLVQPGGSLRLSCAASGFNIKDTYIHWVRQAPGKGLEWVARIYPTNGYTRYADSVKGRFTISADTSKNTAYLQMNSLRAEDTAVYYCARWLDYFYYAMDYWGQGTLVTVSSA,7.312292720375181,-2.256268262863159,-1.8541536331176758
EVQLVESGGGLVQPGGSLRLSCAASGFNIKDTYIHWVRQAPGKGLEWVARIYPTNGYTRYADSVKGRFTISADTSKNTAYLQMNSLRAEDTAVYYCARWHYDVGFYFDYWGQGTLVTVSSA,7.302160631781637,-1.0645840167999268,-2.2985963821411133
EVQLVESGGGLVQPGGSLRLSCAASGFNIKDTYIHWVRQAPGKGLEWVARIYPTNGYTRYADSVKGRFTISADTSKNTAYLQMNSLRAEDTAVYYCARYGYDYYYYFDVWGQGTLVTVSSA,7.301029995663981,-0.11527886241674423,-2.5715508460998535
EVQLVESGGGLVQPGGSLRLSCAASGFNIKDTYIHWVRQAPGKGLEWVARIYPTNGYTRYADSVKGRFTISADTSKNTAYLQMNSLRAEDTAVYYCARFGPAYFYGFYYWGQGTLVTVSSA,7.293709042741237,-2.9847970008850098,-0.3730630874633789
EVQLVESGGGLVQPGGSLRLSCAASGFNIKDTYIHWVRQAPGKGLEWVARIYPTNGYTRYADSVKGRFTISADTSKNTAYLQMNSLRAEDTAVYYCARYMRPAFYPFLYWGQGTLVTVSSA,7.29362364416031,-0.1467471867799759,-0.04591413214802742
EVQLVESGGGLVQPGGSLRLSCAASGFNIKDTYIHWVRQAPGKGLEWVARIYPTNGYTRYADSVKGRFTISADTSKNTAYLQMNSLRAEDTAVYYCARWGSGNYYEFDYWGQGTLVTVSSA,7.283913146225168,-0.49504029750823975,-2.99573016166687
EVQLVESGGGLVQPGGSLRLSCAASGFNIKDTYIHWVRQAPGKGLEWVARIYPTNGYTRYADSVKGRFTISADTSKNTAYLQMNSLRAEDTAVYYCASYGSGSYFSFPLWGQGTLVTVSSA,7.268169579711838,-2.0204741954803467,-1.4434571266174316
EVQLVESGGGLVQPGGSLRLSCAASGFNIKDTYIHWVRQAPGKGLEWVARIYPTNGYTRYADSVKGRFTISADTSKNTAYLQMNSLRAEDTAVYYCARYGYGAYYYFDYWGQGTLVTVSSA,7.267525822718807,-1.1517956256866455,-0.05533050000667572
EVQLVESGGGLVQPGGSLRLSCAASGFNIKDTYIHWVRQAPGKGLEWVARIYPTNGYTRYADSVKGRFTISADTSKNTAYLQMNSLRAEDTAVYYCTRYYSGHYYSFDYWGQGTLVTVSSA,7.249723084846007,-0.8041207790374756,-0.09244073182344437
EVQLVESGGGLVQPGGSLRLSCAASGFNIKDTYIHWVRQAPGKGLEWVARIYPTNGYTRYADSVKGRFTISADTSKNTAYLQMNSLRAEDTAVYYCARYGGDYYYYYDYWGQGTLVTVSSA,7.24420134302617,-1.1564526557922363,-0.08356781303882599
EVQLVESGGGLVQPGGSLRLSCAASGFNIKDTYIHWVRQAPGKGLEWVARIYPTNGYTRYADSVKGRFTISADTSKNTAYLQMNSLRAEDTAVYYCARYGGGYYYYYDYWGQGTLVTVSSA,7.239879214735432,-2.9280524253845215,-0.4369354546070099
EVQLVESGGGLVQPGGSLRLSCAASGFNIKDTYIHWVRQAPGKGLEWVARIYPTNGYTRYADSVKGRFTISADTSKNTAYLQMNSLRAEDTAVYYCTRYGSFGYYALDSWGQGTLVTVSSA,7.239351380418644,-2.810858964920044,-2.9298858642578125
EVQLVESGGGLVQPGGSLRLSCAASGFNIKDTYIHWVRQAPGKGLEWVARIYPTNGYTRYADSVKGRFTISADTSKNTAYLQMNSLRAEDTAVYYCARYGGLSYYSFDLWGQGTLVTVSSA,7.235823867609669,-0.8336040377616882,-1.7769287824630737
EVQLVESGGGLVQPGGSLRLSCAASGFNIKDTYIHWVRQAPGKGLEWVARIYPTNGYTRYADSVKGRFTISADTSKNTAYLQMNSLRAEDTAVYYCTRYFGAYWYWMDYWGQGTLVTVSSA,7.22870655737094,-1.5659480094909668,-0.6102677583694458
EVQLVESGGGLVQPGGSLRLSCAASGFNIKDTYIHWVRQAPGKGLEWVARIYPTNGYTRYADSVKGRFTISADTSKNTAYLQMNSLRAEDTAVYYCAKFHWGEDWLSDNWGQGTLVTVSSA,7.228412519118745,-0.2941087782382965,-0.3931351602077484
EVQLVESGGGLVQPGGSLRLSCAASGFNIKDTYIHWVRQAPGKGLEWVARIYPTNGYTRYADSVKGRFTISADTSKNTAYLQMNSLRAEDTAVYYCAGSVAEGWYHYRDWGQGTLVTVSSA,7.219682687859849,-0.8312627077102661,-2.632920742034912
EVQLVESGGGLVQPGGSLRLSCAASGFNIKDTYIHWVRQAPGKGLEWVARIYPTNGYTRYADSVKGRFTISADTSKNTAYLQMNSLRAEDTAVYYCARYYGSSSYYFAYWGQGTLVTVSSA,7.217384067968396,-2.8117733001708984,-1.275413155555725
EVQLVESGGGLVQPGGSLRLSCAASGFNIKDTYIHWVRQAPGKGLEWVARIYPTNGYTRYADSVKGRFTISADTSKNTAYLQMNSLRAEDTAVYYCARSGYPGYGSFAYWGQGTLVTVSSA,7.216668237112576,-0.516491711139679,-2.994729995727539
EVQLVESGGGLVQPGGSLRLSCAASGFNIKDTYIHWVRQAPGKGLEWVARIYPTNGYTRYADSVKGRFTISADTSKNTAYLQMNSLRAEDTAVYYCARTVVGWYGRFDYWGQGTLVTVSSA,7.196269829025456,-0.6237421631813049,-2.0037624835968018
EVQLVESGGGLVQPGGSLRLSCAASGFNIKDTYIHWVRQAPGKGLEWVARIYPTNGYTRYADSVKGRFTISADTSKNTAYLQMNSLRAEDTAVYYCARNSGTGIWAFAYWGQGTLVTVSSA,7.187086643357144,-0.22963052988052368,-0.05547579377889633
EVQLVESGGGLVQPGGSLRLSCAASGFNIKDTYIHWVRQAPGKGLEWVARIYPTNGYTRYADSVKGRFTISADTSKNTAYLQMNSLRAEDTAVYYCARWGGTYYYAMDYWGQGTLVTVSSA,7.184887341810187,-0.48277801275253296,-0.8934876918792725
EVQLVESGGGLVQPGGSLRLSCAASGFNIKDTYIHWVRQAPGKGLEWVARIYPTNGYTRYADSVKGRFTISADTSKNTAYLQMNSLRAEDTAVYYCARWPPYYWWAFDYWGQGTLVTVSSA,7.183228587666654,-2.9707109928131104,-0.11041350662708282
EVQLVESGGGLVQPGGSLRLSCAASGFNIKDTYIHWVRQAPGKGLEWVARIYPTNGYTRYADSVKGRFTISADTSKNTAYLQMNSLRAEDTAVYYCARWGNVGYYVLDYWGQGTLVTVSSA,7.176460566343141,-1.2600501775741577,-1.5690311193466187
EVQLVESGGGLVQPGGSLRLSCAASGFNIKDTYIHWVRQAPGKGLEWVARIYPTNGYTRYADSVKGRFTISADTSKNTAYLQMNSLRAEDTAVYYCARAGGTSISLGHGWGQGTLVTVSSA,7.173925197299174,-1.3104151487350464,-1.3858915567398071
EVQLVESGGGLVQPGGSLRLSCAASGFNIKDTYIHWVRQAPGKGLEWVARIYPTNGYTRYADSVKGRFTISADTSKNTAYLQMNSLRAEDTAVYYCARYGDAFIMSFGVWGQGTLVTVSSA,7.17134010346468,-1.2557337284088135,-2.628974676132202
EVQLVESGGGLVQPGGSLRLSCAASGFNIKDTYIHWVRQAPGKGLEWVARIYPTNGYTRYADSVKGRFTISADTSKNTAYLQMNSLRAEDTAVYYCAPWGTYRYGYFDHWGQGTLVTVSSA,7.1700533040583645,-0.17433111369609833,-2.9606122970581055
EVQLVESGGGLVQPGGSLRLSCAASGFNIKDTYIHWVRQAPGKGLEWVARIYPTNGYTRYADSVKGRFTISADTSKNTAYLQMNSLRAEDTAVYYCAVYGPYGGFSYDSWGQGTLVTVSSA,7.150580586203101,-1.3201299905776978,-1.2747100591659546
EVQLVESGGGLVQPGGSLRLSCAASGFNIKDTYIHWVRQAPGKGLEWVARIYPTNGYTRYADSVKGRFTISADTSKNTAYLQMNSLRAEDTAVYYCARWYYGTSYYFDVWGQGTLVTVSSA,7.149047600206507,-2.994746685028076,-2.960787534713745
EVQLVESGGGLVQPGGSLRLSCAASGFNIKDTYIHWVRQAPGKGLEWVARIYPTNGYTRYADSVKGRFTISADTSKNTAYLQMNSLRAEDTAVYYCVYYYEAGSYYFDGWGQGTLVTVSSA,7.148497047229456,-2.667557716369629,-1.8482121229171753
EVQLVESGGGLVQPGGSLRLSCAASGFNIKDTYIHWVRQAPGKGLEWVARIYPTNGYTRYADSVKGRFTISADTSKNTAYLQMNSLRAEDTAVYYCAIWSMYDVGYYPFWGQGTLVTVSSA,7.144057053767684,-0.5354521870613098,-0.7019461989402771
EVQLVESGGGLVQPGGSLRLSCAASGFNIKDTYIHWVRQAPGKGLEWVARIYPTNGYTRYADSVKGRFTISADTSKNTAYLQMNSLRAEDTAVYYCARYGLYGSYYFRYWGQGTLVTVSSA,7.1438755557577,-2.9953343868255615,-0.3880738317966461
EVQLVESGGGLVQPGGSLRLSCAASGFNIKDTYIHWVRQAPGKGLEWVARIYPTNGYTRYADSVKGRFTISADTSKNTAYLQMNSLRAEDTAVYYCARYGGSSYYYYDYWGQGTLVTVSSA,7.140621495574399,-2.1777431964874268,-2.9890081882476807
EVQLVESGGGLVQPGGSLRLSCAASGFNIKDTYIHWVRQAPGKGLEWVARIYPTNGYTRYADSVKGRFTISADTSKNTAYLQMNSLRAEDTAVYYCARWYSGYYYAMDYWGQGTLVTVSSA,7.137630062877117,-0.3393815755844116,-0.6853513717651367
EVQLVESGGGLVQPGGSLRLSCAASGFNIKDTYIHWVRQAPGKGLEWVARIYPTNGYTRYADSVKGRFTISADTSKNTAYLQMNSLRAEDTAVYYCARYLTDADFRLHYWGQGTLVTVSSA,7.124533584133615,-0.25196409225463867,-0.3743290305137634
EVQLVESGGGLVQPGGSLRLSCAASGFNIKDTYIHWVRQAPGKGLEWVARIYPTNGYTRYADSVKGRFTISADTSKNTAYLQMNSLRAEDTAVYYCAQWYDYGGTYLDYWGQGTLVTVSSA,7.114243118930733,-0.5178055763244629,-2.7358667850494385
EVQLVESGGGLVQPGGSLRLSCAASGFNIKDTYIHWVRQAPGKGLEWVARIYPTNGYTRYADSVKGRFTISADTSKNTAYLQMNSLRAEDTAVYYCTRWRWGYGYYFDFWGQGTLVTVSSA,7.107126593111235,-2.99573016166687,-0.3018401265144348
EVQLVESGGGLVQPGGSLRLSCAASGFNIKDTYIHWVRQAPGKGLEWVARIYPTNGYTRYADSVKGRFTISADTSKNTAYLQMNSLRAEDTAVYYCARYYGGGGYYMDYWGQGTLVTVSSA,7.102098125731772,-0.7201828360557556,-1.224378228187561
EVQLVESGGGLVQPGGSLRLSCAASGFNIKDTYIHWVRQAPGKGLEWVARIYPTNGYTRYADSVKGRFTISADTSKNTAYLQMNSLRAEDTAVYYCSRYGRGVYYYFDYWGQGTLVTVSSA,7.098759697926691,-0.7714359164237976,-0.4732140600681305
EVQLVESGGGLVQPGGSLRLSCAASGFNIKDTYIHWVRQAPGKGLEWVARIYPTNGYTRYADSVKGRFTISADTSKNTAYLQMNSLRAEDTAVYYCTRYSRSYYYGLDPWGQGTLVTVSSA,7.096367483915762,-2.1752872467041016,-0.5665144324302673
EVQLVESGGGLVQPGGSLRLSCAASGFNIKDTYIHWVRQAPGKGLEWVARIYPTNGYTRYADSVKGRFTISADTSKNTAYLQMNSLRAEDTAVYYCARPSYDVGGDMLFWGQGTLVTVSSA,7.079615757821642,-2.9957075119018555,-0.21189717948436737
EVQLVESGGGLVQPGGSLRLSCAASGFNIKDTYIHWVRQAPGKGLEWVARIYPTNGYTRYADSVKGRFTISADTSKNTAYLQMNSLRAEDTAVYYCARYVTANTYSYDPWGQGTLVTVSSA,7.07805354577059,-0.2863563299179077,-2.993652582168579
EVQLVESGGGLVQPGGSLRLSCAASGFNIKDTYIHWVRQAPGKGLEWVARIYPTNGYTRYADSVKGRFTISADTSKNTAYLQMNSLRAEDTAVYYCARWGTYTYGYFDYWGQGTLVTVSSA,7.05487622987788,-2.9848644733428955,-0.35523250699043274
EVQLVESGGGLVQPGGSLRLSCAASGFNIKDTYIHWVRQAPGKGLEWVARIYPTNGYTRYADSVKGRFTISADTSKNTAYLQMNSLRAEDTAVYYCARWARGAGYYWDYWGQGTLVTVSSA,7.04774046340918,-2.994744300842285,-0.14520274102687836
EVQLVESGGGLVQPGGSLRLSCAASGFNIKDTYIHWVRQAPGKGLEWVARIYPTNGYTRYADSVKGRFTISADTSKNTAYLQMNSLRAEDTAVYYCARYPSGYYYYFDYWGQGTLVTVSSA,7.045130628933522,-0.23019181191921234,-0.5268327593803406
EVQLVESGGGLVQPGGSLRLSCAASGFNIKDTYIHWVRQAPGKGLEWVARIYPTNGYTRYADSVKGRFTISADTSKNTAYLQMNSLRAEDTAVYYCARYGGSSYYYFDYWGQGTLVTVSSA,7.012467797270161,-2.959897994995117,-0.7891975045204163
EVQLVESGGGLVQPGGSLRLSCAASGFNIKDTYIHWVRQAPGKGLEWVARIYPTNGYTRYADSVKGRFTISADTSKNTAYLQMNSLRAEDTAVYYCARYGDGTYYFFAHWGQGTLVTVSSA,7.011887159731648,-2.545499801635742,-2.9301280975341797
EVQLVESGGGLVQPGGSLRLSCAASGFNIKDTYIHWVRQAPGKGLEWVARIYPTNGYTRYADSVKGRFTISADTSKNTAYLQMNSLRAEDTAVYYCAKYDTAGSYHFDVWGQGTLVTVSSA,7.010060986715464,-2.9848530292510986,-2.9890451431274414
EVQLVESGGGLVQPGGSLRLSCAASGFNIKDTYIHWVRQAPGKGLEWVARIYPTNGYTRYADSVKGRFTISADTSKNTAYLQMNSLRAEDTAVYYCAFADSGAYGIWSFWGQGTLVTVSSA,7.006916639301938,-1.0201244354248047,-2.508984088897705
EVQLVESGGGLVQPGGSLRLSCAASGFNIKDTYIHWVRQAPGKGLEWVARIYPTNGYTRYADSVKGRFTISADTSKNTAYLQMNSLRAEDTAVYYCARYDYYGYYYFDYWGQGTLVTVSSA,7.004584201457585,-0.4249289035797119,-1.5088237524032593
EVQLVESGGGLVQPGGSLRLSCAASGFNIKDTYIHWVRQAPGKGLEWVARIYPTNGYTRYADSVKGRFTISADTSKNTAYLQMNSLRAEDTAVYYCARSYAYLYGSWDYWGQGTLVTVSSA,6.991399828238083,-1.8673568964004517,-0.5458265542984009
EVQLVESGGGLVQPGGSLRLSCAASGFNIKDTYIHWVRQAPGKGLEWVARIYPTNGYTRYADSVKGRFTISADTSKNTAYLQMNSLRAEDTAVYYCARDGGRSYYSFYYWGQGTLVTVSSA,6.984598326297051,-0.2867495119571686,-1.510905146598816
EVQLVESGGGLVQPGGSLRLSCAASGFNIKDTYIHWVRQAPGKGLEWVARIYPTNGYTRYADSVKGRFTISADTSKNTAYLQMNSLRAEDTAVYYCTRNVVNLYYSYDSWGQGTLVTVSSA,6.982716178439982,-0.17406156659126282,-0.08370320498943329
EVQLVESGGGLVQPGGSLRLSCAASGFNIKDTYIHWVRQAPGKGLEWVARIYPTNGYTRYADSVKGRFTISADTSKNTAYLQMNSLRAEDTAVYYCARYYSYGGYYFDYWGQGTLVTVSSA,6.975309137644569,-1.4353981018066406,-2.631040096282959
EVQLVESGGGLVQPGGSLRLSCAASGFNIKDTYIHWVRQAPGKGLEWVARIYPTNGYTRYADSVKGRFTISADTSKNTAYLQMNSLRAEDTAVYYCARNGYYGGYAFDYWGQGTLVTVSSA,6.964170174747172,-1.5033210515975952,-0.1076570674777031
EVQLVESGGGLVQPGGSLRLSCAASGFNIKDTYIHWVRQAPGKGLEWVARIYPTNGYTRYADSVKGRFTISADTSKNTAYLQMNSLRAEDTAVYYCVLSRIVVSYFYDYWGQGTLVTVSSA,6.961777361631282,-2.6104254722595215,-0.2310929149389267
EVQLVESGGGLVQPGGSLRLSCAASGFNIKDTYIHWVRQAPGKGLEWVARIYPSNGYTRYADSVKGRFTISADTSKNTAYLQMNSLRAEDTAVYYCARYYGGSMYYYGYWGQGTLVTVSSA,6.961697827800475,-2.0932915210723877,-0.42943698167800903
EVQLVESGGGLVQPGGSLRLSCAASGFNIKDTYIHWVRQAPGKGLEWVARIYPTNGYTRYADSVKGRFTISADTSKNTAYLQMNSLRAEDTAVYYCSRIRRWGFYYFDYWGQGTLVTVSSA,6.956362690407429,-0.13525055348873138,-0.7848654985427856
EVQLVESGGGLVQPGGSLRLSCAASGFNIKDTYIHWVRQAPGKGLEWVARIYPTNGYTRYADSVKGRFTISADTSKNTAYLQMNSLRAEDTAVYYCARGFVYAGIPFDYWGQGTLVTVSSA,6.950781977329818,-0.2361840456724167,-0.06548288464546204
EVQLVESGGGLVQPGGSLRLSCAASGFNIKDTYIHWVRQAPGKGLEWVARIYPTNGYTRYADSVKGRFTISADTSKNTAYLQMNSLRAEDTAVYYCARYYSDYSYTFSYWGQGTLVTVSSA,6.950045851977953,-1.940000295639038,-1.3395116329193115
EVQLVESGGGLVQPGGSLRLSCAASGFNIKDTYIHWVRQAPGKGLEWVARIYPTNGYTRYADSVKGRFTISADTSKNTAYLQMNSLRAEDTAVYYCARWWYGGRNYFDIWGQGTLVTVSSA,6.935055573961383,-2.8796982765197754,-1.918412685394287
EVQLVESGGGLVQPGGSLRLSCAASGFNIKDTYIHWVRQAPGKGLEWVARIYPTNGYTRYADSVKGRFTISADTSKNTAYLQMNSLRAEDTAVYYCTRSGELYGYFHDMWGQGTLVTVSSA,6.921217039803037,-0.8028899431228638,-2.6292598247528076
EVQLVESGGGLVQPGGSLRLSCAASGFNIKDTYIHWVRQAPGKGLEWVARIYPTNGYTRYADSVKGRFTISADTSKNTAYLQMNSLRAEDTAVYYCARWATALGYYWDYWGQGTLVTVSSA,6.916891720805265,-1.021637201309204,-0.4990001618862152
EVQLVESGGGLVQPGGSLRLSCAASGFNIKDTYIHWVRQAPGKGLEWVARIYPTNGYTRYADSVKGRFTISADTSKNTAYLQMNSLRAEDTAVYYCARWGGYGWYGFDYWGQGTLVTVSSA,6.909741947068683,-1.8599131107330322,-1.3303130865097046
EVQLVESGGGLVQPGGSLRLSCAASGFNIKDTYIHWVRQAPGKGLEWVARIYPTNGYTRYADSVKGRFTISADTSKNTAYLQMNSLRAEDTAVYYCARDGGGGFYAYDYWGQGTLVTVSSA,6.906018296085887,-2.978816032409668,-1.0152170658111572
EVQLVESGGGLVQPGGSLRLSCAASGFNIKDTYIHWVRQAPGKGLEWVARIYPTNGYTRYADSVKGRFTISADTSKNTAYLQMNSLRAEDTAVYYCARFSGYGAYDYAYWGQGTLVTVSSA,6.903124731940313,-0.26364317536354065,-1.8486248254776
EVQLVESGGGLVQPGGSLRLSCAASGFNIKDTYIHWVRQAPGKGLEWVARIYPTNGYTRYADSVKGRFTISADTSKNTAYLQMNSLRAEDTAVYYCARDGYPQYGGYGYWGQGTLVTVSSA,6.896983509671685,-2.989011287689209,-2.9789769649505615
EVQLVESGGGLVQPGGSLRLSCAASGFNIKDTYIHWVRQAPGKGLEWVARIYPTNGYTRYADSVKGRFTISADTSKNTAYLQMNSLRAEDTAVYYCARYGRDGSYYFDYWGQGTLVTVSSA,6.894489815230026,-0.0004599719832185656,-2.991828203201294
EVQLVESGGGLVQPGGSLRLSCAASGFNIKDTYIHWVRQAPGKGLEWVARIYPTNGYTRYADSVKGRFTISADTSKNTAYLQMNSLRAEDTAVYYCAGYEGYGLYPFAYWGQGTLVTVSSA,6.892450870255314,-2.5462379455566406,-0.07556260377168655
EVQLVESGGGLVQPGGSLRLSCAASGFNIKDTYIHWVRQAPGKGLEWVARIYPTNGYTRYADSVKGRFTISADTSKNTAYLQMNSLRAEDTAVYYCATYYGPYYYAMDYWGQGTLVTVSSA,6.891536458796405,-0.11485087871551514,-0.7898504734039307
EVQLVESGGGLVQPGGSLRLSCAASGFNIKDTYIHWVRQAPGKGLEWVARIYPTNGYTRYADSVKGRFTISADTSKNTAYLQMNSLRAEDTAVYYCARSNYYYGSGFAYWGQGTLVTVSSA,6.890117856800899,-1.2116420269012451,-2.3016719818115234
EVQLVESGGGLVQPGGSLRLSCAASGFNIKDTYIHWVRQAPGKGLEWVARIYPTNGYTRYADSVKGRFTISADTSKNTAYLQMNSLRAEDTAVYYCSRWGGEGYHAMDYWGQGTLVTVSSA,6.884023570545183,-2.945774793624878,-0.06196269020438194
EVQLVESGGGLVQPGGSLRLSCAASGFNIKDTYIHWVRQAPGKGLEWVARIYPTNGYTRYADSVKGRFTISADTSKNTAYLQMNSLRAEDTAVYYCVRLGDYGGYAMDYWGQGTLVTVSSA,6.881074247174223,-0.10867222398519516,-2.8541016578674316
EVQLVESGGGLVQPGGSLRLSCAASGFNIKDTYIHWVRQAPGKGLEWVARIYPTNGYTRYADSVKGRFTISADTSKNTAYLQMNSLRAEDTAVYYCARWWTPANYPFLYWGQGTLVTVSSA,6.876148359032914,-0.6713547110557556,-1.2185291051864624
EVQLVESGGGLVQPGGSLRLSCAASGFNIKDTYIHWVRQAPGKGLEWVARIDPANGYTRYADSVKGRFTISADTSKNTAYLQMNSLRAEDTAVYYCARVGGRGYYYYDYWGQGTLVTVSSA,6.872992442628673,-2.8793864250183105,-0.1100456565618515
EVQLVESGGGLVQPGGSLRLSCAASGFNIKDTYIHWVRQAPGKGLEWVARIYPTNGYTRYADSVKGRFTISADTSKNTAYLQMNSLRAEDTAVYYCARSHIGYYGQVALWGQGTLVTVSSA,6.87137459512405,-0.5479490160942078,-0.27236101031303406
EVQLVESGGGLVQPGGSLRLSCAASGFNIKDTYIHWVRQAPGKGLEWVARIYPTNGYTRYADSVKGRFTISADTSKNTAYLQMNSLRAEDTAVYYCASYYAPGSYGFDPWGQGTLVTVSSA,6.869601896347199,-2.5455615520477295,-1.2265084981918335
EVQLVESGGGLVQPGGSLRLSCAASGFNIKDTYIHWVRQAPGKGLEWVARIYPTNGYTRYADSVKGRFTISADTSKNTAYLQMNSLRAEDTAVYYCARYGLNHYYVYPYWGQGTLVTVSSA,6.86867010595719,-0.4393670856952667,-2.884424924850464
EVQLVESGGGLVQPGGSLRLSCAASGFNIKDTYIHWVRQAPGKGLEWVARIYPTNGYTRYADSVKGRFTISADTSKNTAYLQMNSLRAEDTAVYYCARSYFRFTGDFFYWGQGTLVTVSSA,6.86847757108693,-2.334568738937378,-0.2712666392326355
EVQLVESGGGLVQPGGSLRLSCAASGFNIKDTYIHWVRQAPGKGLEWVARIYPTNGYTRYADSVKGRFTISADTSKNTAYLQMNSLRAEDTAVYYCARWWGYGYYYFAYWGQGTLVTVSSA,6.854648183441539,-2.9788661003112793,-0.6811487078666687
EVQLVESGGGLVQPGGSLRLSCAASGFNIKDTYIHWVRQAPGKGLEWVARIYPTNGYTRYADSVKGRFTISADTSKNTAYLQMNSLRAEDTAVYYCSRYYDYNYYFMDYWGQGTLVTVSSA,6.8494584586259135,-0.44105130434036255,-2.8548364639282227
EVQLVESGGGLVQPGGSLRLSCAASGFNIKDTYIHWVRQAPGKGLEWVARIYPTNGYTRYADSVKGRFTISADTSKNTAYLQMNSLRAEDTAVYYCARDGGSSSYSYSYWGQGTLVTVSSA,6.834696307531639,-0.5145562887191772,-2.224489450454712
EVQLVESGGGLVQPGGSLRLSCAASGFNIKDTYIHWVRQAPGKGLEWVARIYPTNGYTRYADSVKGRFTISADTSKNTAYLQMNSLRAEDTAVYYCARTTSSIPSSFDYWGQGTLVTVSSA,6.827484636989228,-0.4396921992301941,-0.41750508546829224
EVQLVESGGGLVQPGGSLRLSCAASGFNIKDTYIHWVRQAPGKGLEWVARIYPTNGYTRYADSVKGRFTISADTSKNTAYLQMNSLRAEDTAVYYCARYRYGYYYYMDVWGQGTLVTVSSA,6.8228676829582255,-0.5445535182952881,-0.7832732200622559
EVQLVESGGGLVQPGGSLRLSCAASGFNIKDTYIHWVRQAPGKGLEWVARIYPTNGYTRYADSVKGRFTISADTSKNTAYLQMNSLRAEDTAVYYCARYGSLTYYAMHYWGQGTLVTVSSA,6.820735535660975,-1.6375330686569214,-0.16062024235725403
EVQLVESGGGLVQPGGSLRLSCAASGFNIKDTYIHWVRQAPGKGLEWVARIYPTNGYTRYADSVKGRFTISADTSKNTAYLQMNSLRAEDTAVYYCARYYYLDYYYFDYWGQGTLVTVSSA,6.815649325953044,-0.6936933994293213,-1.7805652618408203
EVQLVESGGGLVQPGGSLRLSCAASGFNIKDTYIHWVRQAPGKGLEWVARIYPTNGYTRYADSVKGRFTISADTSKNTAYLQMNSLRAEDTAVYYCARDGYPFYSGMDYWGQGTLVTVSSA,6.813835038272585,-0.44118744134902954,-2.995605707168579
EVQLVESGGGLVQPGGSLRLSCAASGFNIKDTYIHWVRQAPGKGLEWVARIYPTNGYTRYADSVKGRFTISADTSKNTAYLQMNSLRAEDTAVYYCATSGSVDRYDYVYWGQGTLVTVSSA,6.810565836598972,-0.5875993967056274,-2.8547189235687256
EVQLVESGGGLVQPGGSLRLSCAASGFNIKDTYIHWVRQAPGKGLEWVARIYPTNGYTRYADSVKGRFTISADTSKNTAYLQMNSLRAEDTAVYYCARYNPFDGFYFDVWGQGTLVTVSSA,6.808269606637143,-0.09297289699316025,-1.7091904878616333
EVQLVESGGGLVQPGGSLRLSCAASGFNIKDTYIHWVRQAPGKGLEWVARIYPTNGYTRYADSVKGRFTISADTSKNTAYLQMNSLRAEDTAVYYCARSSGYYYYGFVYWGQGTLVTVSSA,6.803022864624881,-1.5654460191726685,-2.994737386703491
EVQLVESGGGLVQPGGSLRLSCAASGFNIKDTYIHWVRQAPGKGLEWVARIDPADGYTRYADSVKGRFTISADTSKNTAYLQMNSLRAEDTAVYYCAREGGYGYYAMDYWGQGTLVTVSSA,6.79547305700016,-2.9280786514282227,-2.8198320865631104
EVQLVESGGGLVQPGGSLRLSCAASGFNIKDTYIHWVRQAPGKGLEWVARIYPTNGYTRYADSVKGRFTISADTSKNTAYLQMNSLRAEDTAVYYCARGYYQDSQSWGYWGQGTLVTVSSA,6.781202001888262,-0.6313446164131165,-0.2622763216495514
EVQLVESGGGLVQPGGSLRLSCAASGFNIKDTYIHWVRQAPGKGLEWVARIYPTNGYTRYADSVKGRFTISADTSKNTAYLQMNSLRAEDTAVYYCARVGGYGYYSYDYWGQGTLVTVSSA,6.772936407657174,-1.5672305822372437,-2.9957070350646973
EVQLVESGGGLVQPGGSLRLSCAASGFNIKDTYIHWVRQAPGKGLEWVARIYPTNGYTRYADSVKGRFTISADTSKNTAYLQMNSLRAEDTAVYYCASSGRLDLYDFRLWGQGTLVTVSSA,6.768224676024905,-0.17620417475700378,-0.0674818605184555
EVQLVESGGGLVQPGGSLRLSCAASGFNIKDTYIHWVRQAPGKGLEWVARIYPTNGYTRYADSVKGRFTISADTSKNTAYLQMNSLRAEDTAVYYCATGYGYLLYSDHDWGQGTLVTVSSA,6.766445507285477,-0.30401748418807983,-2.369189977645874
EVQLVESGGGLVQPGGSLRLSCAASGFNIKDTYIHWVRQAPGKGLEWVARIYPTNGYTRYADSVKGRFTISADTSKNTAYLQMNSLRAEDTAVYYCATGSGGGGFSYGYWGQGTLVTVSSA,6.740167300936516,-1.4381663799285889,-1.2841849327087402
EVQLVESGGGLVQPGGSLRLSCAASGFNIKDTYIHWVRQAPGKGLEWVARIYPTNGYTRYADSVKGRFTISADTSKNTAYLQMNSLRAEDTAVYYCAQYGRGGYWYFDYWGQGTLVTVSSA,6.724780813217851,-0.5658261775970459,-0.5242959260940552
EVQLVESGGGLVQPGGSLRLSCAASGFNIKDTYIHWVRQAPGKGLEWVARIYPTNGYTRYADSVKGRFTISADTSKNTAYLQMNSLRAEDTAVYYCARSYAFLYGRMDYWGQGTLVTVSSA,6.724688645458189,-1.2623926401138306,-1.016425812849775e-05
EVQLVESGGGLVQPGGSLRLSCAASGFNIKDTYIHWVRQAPGKGLEWVARIYPTNGYTRYADSVKGRFTISADTSKNTAYLQMNSLRAEDTAVYYCARYSYYGGGAFDYWGQGTLVTVSSA,6.719194071606333,-1.3758914470672607,-0.5269736647605896
EVQLVESGGGLVQPGGSLRLSCAASGFNIKDYYIHWVRQAPGKGLEWVARIYPSRGYTRYADSVKGRFTISADTSKNTAYLQMNSLRAEDTAVYYCARHGSEGRYTMDVWGQGTLVTVSSA,6.716517852951029,-0.5721345543861389,-2.5717687606811523
EVQLVESGGGLVQPGGSLRLSCAASGFNIKDTYIHWVRQAPGKGLEWVARIYPTNGYTRYADSVKGRFTISADTSKNTAYLQMNSLRAEDTAVYYCARDSPYYGSLYLYWGQGTLVTVSSA,6.688097868580511,-1.1548064947128296,-0.07523929327726364
EVQLVESGGGLVQPGGSLRLSCAASGFNIKDTYIHWVRQAPGKGLEWVARIYPANGYTRYADSVKGRFTISADTSKNTAYLQMNSLRAEDTAVYYCAREGGVGYYSFAYWGQGTLVTVSSA,6.671335038558475,-1.4267741441726685,-0.28656259179115295
EVQLVESGGGLVQPGGSLRLSCAASGFNIKDTYIHWVRQAPGKGLEWVARIYPTNGYTRYADSVKGRFTISADTSKNTAYLQMNSLRAEDTAVYYCSRYSYSGGHAFAYWGQGTLVTVSSA,6.669992299127241,-2.545083999633789,-2.947143077850342
EVQLVESGGGLVQPGGSLRLSCAASGFNIKDTYIHWVRQAPGKGLEWVARIYPTNGYTRYADSVKGRFTISADTSKNTAYLQMNSLRAEDTAVYYCARWYGLGSYGLTYWGQGTLVTVSSA,6.65233829087838,-2.76875638961792,-0.5959833264350891
EVQLVESGGGLVQPGGSLRLSCAASGFNVSSSYIHWVRQAPGKGLEWVARIYPENGSTRYADSVKGRFTISADTSKNTAYLQMNSLRAEDTAVYYCSRYSYYGGYAFDYWGQGTLVTVSSA,6.648010544564368,-0.39502400159835815,-0.09240125119686127
EVQLVESGGGLVQPGGSLRLSCAASGFNIKDTYIHWVRQAPGKGLEWVARIYPTNGYTRYADSVKGRFTISADTSKNTAYLQMNSLRAEDTAVYYCARWEQASVGSFGYWGQGTLVTVSSA,6.646179905102587,-1.370239019393921,-0.6209264397621155
EVQLVESGGGLVQPGGSLRLSCAASGFNIKDTYIHWVRQAPGKGLEWVARIYPTNGYTRYADSVKGRFTISADTSKNTAYLQMNSLRAEDTAVYYCARSGGYYHYGFVYWGQGTLVTVSSA,6.642160403462019,-0.9801415205001831,-0.6807528138160706
EVQLVESGGGLVQPGGSLRLSCAASGFNIKDTYIHWVRQAPGKGLEWVARIYPSNGYTRYADSVKGRFTISADTSKNTAYLQMNSLRAEDTAVYYCARSSGYYSYSYDYWGQGTLVTVSSA,6.638102255904119,-0.39768311381340027,-2.884507417678833
EVQLVESGGGLVQPGGSLRLSCAASGFNIKDTYIHWVRQAPGKGLEWVARIYPTNGYTRYADSVKGRFTISADTSKNTAYLQMNSLRAEDTAVYYCARWRYGGAYQFALWGQGTLVTVSSA,6.637310229273836,-1.2583657503128052,-0.7306351065635681
EVQLVESGGGLVQPGGSLRLSCAASGFNIKDTYIHWVRQAPGKGLEWVARIYPTNGYTRYADSVKGRFTISADTSKNTAYLQMNSLRAEDTAVYYCSRWGTDGVYAMDYWGQGTLVTVSSA,6.63712186421107,-0.45449984073638916,-1.5753135681152344
EVQLVESGGGLVQPGGSLRLSCAASGFNIKDTYIHWVRQAPGKGLEWVARIYPTNGYTRYADSVKGRFTISADTSKNTAYLQMNSLRAEDTAVYYCARDGGMYRYGLYGWGQGTLVTVSSA,6.635824367229381,-2.927722930908203,-2.9918501377105713
EVQLVESGGGLVQPGGSLRLSCAASGFNIKDTYIHWVRQAPGKGLEWVARIYPTNGYTRYADSVKGRFTISADTSKNTAYLQMNSLRAEDTAVYYCSRWDGDGNYAMDYWGQGTLVTVSSA,6.621093599976739,-2.9788355827331543,-0.3506021797657013
EVQLVESGGGLVQPGGSLRLSCAASGFNIKDTYIHWVRQAPGKGLEWVARIYPTNGYTRYADSVKGRFTISADTSKNTAYLQMNSLRAEDTAVYYCARYGGGPSYRLSYWGQGTLVTVSSA,6.613750803291077,-2.9918415546417236,-2.819112539291382
EVQLVESGGGLVQPGGSLRLSCAASGFNIKDTYIHWVRQAPGKGLEWVARIYPTNGYTRYADSVKGRFTISADTSKNTAYLQMNSLRAEDTAVYYCARWSGGSLYALDYWGQGTLVTVSSA,6.600845666041783,-0.44998979568481445,-0.37242066860198975
EVQLVESGGGLVQPGGSLRLSCAASGFNIKDTYIHWVRQAPGKGLEWVARIYPTNGYTRYADSVKGRFTISADTSKNTAYLQMNSLRAEDTAVYYCSRKGGDGFYGMDYWGQGTLVTVSSA,6.596553451224123,-0.8061254620552063,-0.16895325481891632
EVQLVESGGGLVQPGGSLRLSCAASGFNIKDTYIHWVRQAPGKGLEWVARIYPTNGYTRYADSVKGRFTISADTSKNTAYLQMNSLRAEDTAVYYCARGHYSLGYSFDFWGQGTLVTVSSA,6.591760034688151,-0.24636144936084747,-0.32805266976356506
EVQLVESGGGLVQPGGSLRLSCAASGFNIKDTYIHWVRQAPGKGLEWVARIYPTNGYTRYADSVKGRFTISADTSKNTAYLQMNSLRAEDTAVYYCSRRGGDYFYAMDYWGQGTLVTVSSA,6.591353074344235,-0.6042214632034302,-0.15429778397083282
EVQLVESGGGLVQPGGSLRLSCAASGFNIKDTYIHWVRQAPGKGLEWVARIYPTNGYTRYADSVKGRFTISADTSKNTAYLQMNSLRAEDTAVYYCARDGGIAYYYFAYWGQGTLVTVSSA,6.589982391796948,-0.18819577991962433,-1.996193289756775
EVQLVESGGGLVQPGGSLRLSCAASGFNIKDTYIHWVRQAPGKGLEWVARIYPTNGYTRYADSVKGRFTISADTSKNTAYLQMNSLRAEDTAVYYCARYGGRSSYYFDYWGQGTLVTVSSA,6.589864140580731,-0.8335660696029663,-0.07011346518993378
EVQLVESGGGLVQPGGSLRLSCAASGFNIKDTYIHWVRQAPGKGLEWVARIYPTNGYTRYADSVKGRFTISADTSKNTAYLQMNSLRAEDTAVYYCSRSGGDQFYAMDYWGQGTLVTVSSA,6.573179800036645,-0.33254408836364746,-2.297802686691284
EVQLVESGGGLVQPGGSLRLSCAASGFNIKDTYIHWVRQAPGKGLEWVARIDPENGYTRYADSVKGRFTISADTSKNTAYLQMNSLRAEDTAVYYCARVGGYGYYYYDYWGQGTLVTVSSA,6.556987488783215,-2.4062271118164062,-2.9957072734832764
EVQLVESGGGLVQPGGSLRLSCAASGFNIKDTYIHWVRQAPGKGLEWVARIYPTNGYTRYADSVKGRFTISADTSKNTAYLQMNSLRAEDTAVYYCARDGIYGYGGFAYWGQGTLVTVSSA,6.556674416046255,-0.34698840975761414,-0.6256020069122314
EVQLVESGGGLVQPGGSLRLSCAASGFNIKDTYIHWVRQAPGKGLEWVARIYPTNGYTRYADSVKGRFTISADTSKNTAYLQMNSLRAEDTAVYYCARDVYVGSPVFDYWGQGTLVTVSSA,6.5562364930224994,-0.24053162336349487,-2.735480785369873
EVQLVESGGGLVQPGGSLRLSCAASGFNIKDTYIHWVRQAPGKGLEWVARIYPTNGYTRYADSVKGRFTISADTSKNTAYLQMNSLRAEDTAVYYCARSNNWYSYSFQFWGQGTLVTVSSA,6.555955204081924,-2.2556018829345703,-2.9957072734832764
EVQLVESGGGLVQPGGSLRLSCAASGFNIKDTYIHWVRQAPGKGLEWVARIYPTNGYTRYADSVKGRFTISADTSKNTAYLQMNSLRAEDTAVYYCSRWGADGFTAMDYWGQGTLVTVSSA,6.551649298004096,-0.4275539219379425,-2.995706796646118
EVQLVESGGGLVQPGGSLRLSCAASGFNIKDTYIHWVRQAPGKGLEWVARIYPTNGYTRYADSVKGRFTISADTSKNTAYLQMNSLRAEDTAVYYCAYMGSHTIYSFEHWGQGTLVTVSSA,6.521433504406157,-2.9708049297332764,-0.3334868252277374
EVQLVESGGGLVQPGGSLRLSCAASGFNIKDTYIHWVRQAPGKGLEWVARIYPTNGYTRYADSVKGRFTISADTSKNTAYLQMNSLRAEDTAVYYCSRWGLDGVYAMDYWGQGTLVTVSSA,6.520323937131855,-2.9060988426208496,-1.9255273342132568
EVQLVESGGGLVQPGGSLRLSCAASGFNIKDTYIHWVRQAPGKGLEWVARIYPTNGYTRYADSVKGRFTISADTSKNTAYLQMNSLRAEDTAVYYCARSGGGSYYYYDYWGQGTLVTVSSA,6.512112511761912,-0.582818865776062,-0.3443996012210846
EVQLVESGGGLVQPGGSLRLSCAASGFNIKDTYIHWVRQAPGKGLEWVARIYPTNGYTRYADSVKGRFTISADTSKNTAYLQMNSLRAEDTAVYYCSRWGGDGFTFMDYWGQGTLVTVSSA,6.5074072167442925,-0.178977370262146,-2.6304590702056885
EVQLVESGGGLVQPGGSLRLSCAASGFNIKDTYIHWVRQAPGKGLEWVARIYPTNGYTRYADSVKGRFTISADTSKNTAYLQMNSLRAEDTAVYYCATSGTASWQHYGVWGQGTLVTVSSA,6.4922115705718575,-0.8700754046440125,-0.43178030848503113
EVQLVESGGGLVQPGGSLRLSCAASGFNIKDTYIHWVRQAPGKGLEWVARIYPTNGYTRYADSVKGRFTISADTSKNTAYLQMNSLRAEDTAVYYCARLGASHGYLYDDWGQGTLVTVSSA,6.484695879289678,-0.22731192409992218,-0.16330446302890778
EVQLVESGGGLVQPGGSLRLSCAASGFNIKDTYIHWVRQAPGKGLEWVARIYPTNGYTRYADSVKGRFTISADTSKNTAYLQMNSLRAEDTAVYYCARSTGSGFYSYDYWGQGTLVTVSSA,6.481525543233364,-2.928253650665283,-0.0721878707408905
EVQLVESGGGLVQPGGSLRLSCAASGFNIKDTYIHWVRQAPGKGLEWVARIYPTNGYTRYADSVKGRFTISADTSKNTAYLQMNSLRAEDTAVYYCARSGGYYTYGFDYWGQGTLVTVSSA,6.471533245943799,-2.7209370136260986,-1.5125391483306885
EVQLVESGGGLVQPGGSLRLSCAASGFNIKDTYIHWVRQAPGKGLEWVARIYPSNGYTRYADSVKGRFTISADTSKNTAYLQMNSLRAEDTAVYYCARSGYYYSYSFDYWGQGTLVTVSSA,6.458970211449147,-0.3179389238357544,-1.0039445161819458
EVQLVESGGGLVQPGGSLRLSCAASGFNIKDTYIHWVRQAPGKGLEWVARIYPTNGYTRYADSVKGRFTISADTSKNTAYLQMNSLRAEDTAVYYCTRYSYYGYHAMDYWGQGTLVTVSSA,6.451549158419995,-0.8309705257415771,-2.6852598190307617
EVQLVESGGGLVQPGGSLRLSCAASGFNIKDTYIHWVRQAPGKGLEWVARIYPTNGYTRYADSVKGRFTISADTSKNTAYLQMNSLRAEDTAVYYCARDYDFGLSVGAVWGQGTLVTVSSA,6.44660248987612,-2.5460851192474365,-2.995706796646118
EVQLVESGGGLVQPGGSLRLSCAASGFNIKDTYIHWVRQAPGKGLEWVARIYPTNGYTRYADSVKGRFTISADTSKNTAYLQMNSLRAEDTAVYYCSRYSYSGGGSFDYWGQGTLVTVSSA,6.441471423037927,-0.1338956654071808,-0.09435893595218658
EVQLVESGGGLVQPGGSLRLSCAASGFNIKDTYIHWVRQAPGKGLEWVARIYPTNGYTRYADSVKGRFTISADTSKNTAYLQMNSLRAEDTAVYYCARDGGGGVYAFTYWGQGTLVTVSSA,6.43937612545007,-2.9936599731445312,-2.883777379989624
EVQLVESGGGLVQPGGSLRLSCAASGFNIKDTYIHWVRQAPGKGLEWVARIYPTNGYTRYADSVKGRFTISADTSKNTAYLQMNSLRAEDTAVYYCARYSGDSYYYYDYWGQGTLVTVSSA,6.436257941704293,-0.00037972713471390307,-0.2999764084815979
EVQLVESGGGLVQPGGSLRLSCAASGFNIKDTYIHWVRQAPGKGLEWVARIYPTNGYTRYADSVKGRFTISADTSKNTAYLQMNSLRAEDTAVYYCARYHYRTIGSFGYWGQGTLVTVSSA,6.435333935747911,-0.5880388021469116,-0.025768548250198364
EVQLVESGGGLVQPGGSLRLSCAASGFNIKDTYIHWVRQAPGKGLEWVARIYPTNGYTRYADSVKGRFTISADTSKNTAYLQMNSLRAEDTAVYYCAWASGYGGYGMDYWGQGTLVTVSSA,6.433586079379844,-0.8133844137191772,-2.984895944595337
EVQLVESGGGLVQPGGSLRLSCAASGFNIKDTYIHWVRQAPGKGLEWVARIYPTNGYTRYADSVKGRFTISADTSKNTAYLQMNSLRAEDTAVYYCARYRDGYDYYFDYWGQGTLVTVSSA,6.418824322981798,-1.372583031654358,-2.960634469985962
EVQLVESGGGLVQPGGSLRLSCAASGFNIKDTYIHWVRQAPGKGLEWVARIYPTNGYTRYADSVKGRFTISADTSKNTAYLQMNSLRAEDTAVYYCSRWGGDGFQHMDYWGQGTLVTVSSA,6.404514801016897,-0.3441729247570038,-0.5601586103439331
EVQLVESGGGLVQPGGSLRLSCAASGFNIKDTWIHWVRQAPGKGLEWVARIDPANGYTRYADSVKGRFTISADTSKNTAYLQMNSLRAEDTAVYYCARVGGRGYYYYDYWGQGTLVTVSSA,6.404349487748598,-0.19125117361545563,-0.13793033361434937
EVQLVESGGGLVQPGGSLRLSCAASGFNIKDTYIHWVRQAPGKGLEWVARIYPTNGYTRYADSVKGRFTISADTSKNTAYLQMNSLRAEDTAVYYCARDGGRGRYAMDYWGQGTLVTVSSA,6.395363613701377,-2.9062345027923584,-0.201918825507164
EVQLVESGGGLVQPGGSLRLSCAASGFNIKDTYIHWVRQAPGKGLEWVARIYPTNGYTRYADSVKGRFTISADTSKNTAYLQMNSLRAEDTAVYYCARYSGSSYYYYDYWGQGTLVTVSSA,6.374019126688331,-1.7102959156036377,-2.7802042961120605
EVQLVESGGGLVQPGGSLRLSCAASGFNIKDTYIHWVRQAPGKGLEWVARIYPTNGYTRYADSVKGRFTISADTSKNTAYLQMNSLRAEDTAVYYCARYGGSSNYYYDYWGQGTLVTVSSA,6.35591608142317,-2.9281468391418457,-0.4699380099773407
EVQLVESGGGLVQPGGSLRLSCAASGFNIKDTYIHWVRQAPGKGLEWVARIYPTNGYTRYADSVKGRFTISADTSKNTAYLQMNSLRAEDTAVYYCATGLSPSGSNGPYWGQGTLVTVSSA,6.352362787729886,-0.23280540108680725,-0.0827040821313858
EVQLVESGGGLVQPGGSLRLSCAASGFNIKDTYIHWVRQAPGKGLEWVARIYPTNGYTRYADSVKGRFTISADTSKNTAYLQMNSLRAEDTAVYYCVRSGYDYYSWFAYWGQGTLVTVSSA,6.332229614493109,-0.2509549856185913,-0.2497624307870865
EVQLVESGGGLVQPGGSLRLSCAASGFNIKDTYIHWVRQAPGKGLEWVARIYPANGYTRYADSVKGRFTISADTSKNTAYLQMNSLRAEDTAVYYCASSGGGYSYYYTYWGQGTLVTVSSA,6.3225938180200565,-2.254106044769287,-0.6902218461036682
EVQLVESGGGLVQPGGSLRLSCAASGFNIKDTYIHWVRQAPGKGLEWVARIYPTNGYTRYADSVKGRFTISADTSKNTAYLQMNSLRAEDTAVYYCARYSYYGGGYFDYWGQGTLVTVSSA,6.3209811505990245,-0.14416833221912384,-0.4213239252567291
EVQLVESGGGLVQPGGSLRLSCAASGFNIKDTYIHWVRQAPGKGLEWVARIYPTNGYTRYADSVKGRFTISADTSKNTAYLQMNSLRAEDTAVYYCARSYGSGSYSFDYWGQGTLVTVSSA,6.305640532097788,-0.5863491296768188,-1.5739877223968506
EVQLVESGGGLVQPGGSLRLSCAASGFNIKDTYIHWVRQAPGKGLEWVARIYPTNGYTRYADSVKGRFTISADTSKNTAYLQMNSLRAEDTAVYYCARGYAYYVAGREYWGQGTLVTVSSA,6.304518323509803,-0.23829245567321777,-0.6849982738494873
EVQLVESGGGLVQPGGSLRLSCAASGFNIKDTYIHWVRQAPGKGLEWVARIYPTNGYTRYADSVKGRFTISADTSKNTAYLQMNSLRAEDTAVYYCSRYSYYGGGGFDYWGQGTLVTVSSA,6.302997456541026,-0.559867799282074,-1.1187093257904053
EVQLVESGGGLVQPGGSLRLSCAASGFNIKDTYIHWVRQAPGKGLEWVARIYPTSGYTRYADSVKGRFTISADTSKNTAYLQMNSLRAEDTAVYYCASDGGVSSYSFDYWGQGTLVTVSSA,6.265640286465304,-0.13102470338344574,-2.8845646381378174
EVQLVESGGGLVQPGGSLRLSCAASGFNIKDTYIHWVRQAPGKGLEWVARIYPANGYTRYADSVKGRFTISADTSKNTAYLQMNSLRAEDTAVYYCASSGGSSSYYYNYWGQGTLVTVSSA,6.256631364710342,-0.2250061184167862,-0.5479405522346497
EVQLVESGGGLVQPGGSLRLSCAASGFNIKDTYIHWVRQAPGKGLEWVARIYPTNGYTRYADSVKGRFTISADTSKNTAYLQMNSLRAEDTAVYYCARSRGSSSYMMDYWGQGTLVTVSSA,6.247068488349481,-0.6949096322059631,-1.132064938545227
EVQLVESGGGLVQPGGSLRLSCAASGFNIKDTYIHWVRQAPGKGLEWVARIYPTNGYTRYADSVKGRFTISADTSKNTAYLQMNSLRAEDTAVYYCARDRGVSGYYLYYWGQGTLVTVSSA,6.246593145685108,-0.2099670022726059,-1.846846103668213
EVQLVESGGGLVQPGGSLRLSCAASGFNIKDTYIHWVRQAPGKGLEWVARIYPTNGYTRYADSVKGRFTISADTSKNTAYLQMNSLRAEDTAVYYCARNYYGAAYYFDYWGQGTLVTVSSA,6.244208963631403,-2.720733165740967,-0.24393779039382935
EVQLVESGGGLVQPGGSLRLSCAASGFNIKDTYIHWVRQAPGKGLEWVARIYPSSGYTRYADSVKGRFTISADTSKNTAYLQMNSLRAEDTAVYYCASSGGRYYYYYDYWGQGTLVTVSSA,6.228758034539023,-0.2944360673427582,-2.6850807666778564
EVQLVESGGGLVQPGGSLRLSCAASGFNIKDTYIHWVRQAPGKGLEWVARIYPTNGYTRYADSVKGRFTISADTSKNTAYLQMNSLRAEDTAVYYCARTDIIYSGHFAYWGQGTLVTVSSA,6.220252037085032,-2.180208206176758,-2.909517288208008
EVQLVESGGGLVQPGGSLRLSCAASGFNIKDTYIHWVRQAPGKGLEWVARIYPTNGYTRYADSVKGRFTISADTSKNTAYLQMNSLRAEDTAVYYCARSGGSGYYSYNYWGQGTLVTVSSA,6.21965387989447,-0.3407209813594818,-0.506483256816864
EVQLVESGGGLVQPGGSLRLSCAASGFNIKDTYIHWVRQAPGKGLEWVARIYPTNGYTRYADSVKGRFTISADTSKNTAYLQMNSLRAEDTAVYYCARFMGGGYTSSDYWGQGTLVTVSSA,6.195724232870906,-0.6928940415382385,-0.27805137634277344
EVQLVESGGGLVQPGGSLRLSCAASGFNFKDTYIHWVRQAPGKGLEWVARIYPANGYTRYADSVKGRFTISADTSKNTAYLQMNSLRAEDTAVYYCASDGGSYSYAFDYWGQGTLVTVSSA,6.192302649192609,-0.6981321573257446,-0.5615674257278442
EVQLVESGGGLVQPGGSLRLSCAASGFNIKDTYIHWVRQAPGKGLEWVARIYPTNGYTRYADSVKGRFTISADTSKNTAYLQMNSLRAEDTAVYYCARSSGSSYYGFDYWGQGTLVTVSSA,6.175249543960697,-1.938462734222412,-0.9990013837814331
EVQLVESGGGLVQPGGSLRLSCAASGFNIKDTYIHWVRQAPGKGLEWVARIYPEDGSTRYADSVKGRFTISADTSKNTAYLQMNSLRAEDTAVYYCARSGGSSTYAYDYWGQGTLVTVSSA,6.174457047415913,-1.6360137462615967,-0.147561714053154
EVQLVESGGGLVQPGGSLRLSCAASGFNIKDTYIHWVRQAPGKGLEWVARIYPTNGYTRYADSVKGRFTISADTSKNTAYLQMNSLRAEDTAVYYCARSGGSSFYGMDYWGQGTLVTVSSA,6.167471927665727,-0.4986914098262787,-0.37408533692359924
EVQLVESGGGLVQPGGSLRLSCAASGFNIKDTYIHWVRQAPGKGLEWVARIYPTNGYTRYADSVKGRFTISADTSKNTAYLQMNSLRAEDTAVYYCARGYYDTSQSHAYWGQGTLVTVSSA,6.147032308971181,-2.9706568717956543,-1.9221497774124146
EVQLVESGGGLVQPGGSLRLSCAASGFNIKDTYIHWVRQAPGKGLEWVARIYSSDGYTRYADSVKGRFTISADTSKNTAYLQMNSLRAEDTAVYYCARSGGSSYYYYDYWGQGTLVTVSSA,6.091713407874497,-0.08096865564584732,-0.3296757936477661
EVQLVESGGGLVQPGGSLRLSCAASGFNIKDTYIHWVRQAPGKGLEWVARIYPTNGYTRYADSVKGRFTISADTSKNTAYLQMNSLRAEDTAVYYCARYSGSGGNAFAYWGQGTLVTVSSA,6.063712511489185,-2.811338186264038,-0.06273496150970459
EVQLVESGGGLVQPGGSLRLSCAASGFNIKDTYIHWVRQAPGKGLEWVARIYPTNGYTRYADSVKGRFTISADTSKNTAYLQMNSLRAEDTAVYYCARTGGSSYYAYDYWGQGTLVTVSSA,6.045159541100713,-2.5455825328826904,-1.9971482753753662
EVQLVESGGGLVQPGGSLRLSCAASGFNIKDTYIHWVRQAPGKGLEWVARIYPSNGYTRYADSVKGRFTISADTSKNTAYLQMNSLRAEDTAVYYCARYRGSSSYYFDYWGQGTLVTVSSA,6.042617819126254,-0.3064326345920563,-0.48757651448249817
EVQLVESGGGLVQPGGSLRLSCAASGFNIKDTYIHWVRQAPGKGLEWVARIYPTNGYTRYADSVKGRFTISADTSKNTAYLQMNSLRAEDTAVYYCARHYYGWSSGYDYWGQGTLVTVSSA,6.018022920110226,-2.4055793285369873,-2.9953272342681885
EVQLVESGGGLVQPGGSLRLSCAASGFNIKDTYIHWVRQAPGKGLEWVARIYPTNGYTRYADSVKGRFTISADTSKNTAYLQMNSLRAEDTAVYYCARSAGIGYYAMDYWGQGTLVTVSSA,6.0024738249901,-0.6934276223182678,-0.928846001625061
EVQLVESGGGLVQPGGSLRLSCAASGFNIKDTYIHWVRQAPGKGLEWVARIYPTNGYTRYADSVKGRFTISADTSKNTAYLQMNSLRAEDTAVYYCSRYGYSGYGAFDYWGQGTLVTVSSA,5.977951235241623,-0.7519524097442627,-2.9947397708892822
EVQLVESGGGLVQPGGSLRLSCAASGFNIKDTYIHWVRQAPGKGLEWVARIYPTNGYTRYADSVKGRFTISADTSKNTAYLQMNSLRAEDTAVYYCARSGGSYSYSFDVWGQGTLVTVSSA,5.972523996263773,-0.6048052906990051,-0.5363830924034119
EVQLVESGGGLVQPGGSLRLSCAASGFNIKDTYIHWVRQAPGKGLEWVARIYPTNGYTRYADSVKGRFTISADTSKNTAYLQMNSLRAEDTAVYYCARSGGSSYYYYDYWGQGTLVTVSSA,5.971807089838353,-0.7205971479415894,-2.8840250968933105
EVQLVESGGGLVQPGGSLRLSCAASGFNISDYYIHWVRQAPGKGLEWVARIYPSSGYTRYADSVKGRFTISADTSKNTAYLQMNSLRAEDTAVYYCARDGGVGSYSMDVWGQGTLVTVSSA,5.878446721160414,-0.3052840232849121,-0.593994677066803
EVQLVESGGGLVQPGGSLRLSCAASGFNIKDTYIHWVRQAPGKGLEWVARIYPTNGYTRYADSVKGRFTISADTSKNTAYLQMNSLRAEDTAVYYCARSGGRYTYGFDYWGQGTLVTVSSA,5.851505315338953,-0.30018672347068787,-1.7064008712768555
EVQLVESGGGLVQPGGSLRLSCAASGFNIKDTYIHWVRQAPGKGLEWVARIYPTNGYTRYADSVKGRFTISADTSKNTAYLQMNSLRAEDTAVYYCASSGGSSSYSYSYWGQGTLVTVSSA,5.799149501908922,-0.3218379616737366,-0.799979031085968
EVQLVESGGGLVQPGGSLRLSCAASGFNIKDTYIHWVRQAPGKGLEWVARIYPADGYTRYADSVKGRFTISADTSKNTAYLQMNSLRAEDTAVYYCASSGGSSYYYYDYWGQGTLVTVSSA,5.77660011805128,-1.5066184997558594,-2.225433588027954
EVQLVESGGGLVQPGGSLRLSCAASGFNVKDTYIHWVRQAPGKGLEWVARIYPSDGYTRYADSVKGRFTISADTSKNTAYLQMNSLRAEDTAVYYCASSGGSSYYYYDYWGQGTLVTVSSA,5.769934448793953,-2.993680477142334,-1.3266558647155762
EVQLVESGGGLVQPGGSLRLSCAASGFNIKDTYIHWVRQAPGKGLEWVARIYPTNGYTRYADSVKGRFTISADTSKNTAYLQMNSLRAEDTAVYYCASSGGSSSYSYYYWGQGTLVTVSSA,5.763256220640341,-2.99573016166687,-0.5877290964126587
EVQLVESGGGLVQPGGSLRLSCAASGFNIKDTYIHWVRQAPGKGLEWVARIYPTNGYTRYADSVKGRFTISADTSKNTAYLQMNSLRAEDTAVYYCARSGGSGYYYYDYWGQGTLVTVSSA,5.737451620218279,-0.3181746006011963,-0.6021236777305603
EVQLVESGGGLVQPGGSLRLSCAASGFNIKDTYIHWVRQAPGKGLEWVARIYPTNGYTRYADSVKGRFTISADTSKNTAYLQMNSLRAEDTAVYYCARYSSSGGSAFDYWGQGTLVTVSSA,5.701939852521577,-2.3322227001190186,-1.7737911939620972
EVQLVESGGGLVQPGGSLRLSCAASGFNIKDTYIHWVRQAPGKGLEWVARIYPTNGYTRYADSVKGRFTISADTSKNTAYLQMNSLRAEDTAVYYCARVGGRGYYAYDYWGQGTLVTVSSA,5.640847788553105,-0.4832957983016968,-1.1173763275146484
EVQLVESGGGLVQPGGSLRLSCAASGFNIKDTYIHWVRQAPGKGLEWVARIYPTNGYTRYADSVKGRFTISADTSKNTAYLQMNSLRAEDTAVYYCAVSGGSSSYSYQYWGQGTLVTVSSA,5.615972922206005,-2.989053964614868,-0.7494019269943237
EVQLVESGGGLVQPGGSLRLSCAASGFNIKDTYIHWVRQAPGKGLEWVARIYPTNGYTRYADSVKGRFTISADTSKNTAYLQMNSLRAEDTAVYYCARDGGSGYYAYDYWGQGTLVTVSSA,5.597927856364727,-2.4782662391662598,-0.9244904518127441
