,mut_heavy_chain_seq,binding_score,dg
0,EVQLVESGGGLVQPGGSLRLSCAASGFNIKDTYIHWVRQAPGKGLEWVARIYPTNGYTRYADSVKGRFTISADTSKNTAYLQMNSLRAEDTAVYYCARWGGYGFYAMDYWGQGTLVTVSSA,9.2518119729938,-2.50565
1,EVQLVESGGGLVQPGGSLRLSCAASGFNIKDTYIHWVRQAPGKGLEWVARIYPTNGYTRYADSVKGRFTISADTSKNTAYLQMNSLRAEDTAVYYCTRWYYFIYYYMDVWGQGTLVTVSSA,9.060480747381382,-4.72381
2,EVQLVESGGGLVQPGGSLRLSCAASGFNIKDTYIHWVRQAPGKGLEWVARIYPTNGYTRYADSVKGRFTISADTSKNTAYLQMNSLRAEDTAVYYCTRYFFNGWYYFDVWGQGTLVTVSSA,9.0268721464003,-10.1963
3,EVQLVESGGGLVQPGGSLRLSCAASGFNIKDTYIHWVRQAPGKGLEWVARIYPTNGYTRYADSVKGRFTISADTSKNTAYLQMNSLRAEDTAVYYCARYYGYGGYWFAYWGQGTLVTVSSA,9.008773924307503,-10.5085
4,EVQLVESGGGLVQPGGSLRLSCAASGFNIKDTYIHWVRQAPGKGLEWVARIYPTNGYTRYADSVKGRFTISADTSKNTAYLQMNSLRAEDTAVYYCSRWGGWGFYSMDYWGQGTLVTVSSA,8.97061622231479,-5.87639
5,EVQLVESGGGLVQPGGSLRLSCAASGFNIKDTYIHWVRQAPGKGLEWVARIYPTNGYTRYADSVKGRFTISADTSKNTAYLQMNSLRAEDTAVYYCSRWHGYGFYAMDYWGQGTLVTVSSA,8.694648630553376,-5.00381
6,EVQLVESGGGLVQPGGSLRLSCAASGFNIKDTYIHWVRQAPGKGLEWVARIYPTNGYTRYADSVKGRFTISADTSKNTAYLQMNSLRAEDTAVYYCTRWLEGLSYFMDYWGQGTLVTVSSA,8.619788758288394,-1.47819
7,EVQLVESGGGLVQPGGSLRLSCAASGFNIKDTYIHWVRQAPGKGLEWVARIYPTNGYTRYADSVKGRFTISADTSKNTAYLQMNSLRAEDTAVYYCTRYGGRGAYYFDVWGQGTLVTVSSA,8.595166283380062,-10.5451
8,EVQLVESGGGLVQPGGSLRLSCAASGFNIKDTYIHWVRQAPGKGLEWVARIYPTNGYTRYADSVKGRFTISADTSKNTAYLQMNSLRAEDTAVYYCARWPFYGPYNYDYWGQGTLVTVSSA,8.578396073130168,-6.01746
9,EVQLVESGGGLVQPGGSLRLSCAASGFNIKDTYIHWVRQAPGKGLEWVARIYPTNGYTRYADSVKGRFTISADTSKNTAYLQMNSLRAEDTAVYYCARWIDGYSYFMDYWGQGTLVTVSSA,8.578396073130168,1.99536
10,EVQLVESGGGLVQPGGSLRLSCAASGFNIKDTYIHWVRQAPGKGLEWVARIYPTNGYTRYADSVKGRFTISADTSKNTAYLQMNSLRAEDTAVYYCTRYYYGGPYYFDYWGQGTLVTVSSA,8.52432881167557,-7.89707
11,EVQLVESGGGLVQPGGSLRLSCAASGFNIKDTYIHWVRQAPGKGLEWVARIYPTNGYTRYADSVKGRFTISADTSKNTAYLQMNSLRAEDTAVYYCARYGLGDWYYFAYWGQGTLVTVSSA,8.522878745280337,-11.2476
12,EVQLVESGGGLVQPGGSLRLSCAASGFNIKDTYIHWVRQAPGKGLEWVARIYPTNGYTRYADSVKGRFTISADTSKNTAYLQMNSLRAEDTAVYYCARYEAYGLYPFGYWGQGTLVTVSSA,8.469800301796917,-10.8656
13,EVQLVESGGGLVQPGGSLRLSCAASGFNIKDTYIHWVRQAPGKGLEWVARIYPTNGYTRYADSVKGRFTISADTSKNTAYLQMNSLRAEDTAVYYCARWLGEGYYNFDYWGQGTLVTVSSA,8.465973893943865,-6.25137
14,EVQLVESGGGLVQPGGSLRLSCAASGFNIKDTYIHWVRQAPGKGLEWVARIYPTNGYTRYADSVKGRFTISADTSKNTAYLQMNSLRAEDTAVYYCSRWGGRGFYAMDYWGQGTLVTVSSA,8.455931955649724,-6.45942
15,EVQLVESGGGLVQPGGSLRLSCAASGFNIKDTYIHWVRQAPGKGLEWVARIYPTNGYTRYADSVKGRFTISADTSKNTAYLQMNSLRAEDTAVYYCANDIYIQGYDLNRWGQGTLVTVSSA,8.399027104313252,-10.8577
16,EVQLVESGGGLVQPGGSLRLSCAASGFNIKDTYIHWVRQAPGKGLEWVARIYPTNGYTRYADSVKGRFTISADTSKNTAYLQMNSLRAEDTAVYYCARWTAGYTYYMDYWGQGTLVTVSSA,8.388276691992658,-0.0441141
17,EVQLVESGGGLVQPGGSLRLSCAASGFNIKDTYIHWVRQAPGKGLEWVARIYPTNGYTRYADSVKGRFTISADTSKNTAYLQMNSLRAEDTAVYYCTRWGYYGYYAMDYWGQGTLVTVSSA,8.341035157335565,-4.62501
18,EVQLVESGGGLVQPGGSLRLSCAASGFNIKDTYIHWVRQAPGKGLEWVARIYPTNGYTRYADSVKGRFTISADTSKNTAYLQMNSLRAEDTAVYYCARWWYYGYYYFDVWGQGTLVTVSSA,8.330683119433887,-6.45022
19,EVQLVESGGGLVQPGGSLRLSCAASGFNIKDTYIHWVRQAPGKGLEWVARIYPTNGYTRYADSVKGRFTISADTSKNTAYLQMNSLRAEDTAVYYCARWPGYGSYYMDVWGQGTLVTVSSA,8.316052869248487,-8.14856
20,EVQLVESGGGLVQPGGSLRLSCAASGFNIKDTYIHWVRQAPGKGLEWVARIYPTNGYTRYADSVKGRFTISADTSKNTAYLQMNSLRAEDTAVYYCSRWGGPGLYAMDYWGQGTLVTVSSA,8.296708621881338,-4.21144
21,EVQLVESGGGLVQPGGSLRLSCAASGFNIKDTYIHWVRQAPGKGLEWVARIYPTNGYTRYADSVKGRFTISADTSKNTAYLQMNSLRAEDTAVYYCARWRGDGFYAMDYWGQGTLVTVSSA,8.29413628771608,-2.44987
22,EVQLVESGGGLVQPGGSLRLSCAASGFNIKDTYIHWVRQAPGKGLEWVARIYPTNGYTRYADSVKGRFTISADTSKNTAYLQMNSLRAEDTAVYYCVRYYGDGGYYFDYWGQGTLVTVSSA,8.271646217978772,-9.25741
23,EVQLVESGGGLVQPGGSLRLSCAASGFNIKDTYIHWVRQAPGKGLEWVARIYPTNGYTRYADSVKGRFTISADTSKNTAYLQMNSLRAEDTAVYYCARWYYYGYYYFDVWGQGTLVTVSSA,8.247183568811728,-6.59629
24,EVQLVESGGGLVQPGGSLRLSCAASGFNIKDTYIHWVRQAPGKGLEWVARIYPTNGYTRYADSVKGRFTISADTSKNTAYLQMNSLRAEDTAVYYCARWYYLGYYYFDYWGQGTLVTVSSA,8.201349354554731,-7.07132
25,EVQLVESGGGLVQPGGSLRLSCAASGFNIKDTYIHWVRQAPGKGLEWVARIYPTNGYTRYADSVKGRFTISADTSKNTAYLQMNSLRAEDTAVYYCARWWYGGYYYFDYWGQGTLVTVSSA,8.191114132640188,-6.61497
26,EVQLVESGGGLVQPGGSLRLSCAASGFNIKDTYIHWVRQAPGKGLEWVARIYPTNGYTRYADSVKGRFTISADTSKNTAYLQMNSLRAEDTAVYYCARWLYYGYYYFDYWGQGTLVTVSSA,8.187086643357144,-10.0739
27,EVQLVESGGGLVQPGGSLRLSCAASGFNIKDTYIHWVRQAPGKGLEWVARIYPTNGYTRYADSVKGRFTISADTSKNTAYLQMNSLRAEDTAVYYCARWWYGGYYYMDYWGQGTLVTVSSA,8.174573882232178,-5.74967
28,EVQLVESGGGLVQPGGSLRLSCAASGFNIKDTYIHWVRQAPGKGLEWVARIYPTNGYTRYADSVKGRFTISADTSKNTAYLQMNSLRAEDTAVYYCVRYGGWGFWYFDYWGQGTLVTVSSA,8.170053304058364,-13.5625
29,EVQLVESGGGLVQPGGSLRLSCAASGFNIKDTYIHWVRQAPGKGLEWVARIYPTNGYTRYADSVKGRFTISADTSKNTAYLQMNSLRAEDTAVYYCTRYYYYGSYHFDYWGQGTLVTVSSA,8.16621562534352,-11.2185
30,EVQLVESGGGLVQPGGSLRLSCAASGFNIKDTYIHWVRQAPGKGLEWVARIYPTNGYTRYADSVKGRFTISADTSKNTAYLQMNSLRAEDTAVYYCARWGYSGWYVMDYWGQGTLVTVSSA,8.159266765388193,-4.58465
31,EVQLVESGGGLVQPGGSLRLSCAASGFNIKDTYIHWVRQAPGKGLEWVARIYPTNGYTRYADSVKGRFTISADTSKNTAYLQMNSLRAEDTAVYYCARWEGIGGYYFVYWGQGTLVTVSSA,8.153044674980176,-6.05786
32,EVQLVESGGGLVQPGGSLRLSCAASGFNIKDTYIHWVRQAPGKGLEWVARIYPTNGYTRYADSVKGRFTISADTSKNTAYLQMNSLRAEDTAVYYCARWYYGYYYYFDVWGQGTLVTVSSA,8.152427340857887,-1.69983
33,EVQLVESGGGLVQPGGSLRLSCAASGFNIKDTYIHWVRQAPGKGLEWVARIYPTNGYTRYADSVKGRFTISADTSKNTAYLQMNSLRAEDTAVYYCARYFYDYYYYFDFWGQGTLVTVSSA,8.148130399270233,-4.77709
34,EVQLVESGGGLVQPGGSLRLSCAASGFNIKDTYIHWVRQAPGKGLEWVARIYPTNGYTRYADSVKGRFTISADTSKNTAYLQMNSLRAEDTAVYYCARYGDGYYYYFAYWGQGTLVTVSSA,8.136082623042139,-4.47179
35,EVQLVESGGGLVQPGGSLRLSCAASGFNIKDTYIHWVRQAPGKGLEWVARIYPTNGYTRYADSVKGRFTISADTSKNTAYLQMNSLRAEDTAVYYCARYGGSYFYYYSYWGQGTLVTVSSA,8.136082623042139,-6.93449
36,EVQLVESGGGLVQPGGSLRLSCAASGFNIKDTYIHWVRQAPGKGLEWVARIYPTNGYTRYADSVKGRFTISADTSKNTAYLQMNSLRAEDTAVYYCARWYGYGGYYFDYWGQGTLVTVSSA,8.129011186239424,-4.84177
37,EVQLVESGGGLVQPGGSLRLSCAASGFNIKDTYIHWVRQAPGKGLEWVARIYPTNGYTRYADSVKGRFTISADTSKNTAYLQMNSLRAEDTAVYYCTRNYYDYYYYFDYWGQGTLVTVSSA,8.122628654130226,-5.15047
38,EVQLVESGGGLVQPGGSLRLSCAASGFNIKDTYIHWVRQAPGKGLEWVARIYPTNGYTRYADSVKGRFTISADTSKNTAYLQMNSLRAEDTAVYYCARWKGYGHYYMDYWGQGTLVTVSSA,8.114073660198569,-6.12426
39,EVQLVESGGGLVQPGGSLRLSCAASGFNIKDTYIHWVRQAPGKGLEWVARIYPTNGYTRYADSVKGRFTISADTSKNTAYLQMNSLRAEDTAVYYCARWYYGHYYYMDYWGQGTLVTVSSA,8.10902040301031,-2.13331
40,EVQLVESGGGLVQPGGSLRLSCAASGFNIKDTYIHWVRQAPGKGLEWVARIYPTNGYTRYADSVKGRFTISADTSKNTAYLQMNSLRAEDTAVYYCARWGYDYYYMMDVWGQGTLVTVSSA,8.09963287134353,-1.30557
41,EVQLVESGGGLVQPGGSLRLSCAASGFNIKDTYIHWVRQAPGKGLEWVARIYPTNGYTRYADSVKGRFTISADTSKNTAYLQMNSLRAEDTAVYYCARYYGYGGYYFDYWGQGTLVTVSSA,8.094204119632131,-9.70183
42,EVQLVESGGGLVQPGGSLRLSCAASGFNIKDTYIHWVRQAPGKGLEWVARIYPTNGYTRYADSVKGRFTISADTSKNTAYLQMNSLRAEDTAVYYCARWGGPGYYAFVWWGQGTLVTVSSA,8.092588639225413,-9.53539
43,EVQLVESGGGLVQPGGSLRLSCAASGFNIKDTYIHWVRQAPGKGLEWVARIYPTNGYTRYADSVKGRFTISADTSKNTAYLQMNSLRAEDTAVYYCARWRQDGAYYLDYWGQGTLVTVSSA,8.090979145788845,-3.35694
44,EVQLVESGGGLVQPGGSLRLSCAASGFNIKDTYIHWVRQAPGKGLEWVARIYPTNGYTRYADSVKGRFTISADTSKNTAYLQMNSLRAEDTAVYYCARYYGYGGYWYDTWGQGTLVTVSSA,8.086716098239581,-10.8383
45,EVQLVESGGGLVQPGGSLRLSCAASGFNIKDTYIHWVRQAPGKGLEWVARIYPTNGYTRYADSVKGRFTISADTSKNTAYLQMNSLRAEDTAVYYCARWVYGYYYYFDYWGQGTLVTVSSA,8.086186147616283,-1.2278
46,EVQLVESGGGLVQPGGSLRLSCAASGFNIKDTYIHWVRQAPGKGLEWVARIYPTNGYTRYADSVKGRFTISADTSKNTAYLQMNSLRAEDTAVYYCARWYYYGGYYFDYWGQGTLVTVSSA,8.081445469449726,-3.48032
47,EVQLVESGGGLVQPGGSLRLSCAASGFNIKDTYIHWVRQAPGKGLEWVARIYPTNGYTRYADSVKGRFTISADTSKNTAYLQMNSLRAEDTAVYYCARNYYDLYYYFDYWGQGTLVTVSSA,8.075204004202089,-8.53236
48,EVQLVESGGGLVQPGGSLRLSCAASGFNIKDTYIHWVRQAPGKGLEWVARIYPTNGYTRYADSVKGRFTISADTSKNTAYLQMNSLRAEDTAVYYCARYYYDYYYYFDYWGQGTLVTVSSA,8.073657553374344,-5.23967
49,EVQLVESGGGLVQPGGSLRLSCAASGFNIKDTYIHWVRQAPGKGLEWVARIYPTNGYTRYADSVKGRFTISADTSKNTAYLQMNSLRAEDTAVYYCARWGYGGAYYMDYWGQGTLVTVSSA,8.073143291050307,-4.70174
50,EVQLVESGGGLVQPGGSLRLSCAASGFNIKDTYIHWVRQAPGKGLEWVARIYPTNGYTRYADSVKGRFTISADTSKNTAYLQMNSLRAEDTAVYYCARWYYYGYYYMDVWGQGTLVTVSSA,8.0695604052333,-6.63517
51,EVQLVESGGGLVQPGGSLRLSCAASGFNIKDTYIHWVRQAPGKGLEWVARIYPTNGYTRYADSVKGRFTISADTSKNTAYLQMNSLRAEDTAVYYCTSIFSGGYYGLDSWGQGTLVTVSSA,8.067019178076801,-9.76193
52,EVQLVESGGGLVQPGGSLRLSCAASGFNIKDTYIHWVRQAPGKGLEWVARIYPTNGYTRYADSVKGRFTISADTSKNTAYLQMNSLRAEDTAVYYCARWYYYGAYYFDYWGQGTLVTVSSA,8.061480274823507,-4.23129
53,EVQLVESGGGLVQPGGSLRLSCAASGFNIKDTYIHWVRQAPGKGLEWVARIYPTNGYTRYADSVKGRFTISADTSKNTAYLQMNSLRAEDTAVYYCTRYGSFHYYYFDVWGQGTLVTVSSA,8.05898575629443,-4.84324
54,EVQLVESGGGLVQPGGSLRLSCAASGFNIKDTYIHWVRQAPGKGLEWVARIYPTNGYTRYADSVKGRFTISADTSKNTAYLQMNSLRAEDTAVYYCARWGGYGYYYMDVWGQGTLVTVSSA,8.056505484093897,-5.81568
55,EVQLVESGGGLVQPGGSLRLSCAASGFNIKDTYIHWVRQAPGKGLEWVARIYPTNGYTRYADSVKGRFTISADTSKNTAYLQMNSLRAEDTAVYYCTRFIDNGPYYFDYWGQGTLVTVSSA,8.049635145623878,-10.333
56,EVQLVESGGGLVQPGGSLRLSCAASGFNIKDTYIHWVRQAPGKGLEWVARIYPTNGYTRYADSVKGRFTISADTSKNTAYLQMNSLRAEDTAVYYCARYLSAVYYYMDHWGQGTLVTVSSA,8.041914151478915,-7.00995
57,EVQLVESGGGLVQPGGSLRLSCAASGFNIKDTYIHWVRQAPGKGLEWVARIYPTNGYTRYADSVKGRFTISADTSKNTAYLQMNSLRAEDTAVYYCTRYASGYFYAFDYWGQGTLVTVSSA,8.03905380426617,-4.49029
58,EVQLVESGGGLVQPGGSLRLSCAASGFNIKDTYIHWVRQAPGKGLEWVARIYPTNGYTRYADSVKGRFTISADTSKNTAYLQMNSLRAEDTAVYYCTLWGLPMMYVYFFWGQGTLVTVSSA,8.036212172654444,-7.47177
59,EVQLVESGGGLVQPGGSLRLSCAASGFNIKDTYIHWVRQAPGKGLEWVARIYPTNGYTRYADSVKGRFTISADTSKNTAYLQMNSLRAEDTAVYYCARWLYYGLYYFDVWGQGTLVTVSSA,8.03526907894637,-4.68944
60,EVQLVESGGGLVQPGGSLRLSCAASGFNIKDTYIHWVRQAPGKGLEWVARIYPTNGYTRYADSVKGRFTISADTSKNTAYLQMNSLRAEDTAVYYCARWGEFGPYYFDYWGQGTLVTVSSA,8.034328028779893,-6.24077
61,EVQLVESGGGLVQPGGSLRLSCAASGFNIKDTYIHWVRQAPGKGLEWVARIYPTNGYTRYADSVKGRFTISADTSKNTAYLQMNSLRAEDTAVYYCARWTERGFYSFDIWGQGTLVTVSSA,8.032452023781138,-10.3306
62,EVQLVESGGGLVQPGGSLRLSCAASGFNIKDTYIHWVRQAPGKGLEWVARIYPTNGYTRYADSVKGRFTISADTSKNTAYLQMNSLRAEDTAVYYCARWGYYGYYYFDVWGQGTLVTVSSA,8.0195421077239,-6.59853
63,EVQLVESGGGLVQPGGSLRLSCAASGFNIKDTYIHWVRQAPGKGLEWVARIYPTNGYTRYADSVKGRFTISADTSKNTAYLQMNSLRAEDTAVYYCARYYGYGGYYMDYWGQGTLVTVSSA,8.003926345514724,-9.24013
64,EVQLVESGGGLVQPGGSLRLSCAASGFNIKDTYIHWVRQAPGKGLEWVARIYPTNGYTRYADSVKGRFTISADTSKNTAYLQMNSLRAEDTAVYYCAKFAYYGPYHFDPWGQGTLVTVSSA,7.99481948749622,-9.22575
65,EVQLVESGGGLVQPGGSLRLSCAASGFNIKDTYIHWVRQAPGKGLEWVARIYPTNGYTRYADSVKGRFTISADTSKNTAYLQMNSLRAEDTAVYYCARWYGYGYYFMDVWGQGTLVTVSSA,7.9931062920521,-4.83921
66,EVQLVESGGGLVQPGGSLRLSCAASGFNIKDTYIHWVRQAPGKGLEWVARIYPTNGYTRYADSVKGRFTISADTSKNTAYLQMNSLRAEDTAVYYCARWGGGGYYFMDYWGQGTLVTVSSA,7.978810700930062,-5.98849
67,EVQLVESGGGLVQPGGSLRLSCAASGFNIKDTYIHWVRQAPGKGLEWVARIYPTNGYTRYADSVKGRFTISADTSKNTAYLQMNSLRAEDTAVYYCARWYGFGGYYFDYWGQGTLVTVSSA,7.971022294791222,-4.83154
68,EVQLVESGGGLVQPGGSLRLSCAASGFNIKDTYIHWVRQAPGKGLEWVARIYPTNGYTRYADSVKGRFTISADTSKNTAYLQMNSLRAEDTAVYYCARWLGSGYYWFDYWGQGTLVTVSSA,7.962573502059376,-5.69533
69,EVQLVESGGGLVQPGGSLRLSCAASGFNIKDTYIHWVRQAPGKGLEWVARIYPTNGYTRYADSVKGRFTISADTSKNTAYLQMNSLRAEDTAVYYCARWYYYGRYYFDYWGQGTLVTVSSA,7.958607314841775,-6.33158
70,EVQLVESGGGLVQPGGSLRLSCAASGFNIKDTYIHWVRQAPGKGLEWVARIYPTNGYTRYADSVKGRFTISADTSKNTAYLQMNSLRAEDTAVYYCTPYDVLGSYYFRVWGQGTLVTVSSA,7.94692155651658,-9.98836
71,EVQLVESGGGLVQPGGSLRLSCAASGFNIKDTYIHWVRQAPGKGLEWVARIYPTNGYTRYADSVKGRFTISADTSKNTAYLQMNSLRAEDTAVYYCTRWGGYGYYAMDYWGQGTLVTVSSA,7.946537395074545,-4.01582
72,EVQLVESGGGLVQPGGSLRLSCAASGFNIKDTYIHWVRQAPGKGLEWVARIYPTNGYTRYADSVKGRFTISADTSKNTAYLQMNSLRAEDTAVYYCSRYYAGGWYYFDYWGQGTLVTVSSA,7.929962133392245,-8.65802
73,EVQLVESGGGLVQPGGSLRLSCAASGFNIKDTYIHWVRQAPGKGLEWVARIYPTNGYTRYADSVKGRFTISADTSKNTAYLQMNSLRAEDTAVYYCARWYGGGYYYMDYWGQGTLVTVSSA,7.926648297613099,-6.04282
74,EVQLVESGGGLVQPGGSLRLSCAASGFNIKDTYIHWVRQAPGKGLEWVARIYPTNGYTRYADSVKGRFTISADTSKNTAYLQMNSLRAEDTAVYYCTRYGGYGYYYMDYWGQGTLVTVSSA,7.920818753952375,-8.50926
75,EVQLVESGGGLVQPGGSLRLSCAASGFNIKDTYIHWVRQAPGKGLEWVARIYPTNGYTRYADSVKGRFTISADTSKNTAYLQMNSLRAEDTAVYYCTRYRGPYYYYFDPWGQGTLVTVSSA,7.918292729902651,-3.96565
76,EVQLVESGGGLVQPGGSLRLSCAASGFNIKDTYIHWVRQAPGKGLEWVARIYPTNGYTRYADSVKGRFTISADTSKNTAYLQMNSLRAEDTAVYYCVRWGVGAYYNFDYWGQGTLVTVSSA,7.91721462968355,-6.47012
77,EVQLVESGGGLVQPGGSLRLSCAASGFNIKDTYIHWVRQAPGKGLEWVARIYPTNGYTRYADSVKGRFTISADTSKNTAYLQMNSLRAEDTAVYYCTRYDYDYYYYFDYWGQGTLVTVSSA,7.913284336055118,-4.38763
78,EVQLVESGGGLVQPGGSLRLSCAASGFNIKDTYIHWVRQAPGKGLEWVARIYPTNGYTRYADSVKGRFTISADTSKNTAYLQMNSLRAEDTAVYYCARWYYYGGYYFDVWGQGTLVTVSSA,7.903437561625864,-4.36861
79,EVQLVESGGGLVQPGGSLRLSCAASGFNIKDTYIHWVRQAPGKGLEWVARIYPTNGYTRYADSVKGRFTISADTSKNTAYLQMNSLRAEDTAVYYCARWRYGYYYYMDYWGQGTLVTVSSA,7.893809102736585,-1.00609
80,EVQLVESGGGLVQPGGSLRLSCAASGFNIKDTYIHWVRQAPGKGLEWVARIYPTNGYTRYADSVKGRFTISADTSKNTAYLQMNSLRAEDTAVYYCTRWAFDGVYYMDYWGQGTLVTVSSA,7.891434976267166,-5.0589
81,EVQLVESGGGLVQPGGSLRLSCAASGFNIKDTYIHWVRQAPGKGLEWVARIYPTNGYTRYADSVKGRFTISADTSKNTAYLQMNSLRAEDTAVYYCTRYYYGLYYYMDVWGQGTLVTVSSA,7.888065723667318,-7.78211
82,EVQLVESGGGLVQPGGSLRLSCAASGFNIKDTYIHWVRQAPGKGLEWVARIYPTNGYTRYADSVKGRFTISADTSKNTAYLQMNSLRAEDTAVYYCARWRGDGGYYFDYWGQGTLVTVSSA,7.882728704344236,-2.25502
83,EVQLVESGGGLVQPGGSLRLSCAASGFNIKDTYIHWVRQAPGKGLEWVARIYPTNGYTRYADSVKGRFTISADTSKNTAYLQMNSLRAEDTAVYYCVRYGFDGSYYFDPWGQGTLVTVSSA,7.880744110722063,-9.14079
84,EVQLVESGGGLVQPGGSLRLSCAASGFNIKDTYIHWVRQAPGKGLEWVARIYPTNGYTRYADSVKGRFTISADTSKNTAYLQMNSLRAEDTAVYYCARYVGLGGYPLGYWGQGTLVTVSSA,7.879097182385473,-10.8689
85,EVQLVESGGGLVQPGGSLRLSCAASGFNIKDTYIHWVRQAPGKGLEWVARIYPTNGYTRYADSVKGRFTISADTSKNTAYLQMNSLRAEDTAVYYCARWYYYGYYAMDVWGQGTLVTVSSA,7.875169850586141,-4.84642
86,EVQLVESGGGLVQPGGSLRLSCAASGFNIKDTYIHWVRQAPGKGLEWVARIYPTNGYTRYADSVKGRFTISADTSKNTAYLQMNSLRAEDTAVYYCARWGYYGNYYFDYWGQGTLVTVSSA,7.872895201635193,-3.66148
87,EVQLVESGGGLVQPGGSLRLSCAASGFNIKDTYIHWVRQAPGKGLEWVARIYPTNGYTRYADSVKGRFTISADTSKNTAYLQMNSLRAEDTAVYYCVRWGGYGYYAMDYWGQGTLVTVSSA,7.870310107800699,-3.90026
88,EVQLVESGGGLVQPGGSLRLSCAASGFNIKDTYIHWVRQAPGKGLEWVARIYPTNGYTRYADSVKGRFTISADTSKNTAYLQMNSLRAEDTAVYYCARWRGYGSYAMDVWGQGTLVTVSSA,7.866461091629783,-3.79397
89,EVQLVESGGGLVQPGGSLRLSCAASGFNIKDTYIHWVRQAPGKGLEWVARIYPTNGYTRYADSVKGRFTISADTSKNTAYLQMNSLRAEDTAVYYCARWWYGGYYFFDYWGQGTLVTVSSA,7.863279432843593,-6.93402
90,EVQLVESGGGLVQPGGSLRLSCAASGFNIKDTYIHWVRQAPGKGLEWVARIYPTNGYTRYADSVKGRFTISADTSKNTAYLQMNSLRAEDTAVYYCARYGSSYYYYFDYWGQGTLVTVSSA,7.856985199745905,-4.60888
91,EVQLVESGGGLVQPGGSLRLSCAASGFNIKDTYIHWVRQAPGKGLEWVARIYPTNGYTRYADSVKGRFTISADTSKNTAYLQMNSLRAEDTAVYYCARHFGVASYSFDYWGQGTLVTVSSA,7.856360764725457,-8.53221
92,EVQLVESGGGLVQPGGSLRLSCAASGFNIKDTYIHWVRQAPGKGLEWVARIYPTNGYTRYADSVKGRFTISADTSKNTAYLQMNSLRAEDTAVYYCARYGGYGGYYFDYWGQGTLVTVSSA,7.853871964321762,-9.96842
93,EVQLVESGGGLVQPGGSLRLSCAASGFNIKDTYIHWVRQAPGKGLEWVARIYPTNGYTRYADSVKGRFTISADTSKNTAYLQMNSLRAEDTAVYYCAKYGATGWYYFDYWGQGTLVTVSSA,7.850165303284215,-10.5547
94,EVQLVESGGGLVQPGGSLRLSCAASGFNIKDTYIHWVRQAPGKGLEWVARIYPTNGYTRYADSVKGRFTISADTSKNTAYLQMNSLRAEDTAVYYCARYGYYGPYYFDYWGQGTLVTVSSA,7.844663962534939,-9.74284
95,EVQLVESGGGLVQPGGSLRLSCAASGFNIKDTYIHWVRQAPGKGLEWVARIYPTNGYTRYADSVKGRFTISADTSKNTAYLQMNSLRAEDTAVYYCTRYGYGGPYWFDYWGQGTLVTVSSA,7.843450848668219,-7.31155
96,EVQLVESGGGLVQPGGSLRLSCAASGFNIKDTYIHWVRQAPGKGLEWVARIYPTNGYTRYADSVKGRFTISADTSKNTAYLQMNSLRAEDTAVYYCARYRGVWYYDFDNWGQGTLVTVSSA,7.838631997765025,-7.68
97,EVQLVESGGGLVQPGGSLRLSCAASGFNIKDTYIHWVRQAPGKGLEWVARIYPTNGYTRYADSVKGRFTISADTSKNTAYLQMNSLRAEDTAVYYCARYLQLGPYYFDYWGQGTLVTVSSA,7.832682665251823,-9.29381
98,EVQLVESGGGLVQPGGSLRLSCAASGFNIKDTYIHWVRQAPGKGLEWVARIYPTNGYTRYADSVKGRFTISADTSKNTAYLQMNSLRAEDTAVYYCARWYYGYYYWFDVWGQGTLVTVSSA,7.826813731587726,-1.31114
99,EVQLVESGGGLVQPGGSLRLSCAASGFNIKDTYIHWVRQAPGKGLEWVARIYPTNGYTRYADSVKGRFTISADTSKNTAYLQMNSLRAEDTAVYYCARWWGGGAYYFDYWGQGTLVTVSSA,7.826813731587726,-3.73606
100,EVQLVESGGGLVQPGGSLRLSCAASGFNIKDTYIHWVRQAPGKGLEWVARIYPTNGYTRYADSVKGRFTISADTSKNTAYLQMNSLRAEDTAVYYCAKYLGQEAYAYFSWGQGTLVTVSSA,7.826813731587726,-7.92103
101,EVQLVESGGGLVQPGGSLRLSCAASGFNIKDTYIHWVRQAPGKGLEWVARIYPTNGYTRYADSVKGRFTISADTSKNTAYLQMNSLRAEDTAVYYCARWDSGGPYYFDSWGQGTLVTVSSA,7.812479279163537,-7.23226
102,EVQLVESGGGLVQPGGSLRLSCAASGFNIKDTYIHWVRQAPGKGLEWVARIYPTNGYTRYADSVKGRFTISADTSKNTAYLQMNSLRAEDTAVYYCARYGSRYYYYFDYWGQGTLVTVSSA,7.804100347590766,-4.84495
103,EVQLVESGGGLVQPGGSLRLSCAASGFNIKDTYIHWVRQAPGKGLEWVARIYPTNGYTRYADSVKGRFTISADTSKNTAYLQMNSLRAEDTAVYYCARYGSGYYYYFDYWGQGTLVTVSSA,7.804100347590766,-3.88525
104,EVQLVESGGGLVQPGGSLRLSCAASGFNIKDTYIHWVRQAPGKGLEWVARIYPTNGYTRYADSVKGRFTISADTSKNTAYLQMNSLRAEDTAVYYCARWLAGYNYYFDVWGQGTLVTVSSA,7.802995271976954,2.00055
105,EVQLVESGGGLVQPGGSLRLSCAASGFNIKDTYIHWVRQAPGKGLEWVARIYPTNGYTRYADSVKGRFTISADTSKNTAYLQMNSLRAEDTAVYYCARYTYFGSFDFDYWGQGTLVTVSSA,7.802443786846464,-12.5609
106,EVQLVESGGGLVQPGGSLRLSCAASGFNIKDTYIHWVRQAPGKGLEWVARIYPTNGYTRYADSVKGRFTISADTSKNTAYLQMNSLRAEDTAVYYCARWLRALGYYMDYWGQGTLVTVSSA,7.79997073344623,-2.95764
107,EVQLVESGGGLVQPGGSLRLSCAASGFNIKDTYIHWVRQAPGKGLEWVARIYPTNGYTRYADSVKGRFTISADTSKNTAYLQMNSLRAEDTAVYYCVRWYGYGYYYMDYWGQGTLVTVSSA,7.795608668080701,-6.0082
108,EVQLVESGGGLVQPGGSLRLSCAASGFNIKDTYIHWVRQAPGKGLEWVARIYPTNGYTRYADSVKGRFTISADTSKNTAYLQMNSLRAEDTAVYYCARWYYGYAYYMDYWGQGTLVTVSSA,7.791289980093599,0.365816
109,EVQLVESGGGLVQPGGSLRLSCAASGFNIKDTYIHWVRQAPGKGLEWVARIYPTNGYTRYADSVKGRFTISADTSKNTAYLQMNSLRAEDTAVYYCARYWGLGGYYFDHWGQGTLVTVSSA,7.783042792638903,-10.7549
110,EVQLVESGGGLVQPGGSLRLSCAASGFNIKDTYIHWVRQAPGKGLEWVARIYPTNGYTRYADSVKGRFTISADTSKNTAYLQMNSLRAEDTAVYYCVRYGFYGYYYFDYWGQGTLVTVSSA,7.782516055786094,-8.85437
111,EVQLVESGGGLVQPGGSLRLSCAASGFNIKDTYIHWVRQAPGKGLEWVARIYPTNGYTRYADSVKGRFTISADTSKNTAYLQMNSLRAEDTAVYYCARWLAFGYYAMDYWGQGTLVTVSSA,7.775466937393914,-3.56632
112,EVQLVESGGGLVQPGGSLRLSCAASGFNIKDTYIHWVRQAPGKGLEWVARIYPTNGYTRYADSVKGRFTISADTSKNTAYLQMNSLRAEDTAVYYCAKYINAYSYAFFDWGQGTLVTVSSA,7.770830297460899,-4.70365
113,EVQLVESGGGLVQPGGSLRLSCAASGFNIKDTYIHWVRQAPGKGLEWVARIYPTNGYTRYADSVKGRFTISADTSKNTAYLQMNSLRAEDTAVYYCARYSGYGLYPYAYWGQGTLVTVSSA,7.759201228882668,-9.39124
114,EVQLVESGGGLVQPGGSLRLSCAASGFNIKDTYIHWVRQAPGKGLEWVARIYPTNGYTRYADSVKGRFTISADTSKNTAYLQMNSLRAEDTAVYYCAKYAYYGDFWGSVWGQGTLVTVSSA,7.757707095017069,-11.9323
115,EVQLVESGGGLVQPGGSLRLSCAASGFNIKDTYIHWVRQAPGKGLEWVARIYPTNGYTRYADSVKGRFTISADTSKNTAYLQMNSLRAEDTAVYYCTRYEYQDYYHFDYWGQGTLVTVSSA,7.733768303310107,-6.29099
116,EVQLVESGGGLVQPGGSLRLSCAASGFNIKDTYIHWVRQAPGKGLEWVARIYPSNGYTRYADSVKGRFTISADTSKNTAYLQMNSLRAEDTAVYYCARYGGSYAYYFYYWGQGTLVTVSSA,7.730487055782084,-5.55543
117,EVQLVESGGGLVQPGGSLRLSCAASGFNIKDTYIHWVRQAPGKGLEWVARIYPTNGYTRYADSVKGRFTISADTSKNTAYLQMNSLRAEDTAVYYCARWYGQVFYAMDYWGQGTLVTVSSA,7.729554091982037,-2.44441
118,EVQLVESGGGLVQPGGSLRLSCAASGFNIKDTYIHWVRQAPGKGLEWVARIYPTNGYTRYADSVKGRFTISADTSKNTAYLQMNSLRAEDTAVYYCARYYGVGPYSMDVWGQGTLVTVSSA,7.721246399047171,-8.6937
119,EVQLVESGGGLVQPGGSLRLSCAASGFNIKDTYIHWVRQAPGKGLEWVARIYPTNGYTRYADSVKGRFTISADTSKNTAYLQMNSLRAEDTAVYYCARWGYGGYYYFDYWGQGTLVTVSSA,7.718966632752273,-6.56569
120,EVQLVESGGGLVQPGGSLRLSCAASGFNIKDTYIHWVRQAPGKGLEWVARIYPTNGYTRYADSVKGRFTISADTSKNTAYLQMNSLRAEDTAVYYCASYGLDGYYYFDVWGQGTLVTVSSA,7.7146677723561154,-8.88973
121,EVQLVESGGGLVQPGGSLRLSCAASGFNIKDTYIHWVRQAPGKGLEWVARIYPTNGYTRYADSVKGRFTISADTSKNTAYLQMNSLRAEDTAVYYCARWNYYGYYYFDYWGQGTLVTVSSA,7.712646227285253,-6.79633
122,EVQLVESGGGLVQPGGSLRLSCAASGFNIKDTYIHWVRQAPGKGLEWVARIYPTNGYTRYADSVKGRFTISADTSKNTAYLQMNSLRAEDTAVYYCARWGYDYYYAMDYWGQGTLVTVSSA,7.712198270069774,0.0655924
123,EVQLVESGGGLVQPGGSLRLSCAASGFNIKDTYIHWVRQAPGKGLEWVARIYPTNGYTRYADSVKGRFTISADTSKNTAYLQMNSLRAEDTAVYYCARYYSYGQYAFDPWGQGTLVTVSSA,7.711750774428014,-9.3045
124,EVQLVESGGGLVQPGGSLRLSCAASGFNIKDTYIHWVRQAPGKGLEWVARIYPTNGYTRYADSVKGRFTISADTSKNTAYLQMNSLRAEDTAVYYCARYGGGGRYYFDYWGQGTLVTVSSA,7.707743928643524,-9.88814
125,EVQLVESGGGLVQPGGSLRLSCAASGFNIKDTYIHWVRQAPGKGLEWVARIYPTNGYTRYADSVKGRFTISADTSKNTAYLQMNSLRAEDTAVYYCARYWYGGYYYFDYWGQGTLVTVSSA,7.706416486503883,-10.4474
126,EVQLVESGGGLVQPGGSLRLSCAASGFNIKDTYIHWVRQAPGKGLEWVARIYPTNGYTRYADSVKGRFTISADTSKNTAYLQMNSLRAEDTAVYYCTRWLYYSAYYFDFWGQGTLVTVSSA,7.704432900037521,-5.25902
127,EVQLVESGGGLVQPGGSLRLSCAASGFNIKDTYIHWVRQAPGKGLEWVARIYPTNGYTRYADSVKGRFTISADTSKNTAYLQMNSLRAEDTAVYYCARYAHYGPYYFDFWGQGTLVTVSSA,7.703334809738469,-10.1669
128,EVQLVESGGGLVQPGGSLRLSCAASGFNIKDTYIHWVRQAPGKGLEWVARIYPTNGYTRYADSVKGRFTISADTSKNTAYLQMNSLRAEDTAVYYCVRYGSDVYYYFDIWGQGTLVTVSSA,7.701802132890185,-7.25838
129,EVQLVESGGGLVQPGGSLRLSCAASGFNIKDTYIHWVRQAPGKGLEWVARIYPTNGYTRYADSVKGRFTISADTSKNTAYLQMNSLRAEDTAVYYCARWLTGLSYNWDYWGQGTLVTVSSA,7.698752911363789,-2.57749
130,EVQLVESGGGLVQPGGSLRLSCAASGFNIKDTYIHWVRQAPGKGLEWVARIYPTNGYTRYADSVKGRFTISADTSKNTAYLQMNSLRAEDTAVYYCARWYYGGYYAMDYWGQGTLVTVSSA,7.696803942579511,-4.79279
131,EVQLVESGGGLVQPGGSLRLSCAASGFNIKDTYIHWVRQAPGKGLEWVARIYPTNGYTRYADSVKGRFTISADTSKNTAYLQMNSLRAEDTAVYYCARYYGYGYYYFHYWGQGTLVTVSSA,7.695078838099108,-11.0809
132,EVQLVESGGGLVQPGGSLRLSCAASGFNIKDTYIHWVRQAPGKGLEWVARIYPTNGYTRYADSVKGRFTISADTSKNTAYLQMNSLRAEDTAVYYCARWGSIGYYAFDHWGQGTLVTVSSA,7.688246138944246,-6.49747
133,EVQLVESGGGLVQPGGSLRLSCAASGFNIKDTYIHWVRQAPGKGLEWVARIYPTNGYTRYADSVKGRFTISADTSKNTAYLQMNSLRAEDTAVYYCARWGGYGGYYFDYWGQGTLVTVSSA,7.686343653381969,-2.90003
134,EVQLVESGGGLVQPGGSLRLSCAASGFNIKDTYIHWVRQAPGKGLEWVARIYPTNGYTRYADSVKGRFTISADTSKNTAYLQMNSLRAEDTAVYYCARYGNYYYYYFDYWGQGTLVTVSSA,7.67778070526608,-4.48186
135,EVQLVESGGGLVQPGGSLRLSCAASGFNIKDTYIHWVRQAPGKGLEWVARIYPTNGYTRYADSVKGRFTISADTSKNTAYLQMNSLRAEDTAVYYCARWGYGYSYYFDVWGQGTLVTVSSA,7.675717544702308,-1.84475
136,EVQLVESGGGLVQPGGSLRLSCAASGFNIKDTYIHWVRQAPGKGLEWVARIYPTNGYTRYADSVKGRFTISADTSKNTAYLQMNSLRAEDTAVYYCARYTSVGIYAFNYWGQGTLVTVSSA,7.667561540084395,-9.75427
137,EVQLVESGGGLVQPGGSLRLSCAASGFNIKDTYIHWVRQAPGKGLEWVARIYPTNGYTRYADSVKGRFTISADTSKNTAYLQMNSLRAEDTAVYYCARWPYGYYYYMDYWGQGTLVTVSSA,7.659952682338607,-2.06173
138,EVQLVESGGGLVQPGGSLRLSCAASGFNIKDTYIHWVRQAPGKGLEWVARIYPTNGYTRYADSVKGRFTISADTSKNTAYLQMNSLRAEDTAVYYCTRWNYDGAYFFDYWGQGTLVTVSSA,7.658961368322477,-6.08121
139,EVQLVESGGGLVQPGGSLRLSCAASGFNIKDTYIHWVRQAPGKGLEWVARIYPTNGYTRYADSVKGRFTISADTSKNTAYLQMNSLRAEDTAVYYCARYRGRGFYSFDYWGQGTLVTVSSA,7.658367664221946,-11.3638
140,EVQLVESGGGLVQPGGSLRLSCAASGFNIKDTYIHWVRQAPGKGLEWVARIYPTNGYTRYADSVKGRFTISADTSKNTAYLQMNSLRAEDTAVYYCARWYWYGAYYFDYWGQGTLVTVSSA,7.657577319177794,-3.96991
141,EVQLVESGGGLVQPGGSLRLSCAASGFNIKDTYIHWVRQAPGKGLEWVARIYPTNGYTRYADSVKGRFTISADTSKNTAYLQMNSLRAEDTAVYYCARWGYYGYYWFDYWGQGTLVTVSSA,7.654626269440912,-6.32467
142,EVQLVESGGGLVQPGGSLRLSCAASGFNIKDTYIHWVRQAPGKGLEWVARIYPTNGYTRYADSVKGRFTISADTSKNTAYLQMNSLRAEDTAVYYCARHYYYGYYYFDVWGQGTLVTVSSA,7.645891560852599,-9.49796
143,EVQLVESGGGLVQPGGSLRLSCAASGFNIKDTYIHWVRQAPGKGLEWVARIYPTNGYTRYADSVKGRFTISADTSKNTAYLQMNSLRAEDTAVYYCATYSTYYNYAFGIWGQGTLVTVSSA,7.645891560852599,-8.44913
144,EVQLVESGGGLVQPGGSLRLSCAASGFNIKDTYIHWVRQAPGKGLEWVARIYPTNGYTRYADSVKGRFTISADTSKNTAYLQMNSLRAEDTAVYYCTRYLHDYYYYFDYWGQGTLVTVSSA,7.643974142806877,-3.56559
145,EVQLVESGGGLVQPGGSLRLSCAASGFNIKDTYIHWVRQAPGKGLEWVARIYPTNGYTRYADSVKGRFTISADTSKNTAYLQMNSLRAEDTAVYYCVRYFYDGNYYFDLWGQGTLVTVSSA,7.639595945270061,-8.87676
146,EVQLVESGGGLVQPGGSLRLSCAASGFNIKDTYIHWVRQAPGKGLEWVARIYPTNGYTRYADSVKGRFTISADTSKNTAYLQMNSLRAEDTAVYYCARFDGPFYYAFAYWGQGTLVTVSSA,7.639028116274064,-5.6077
147,EVQLVESGGGLVQPGGSLRLSCAASGFNIKDTYIHWVRQAPGKGLEWVARIYPTNGYTRYADSVKGRFTISADTSKNTAYLQMNSLRAEDTAVYYCARYRGYVLYDFAYWGQGTLVTVSSA,7.636952405478906,-9.80921
148,EVQLVESGGGLVQPGGSLRLSCAASGFNIKDTYIHWVRQAPGKGLEWVARIYPTNGYTRYADSVKGRFTISADTSKNTAYLQMNSLRAEDTAVYYCARENDGSPGSFEYWGQGTLVTVSSA,7.635636645384269,-6.26862
149,EVQLVESGGGLVQPGGSLRLSCAASGFNIKDTYIHWVRQAPGKGLEWVARIYPTNGYTRYADSVKGRFTISADTSKNTAYLQMNSLRAEDTAVYYCAVTDLDGLHSYRYWGQGTLVTVSSA,7.632644078973981,-11.1987
150,EVQLVESGGGLVQPGGSLRLSCAASGFNIKDTYIHWVRQAPGKGLEWVARIYPTNGYTRYADSVKGRFTISADTSKNTAYLQMNSLRAEDTAVYYCTRYYYGSGYFFDYWGQGTLVTVSSA,7.622147580993245,-9.4634
151,EVQLVESGGGLVQPGGSLRLSCAASGFNIKDTYIHWVRQAPGKGLEWVARIYPTNGYTRYADSVKGRFTISADTSKNTAYLQMNSLRAEDTAVYYCARWYGYGYYAMDVWGQGTLVTVSSA,7.621057301386562,-4.02328
152,EVQLVESGGGLVQPGGSLRLSCAASGFNIKDTYIHWVRQAPGKGLEWVARIYPTNGYTRYADSVKGRFTISADTSKNTAYLQMNSLRAEDTAVYYCARWGYGGYYYFDVWGQGTLVTVSSA,7.62015082123717,-7.07967
153,EVQLVESGGGLVQPGGSLRLSCAASGFNIKDTYIHWVRQAPGKGLEWVARIYPTNGYTRYADSVKGRFTISADTSKNTAYLQMNSLRAEDTAVYYCARYDPYGFYHLDYWGQGTLVTVSSA,7.615467384505751,-10.176
154,EVQLVESGGGLVQPGGSLRLSCAASGFNIKDTYIHWVRQAPGKGLEWVARIYPTNGYTRYADSVKGRFTISADTSKNTAYLQMNSLRAEDTAVYYCVRYGYGDYYYFDYWGQGTLVTVSSA,7.6006724678413216,-4.59731
155,EVQLVESGGGLVQPGGSLRLSCAASGFNIKDTYIHWVRQAPGKGLEWVARIYPTNGYTRYADSVKGRFTISADTSKNTAYLQMNSLRAEDTAVYYCTRWGYDYWYFFDYWGQGTLVTVSSA,7.599116784451637,-1.1304
156,EVQLVESGGGLVQPGGSLRLSCAASGFNIKDTYIHWVRQAPGKGLEWVARIYPTNGYTRYADSVKGRFTISADTSKNTAYLQMNSLRAEDTAVYYCAKYGGVGYYAMDYWGQGTLVTVSSA,7.598599459218456,-8.8672
157,EVQLVESGGGLVQPGGSLRLSCAASGFNIKDTYIHWVRQAPGKGLEWVARIYPTNGYTRYADSVKGRFTISADTSKNTAYLQMNSLRAEDTAVYYCARYSAYGLYDFAYWGQGTLVTVSSA,7.5934598195660445,-11.6373
158,EVQLVESGGGLVQPGGSLRLSCAASGFNIKDTYIHWVRQAPGKGLEWVARIYPTNGYTRYADSVKGRFTISADTSKNTAYLQMNSLRAEDTAVYYCARWWGGGYYYFDYWGQGTLVTVSSA,7.58989792335714,-6.07757
159,EVQLVESGGGLVQPGGSLRLSCAASGFNIKDTYIHWVRQAPGKGLEWVARIYPTNGYTRYADSVKGRFTISADTSKNTAYLQMNSLRAEDTAVYYCARYLTAYQYFFYYWGQGTLVTVSSA,7.586700235918748,-7.04438
160,EVQLVESGGGLVQPGGSLRLSCAASGFNIKDTYIHWVRQAPGKGLEWVARIYPTNGYTRYADSVKGRFTISADTSKNTAYLQMNSLRAEDTAVYYCARWGGDGSYYFDYWGQGTLVTVSSA,7.584025588623434,-8.42114
161,EVQLVESGGGLVQPGGSLRLSCAASGFNIKDTYIHWVRQAPGKGLEWVARIYPTNGYTRYADSVKGRFTISADTSKNTAYLQMNSLRAEDTAVYYCARYGGRGYYSFDYWGQGTLVTVSSA,7.581036169296377,-10.4068
162,EVQLVESGGGLVQPGGSLRLSCAASGFNIKDTYIHWVRQAPGKGLEWVARIYPTNGYTRYADSVKGRFTISADTSKNTAYLQMNSLRAEDTAVYYCARWGGGGYYFFDYWGQGTLVTVSSA,7.580044251510242,-6.29454
163,EVQLVESGGGLVQPGGSLRLSCAASGFNIKDTYIHWVRQAPGKGLEWVARIYPTNGYTRYADSVKGRFTISADTSKNTAYLQMNSLRAEDTAVYYCARWGYDYYYYFDVWGQGTLVTVSSA,7.573488738635425,-1.9712
164,EVQLVESGGGLVQPGGSLRLSCAASGFNIKDTYIHWVRQAPGKGLEWVARIYPTNGYTRYADSVKGRFTISADTSKNTAYLQMNSLRAEDTAVYYCAATYGGLGDMSSIWGQGTLVTVSSA,7.568636235841013,-9.11591
165,EVQLVESGGGLVQPGGSLRLSCAASGFNIKDTYIHWVRQAPGKGLEWVARIYPTNGYTRYADSVKGRFTISADTSKNTAYLQMNSLRAEDTAVYYCARYGVYPFYYFDYWGQGTLVTVSSA,7.568636235841013,-11.4176
166,EVQLVESGGGLVQPGGSLRLSCAASGFNIKDTYIHWVRQAPGKGLEWVARIYPTNGYTRYADSVKGRFTISADTSKNTAYLQMNSLRAEDTAVYYCSIWERTGQYSYTSWGQGTLVTVSSA,7.567030709125595,-6.25716
167,EVQLVESGGGLVQPGGSLRLSCAASGFNIKDTYIHWVRQAPGKGLEWVARIYPTNGYTRYADSVKGRFTISADTSKNTAYLQMNSLRAEDTAVYYCARWERYGYYVLDVWGQGTLVTVSSA,7.554395796726403,-3.63915
168,EVQLVESGGGLVQPGGSLRLSCAASGFNIKDTYIHWVRQAPGKGLEWVARIYPTNGYTRYADSVKGRFTISADTSKNTAYLQMNSLRAEDTAVYYCARWGYGGYYFFDYWGQGTLVTVSSA,7.554395796726403,-6.73407
169,EVQLVESGGGLVQPGGSLRLSCAASGFNIKDTYIHWVRQAPGKGLEWVARIYPTNGYTRYADSVKGRFTISADTSKNTAYLQMNSLRAEDTAVYYCARYGAYSSYYFGYWGQGTLVTVSSA,7.553307533628473,-9.5545
170,EVQLVESGGGLVQPGGSLRLSCAASGFNIKDTYIHWVRQAPGKGLEWVARIYPTNGYTRYADSVKGRFTISADTSKNTAYLQMNSLRAEDTAVYYCARWGYGWSYYFDYWGQGTLVTVSSA,7.54821356447571,-4.72201
171,EVQLVESGGGLVQPGGSLRLSCAASGFNIKDTYIHWVRQAPGKGLEWVARIYPTNGYTRYADSVKGRFTISADTSKNTAYLQMNSLRAEDTAVYYCARWRDGGYYYFDYWGQGTLVTVSSA,7.534617148551582,-9.32465
172,EVQLVESGGGLVQPGGSLRLSCAASGFNIKDTYIHWVRQAPGKGLEWVARIYPTNGYTRYADSVKGRFTISADTSKNTAYLQMNSLRAEDTAVYYCTRYYGDGYYDFDYWGQGTLVTVSSA,7.534022631714177,-9.30393
173,EVQLVESGGGLVQPGGSLRLSCAASGFNIKDTYIHWVRQAPGKGLEWVARIYPTNGYTRYADSVKGRFTISADTSKNTAYLQMNSLRAEDTAVYYCARYFYDHYYYFDVWGQGTLVTVSSA,7.5269511949114625,-4.65287
174,EVQLVESGGGLVQPGGSLRLSCAASGFNIKDTYIHWVRQAPGKGLEWVARIYPTNGYTRYADSVKGRFTISADTSKNTAYLQMNSLRAEDTAVYYCARYYYDYGYYFDVWGQGTLVTVSSA,7.522878745280337,-4.84437
175,EVQLVESGGGLVQPGGSLRLSCAASGFNIKDTYIHWVRQAPGKGLEWVARIYPTNGYTRYADSVKGRFTISADTSKNTAYLQMNSLRAEDTAVYYCARWGSYGYYYFDYWGQGTLVTVSSA,7.510041520575165,-5.75194
176,EVQLVESGGGLVQPGGSLRLSCAASGFNIKDTYIHWVRQAPGKGLEWVARIYPTNGYTRYADSVKGRFTISADTSKNTAYLQMNSLRAEDTAVYYCARYYYGVYYYFDYWGQGTLVTVSSA,7.510041520575165,-7.83666
177,EVQLVESGGGLVQPGGSLRLSCAASGFNIKDTYIHWVRQAPGKGLEWVARIYPTNGYTRYADSVKGRFTISADTSKNTAYLQMNSLRAEDTAVYYCARHYDYGRYYMDVWGQGTLVTVSSA,7.509479690636652,-8.07503
178,EVQLVESGGGLVQPGGSLRLSCAASGFNIKDTYIHWVRQAPGKGLEWVARIYPTNGYTRYADSVKGRFTISADTSKNTAYLQMNSLRAEDTAVYYCARWGGFGYYYFDYWGQGTLVTVSSA,7.508638306165728,-6.1747
179,EVQLVESGGGLVQPGGSLRLSCAASGFNIKDTYIHWVRQAPGKGLEWVARIYPTNGYTRYADSVKGRFTISADTSKNTAYLQMNSLRAEDTAVYYCSRWGGVGKYAMDYWGQGTLVTVSSA,7.505845405981558,-4.01915
180,EVQLVESGGGLVQPGGSLRLSCAASGFNIKDTYIHWVRQAPGKGLEWVARIYPTNGYTRYADSVKGRFTISADTSKNTAYLQMNSLRAEDTAVYYCARYGGGYYYYFDVWGQGTLVTVSSA,7.503070351926786,-4.95891
181,EVQLVESGGGLVQPGGSLRLSCAASGFNIKDTYIHWVRQAPGKGLEWVARIYPTNGYTRYADSVKGRFTISADTSKNTAYLQMNSLRAEDTAVYYCARWYYGSYYYFDVWGQGTLVTVSSA,7.494850021680094,-5.5353
182,EVQLVESGGGLVQPGGSLRLSCAASGFNIKDTYIHWVRQAPGKGLEWVARIYPTNGYTRYADSVKGRFTISADTSKNTAYLQMNSLRAEDTAVYYCARWGGYGYYYFDVWGQGTLVTVSSA,7.488250288655017,-6.05873
183,EVQLVESGGGLVQPGGSLRLSCAASGFNIKDTYIHWVRQAPGKGLEWVARIYPTNGYTRYADSVKGRFTISADTSKNTAYLQMNSLRAEDTAVYYCARWYYGGAYYFDFWGQGTLVTVSSA,7.483993769613952,-4.12705
184,EVQLVESGGGLVQPGGSLRLSCAASGFNIKDTYIHWVRQAPGKGLEWVARIYPTNGYTRYADSVKGRFTISADTSKNTAYLQMNSLRAEDTAVYYCARWGSEAFYWFDYWGQGTLVTVSSA,7.483596851552597,-5.48489
185,EVQLVESGGGLVQPGGSLRLSCAASGFNIKDTYIHWVRQAPGKGLEWVARIYPTNGYTRYADSVKGRFTISADTSKNTAYLQMNSLRAEDTAVYYCAPWWSGWYYFFDTWGQGTLVTVSSA,7.481486060122113,-2.99767
186,EVQLVESGGGLVQPGGSLRLSCAASGFNIKDTYIHWVRQAPGKGLEWVARIYPTNGYTRYADSVKGRFTISADTSKNTAYLQMNSLRAEDTAVYYCARYPNYGFYMFDYWGQGTLVTVSSA,7.477425367308824,-9.59831
187,EVQLVESGGGLVQPGGSLRLSCAASGFNIKDTYIHWVRQAPGKGLEWVARIYPTNGYTRYADSVKGRFTISADTSKNTAYLQMNSLRAEDTAVYYCARWVSGARYYMDVWGQGTLVTVSSA,7.471083299722346,-4.2768
188,EVQLVESGGGLVQPGGSLRLSCAASGFNIKDTYIHWVRQAPGKGLEWVARIYPTNGYTRYADSVKGRFTISADTSKNTAYLQMNSLRAEDTAVYYCARFGGAGGYYFDYWGQGTLVTVSSA,7.455435902503956,-9.76075
189,EVQLVESGGGLVQPGGSLRLSCAASGFNIKDTYIHWVRQAPGKGLEWVARIYPTNGYTRYADSVKGRFTISADTSKNTAYLQMNSLRAEDTAVYYCTRYRGAHGYYFDYWGQGTLVTVSSA,7.450138811528057,-4.75842
190,EVQLVESGGGLVQPGGSLRLSCAASGFNIKDTYIHWVRQAPGKGLEWVARIYPTNGYTRYADSVKGRFTISADTSKNTAYLQMNSLRAEDTAVYYCARWYYGGSYYFDYWGQGTLVTVSSA,7.44648105985103,-6.61275
191,EVQLVESGGGLVQPGGSLRLSCAASGFNIKDTYIHWVRQAPGKGLEWVARIYPTNGYTRYADSVKGRFTISADTSKNTAYLQMNSLRAEDTAVYYCARYGDADFYAFDPWGQGTLVTVSSA,7.445874418486987,-5.77476
192,EVQLVESGGGLVQPGGSLRLSCAASGFNIKDTYIHWVRQAPGKGLEWVARIYPTNGYTRYADSVKGRFTISADTSKNTAYLQMNSLRAEDTAVYYCARYIFGGPYYFDYWGQGTLVTVSSA,7.443215217692975,-9.44502
193,EVQLVESGGGLVQPGGSLRLSCAASGFNIKDTYIHWVRQAPGKGLEWVARIYPTNGYTRYADSVKGRFTISADTSKNTAYLQMNSLRAEDTAVYYCSRWEGDGKYAMDYWGQGTLVTVSSA,7.442132038431978,-2.50267
194,EVQLVESGGGLVQPGGSLRLSCAASGFNIKDTYIHWVRQAPGKGLEWVARIYPTNGYTRYADSVKGRFTISADTSKNTAYLQMNSLRAEDTAVYYCARYGDYGYYYFDYWGQGTLVTVSSA,7.441051554021961,-9.5951
195,EVQLVESGGGLVQPGGSLRLSCAASGFNIKDTYIHWVRQAPGKGLEWVARIYPTNGYTRYADSVKGRFTISADTSKNTAYLQMNSLRAEDTAVYYCVRYPEVYGYYFDYWGQGTLVTVSSA,7.440332721611942,-4.35629
196,EVQLVESGGGLVQPGGSLRLSCAASGFNIKDTYIHWVRQAPGKGLEWVARIYPTNGYTRYADSVKGRFTISADTSKNTAYLQMNSLRAEDTAVYYCANVGSSLGIAALDWGQGTLVTVSSA,7.435097327470795,-7.76048
197,EVQLVESGGGLVQPGGSLRLSCAASGFNIKDTYIHWVRQAPGKGLEWVARIYPTNGYTRYADSVKGRFTISADTSKNTAYLQMNSLRAEDTAVYYCSYPDFGYYVYFAYWGQGTLVTVSSA,7.434624497285927,-7.8207
198,EVQLVESGGGLVQPGGSLRLSCAASGFNIKDTYIHWVRQAPGKGLEWVARIYPTNGYTRYADSVKGRFTISADTSKNTAYLQMNSLRAEDTAVYYCAKYTRGFSYGFGYWGQGTLVTVSSA,7.422278475490979,-4.55014
199,EVQLVESGGGLVQPGGSLRLSCAASGFNIKDTYIHWVRQAPGKGLEWVARIYPTNGYTRYADSVKGRFTISADTSKNTAYLQMNSLRAEDTAVYYCARWGGSGYYAMDYWGQGTLVTVSSA,7.422163658707256,-3.1061
200,EVQLVESGGGLVQPGGSLRLSCAASGFNIKDTYIHWVRQAPGKGLEWVARIYPTNGYTRYADSVKGRFTISADTSKNTAYLQMNSLRAEDTAVYYCARWGYGYYYSFDYWGQGTLVTVSSA,7.420788219768501,-0.336265
201,EVQLVESGGGLVQPGGSLRLSCAASGFNIKDTYIHWVRQAPGKGLEWVARIYPTNGYTRYADSVKGRFTISADTSKNTAYLQMNSLRAEDTAVYYCARYGRNGSYSYDYWGQGTLVTVSSA,7.4179366370882915,-8.2257
202,EVQLVESGGGLVQPGGSLRLSCAASGFNIKDTYIHWVRQAPGKGLEWVARIYPTNGYTRYADSVKGRFTISADTSKNTAYLQMNSLRAEDTAVYYCAKFERGYYSFDFGWGQGTLVTVSSA,7.417028070895194,-4.92144
203,EVQLVESGGGLVQPGGSLRLSCAASGFNIKDTYIHWVRQAPGKGLEWVARIYPTNGYTRYADSVKGRFTISADTSKNTAYLQMNSLRAEDTAVYYCARWEGDGSYSMDYWGQGTLVTVSSA,7.412738150307466,-1.98598
204,EVQLVESGGGLVQPGGSLRLSCAASGFNIKDTYIHWVRQAPGKGLEWVARIYPTNGYTRYADSVKGRFTISADTSKNTAYLQMNSLRAEDTAVYYCSRWGVDGYYAMDYWGQGTLVTVSSA,7.41150419899279,-2.47638
205,EVQLVESGGGLVQPGGSLRLSCAASGFNIKDTYIHWVRQAPGKGLEWVARIYPTNGYTRYADSVKGRFTISADTSKNTAYLQMNSLRAEDTAVYYCARYGYGYYYYFDYWGQGTLVTVSSA,7.407823242604133,-4.96438
206,EVQLVESGGGLVQPGGSLRLSCAASGFNIKDTYIHWVRQAPGKGLEWVARIYPTNGYTRYADSVKGRFTISADTSKNTAYLQMNSLRAEDTAVYYCARWYGYGYYLFDVWGQGTLVTVSSA,7.402304814074488,-5.64548
207,EVQLVESGGGLVQPGGSLRLSCAASGFNIKDTYIHWVRQAPGKGLEWVARIYPTNGYTRYADSVKGRFTISADTSKNTAYLQMNSLRAEDTAVYYCARYYWDYFYYFDYWGQGTLVTVSSA,7.401647290130716,-3.42777
208,EVQLVESGGGLVQPGGSLRLSCAASGFNIKDTYIHWVRQAPGKGLEWVARIYPTNGYTRYADSVKGRFTISADTSKNTAYLQMNSLRAEDTAVYYCARYPGGGIYDFDPWGQGTLVTVSSA,7.398918272215977,-11.715
209,EVQLVESGGGLVQPGGSLRLSCAASGFNIKDTYIHWVRQAPGKGLEWVARIYPTNGYTRYADSVKGRFTISADTSKNTAYLQMNSLRAEDTAVYYCARYGGYGYYWFDYWGQGTLVTVSSA,7.397940008672037,-9.56101
210,EVQLVESGGGLVQPGGSLRLSCAASGFNIKDTYIHWVRQAPGKGLEWVARIYPTNGYTRYADSVKGRFTISADTSKNTAYLQMNSLRAEDTAVYYCARWLRGLGYYWDYWGQGTLVTVSSA,7.396747338018353,-3.15177
211,EVQLVESGGGLVQPGGSLRLSCAASGFNIKDTYIHWVRQAPGKGLEWVARIYPTNGYTRYADSVKGRFTISADTSKNTAYLQMNSLRAEDTAVYYCARYGDSYYYYFDYWGQGTLVTVSSA,7.391473966422806,-4.57568
212,EVQLVESGGGLVQPGGSLRLSCAASGFNIKDTYIHWVRQAPGKGLEWVARIYPTNGYTRYADSVKGRFTISADTSKNTAYLQMNSLRAEDTAVYYCARYGPYYYYAMDYWGQGTLVTVSSA,7.384576047114056,-4.06525
213,EVQLVESGGGLVQPGGSLRLSCAASGFNIKDTYIHWVRQAPGKGLEWVARIYPTNGYTRYADSVKGRFTISADTSKNTAYLQMNSLRAEDTAVYYCTRYYGGYGYYFDYWGQGTLVTVSSA,7.381219975493785,-4.41384
214,EVQLVESGGGLVQPGGSLRLSCAASGFNIKDTYIHWVRQAPGKGLEWVARIYPTNGYTRYADSVKGRFTISADTSKNTAYLQMNSLRAEDTAVYYCARNYYDYYYYLDYWGQGTLVTVSSA,7.380802284207053,-4.95873
215,EVQLVESGGGLVQPGGSLRLSCAASGFNIKDTYIHWVRQAPGKGLEWVARIYPTNGYTRYADSVKGRFTISADTSKNTAYLQMNSLRAEDTAVYYCVRWGRYGVYYFDYWGQGTLVTVSSA,7.380593589113222,-6.52026
216,EVQLVESGGGLVQPGGSLRLSCAASGFNIKDTYIHWVRQAPGKGLEWVARIYPTNGYTRYADSVKGRFTISADTSKNTAYLQMNSLRAEDTAVYYCSRWVGDGSYAMDYWGQGTLVTVSSA,7.380176499542722,-1.98182
217,EVQLVESGGGLVQPGGSLRLSCAASGFNIKDTYIHWVRQAPGKGLEWVARIYPTNGYTRYADSVKGRFTISADTSKNTAYLQMNSLRAEDTAVYYCARYGGYGNYWFDTWGQGTLVTVSSA,7.375511637486551,-9.69423
218,EVQLVESGGGLVQPGGSLRLSCAASGFNIKDTYIHWVRQAPGKGLEWVARIYPTNGYTRYADSVKGRFTISADTSKNTAYLQMNSLRAEDTAVYYCARGGYGYYTWFDYWGQGTLVTVSSA,7.375408540873153,-6.42647
219,EVQLVESGGGLVQPGGSLRLSCAASGFNIKDTYIHWVRQAPGKGLEWVARIYPTNGYTRYADSVKGRFTISADTSKNTAYLQMNSLRAEDTAVYYCAGSSASGWYHYTTWGQGTLVTVSSA,7.374173286714289,-10.1422
220,EVQLVESGGGLVQPGGSLRLSCAASGFNIKDTYIHWVRQAPGKGLEWVARIYPTNGYTRYADSVKGRFTISADTSKNTAYLQMNSLRAEDTAVYYCARYGTGTYYYFLHWGQGTLVTVSSA,7.374173286714289,-7.31131
221,EVQLVESGGGLVQPGGSLRLSCAASGFNIKDTYIHWVRQAPGKGLEWVARIYPTNGYTRYADSVKGRFTISADTSKNTAYLQMNSLRAEDTAVYYCARWEGYGSYEFAYWGQGTLVTVSSA,7.372122305420029,-6.62328
222,EVQLVESGGGLVQPGGSLRLSCAASGFNIKDTYIHWVRQAPGKGLEWVARIYPTNGYTRYADSVKGRFTISADTSKNTAYLQMNSLRAEDTAVYYCARYYYDFGYYFDYWGQGTLVTVSSA,7.369063880935808,-7.78424
223,EVQLVESGGGLVQPGGSLRLSCAASGFNIKDTYIHWVRQAPGKGLEWVARIYPTNGYTRYADSVKGRFTISADTSKNTAYLQMNSLRAEDTAVYYCARYGGLGGYTLAYWGQGTLVTVSSA,7.367846516489368,-9.40845
224,EVQLVESGGGLVQPGGSLRLSCAASGFNIKDTYIHWVRQAPGKGLEWVARIYPTNGYTRYADSVKGRFTISADTSKNTAYLQMNSLRAEDTAVYYCAQNWDRGSYFYTYWGQGTLVTVSSA,7.366026844210326,-10.885
225,EVQLVESGGGLVQPGGSLRLSCAASGFNIKDTYIHWVRQAPGKGLEWVARIYPTNGYTRYADSVKGRFTISADTSKNTAYLQMNSLRAEDTAVYYCARYGARSGYAYEYWGQGTLVTVSSA,7.345823458122039,-8.4947
226,EVQLVESGGGLVQPGGSLRLSCAASGFNIKDTYIHWVRQAPGKGLEWVARIYPTNGYTRYADSVKGRFTISADTSKNTAYLQMNSLRAEDTAVYYCARNYYYGAYYFDYWGQGTLVTVSSA,7.341893164493607,-10.3004
227,EVQLVESGGGLVQPGGSLRLSCAASGFNIKDTYIHWVRQAPGKGLEWVARIYPTNGYTRYADSVKGRFTISADTSKNTAYLQMNSLRAEDTAVYYCASVDLGGFYDFRYWGQGTLVTVSSA,7.336299074610352,-11.7605
228,EVQLVESGGGLVQPGGSLRLSCAASGFNIKDTYIHWVRQAPGKGLEWVARIYPTNGYTRYADSVKGRFTISADTSKNTAYLQMNSLRAEDTAVYYCAITFYGYTIVWEYWGQGTLVTVSSA,7.336299074610352,-6.68403
229,EVQLVESGGGLVQPGGSLRLSCAASGFNIKDTYIHWVRQAPGKGLEWVARIYPTNGYTRYADSVKGRFTISADTSKNTAYLQMNSLRAEDTAVYYCARWGGYGYYWFDYWGQGTLVTVSSA,7.330776126069194,-5.97033
230,EVQLVESGGGLVQPGGSLRLSCAASGFNIKDTYIHWVRQAPGKGLEWVARIYPTNGYTRYADSVKGRFTISADTSKNTAYLQMNSLRAEDTAVYYCARWSGASFYAMDYWGQGTLVTVSSA,7.318939756368188,-2.86432
231,EVQLVESGGGLVQPGGSLRLSCAASGFNIKDTYIHWVRQAPGKGLEWVARIYPTNGYTRYADSVKGRFTISADTSKNTAYLQMNSLRAEDTAVYYCARWQGRSGYYMDYWGQGTLVTVSSA,7.31578320486112,-7.0466
232,EVQLVESGGGLVQPGGSLRLSCAASGFNIKDTYIHWVRQAPGKGLEWVARIYPTNGYTRYADSVKGRFTISADTSKNTAYLQMNSLRAEDTAVYYCARWLDYFYYAMDYWGQGTLVTVSSA,7.312292720375181,1.5168
233,EVQLVESGGGLVQPGGSLRLSCAASGFNIKDTYIHWVRQAPGKGLEWVARIYPTNGYTRYADSVKGRFTISADTSKNTAYLQMNSLRAEDTAVYYCARWHYDVGFYFDYWGQGTLVTVSSA,7.302160631781637,-7.65246
234,EVQLVESGGGLVQPGGSLRLSCAASGFNIKDTYIHWVRQAPGKGLEWVARIYPTNGYTRYADSVKGRFTISADTSKNTAYLQMNSLRAEDTAVYYCARYGYDYYYYFDVWGQGTLVTVSSA,7.301029995663981,-4.23664
235,EVQLVESGGGLVQPGGSLRLSCAASGFNIKDTYIHWVRQAPGKGLEWVARIYPTNGYTRYADSVKGRFTISADTSKNTAYLQMNSLRAEDTAVYYCARFGPAYFYGFYYWGQGTLVTVSSA,7.293709042741237,-5.35215
236,EVQLVESGGGLVQPGGSLRLSCAASGFNIKDTYIHWVRQAPGKGLEWVARIYPTNGYTRYADSVKGRFTISADTSKNTAYLQMNSLRAEDTAVYYCARYMRPAFYPFLYWGQGTLVTVSSA,7.29362364416031,-10.7792
237,EVQLVESGGGLVQPGGSLRLSCAASGFNIKDTYIHWVRQAPGKGLEWVARIYPTNGYTRYADSVKGRFTISADTSKNTAYLQMNSLRAEDTAVYYCARWGSGNYYEFDYWGQGTLVTVSSA,7.283913146225168,-8.95936
238,EVQLVESGGGLVQPGGSLRLSCAASGFNIKDTYIHWVRQAPGKGLEWVARIYPTNGYTRYADSVKGRFTISADTSKNTAYLQMNSLRAEDTAVYYCASYGSGSYFSFPLWGQGTLVTVSSA,7.268169579711838,-11.5541
239,EVQLVESGGGLVQPGGSLRLSCAASGFNIKDTYIHWVRQAPGKGLEWVARIYPTNGYTRYADSVKGRFTISADTSKNTAYLQMNSLRAEDTAVYYCARYGYGAYYYFDYWGQGTLVTVSSA,7.267525822718807,-9.97454
240,EVQLVESGGGLVQPGGSLRLSCAASGFNIKDTYIHWVRQAPGKGLEWVARIYPTNGYTRYADSVKGRFTISADTSKNTAYLQMNSLRAEDTAVYYCTRYYSGHYYSFDYWGQGTLVTVSSA,7.249723084846007,-4.97082
241,EVQLVESGGGLVQPGGSLRLSCAASGFNIKDTYIHWVRQAPGKGLEWVARIYPTNGYTRYADSVKGRFTISADTSKNTAYLQMNSLRAEDTAVYYCARYGGDYYYYYDYWGQGTLVTVSSA,7.24420134302617,-4.02894
242,EVQLVESGGGLVQPGGSLRLSCAASGFNIKDTYIHWVRQAPGKGLEWVARIYPTNGYTRYADSVKGRFTISADTSKNTAYLQMNSLRAEDTAVYYCARYGGGYYYYYDYWGQGTLVTVSSA,7.239879214735432,-3.84934
243,EVQLVESGGGLVQPGGSLRLSCAASGFNIKDTYIHWVRQAPGKGLEWVARIYPTNGYTRYADSVKGRFTISADTSKNTAYLQMNSLRAEDTAVYYCTRYGSFGYYALDSWGQGTLVTVSSA,7.239351380418644,-9.46994
244,EVQLVESGGGLVQPGGSLRLSCAASGFNIKDTYIHWVRQAPGKGLEWVARIYPTNGYTRYADSVKGRFTISADTSKNTAYLQMNSLRAEDTAVYYCARYGGLSYYSFDLWGQGTLVTVSSA,7.235823867609669,-9.0191
245,EVQLVESGGGLVQPGGSLRLSCAASGFNIKDTYIHWVRQAPGKGLEWVARIYPTNGYTRYADSVKGRFTISADTSKNTAYLQMNSLRAEDTAVYYCTRYFGAYWYWMDYWGQGTLVTVSSA,7.22870655737094,-6.64141
246,EVQLVESGGGLVQPGGSLRLSCAASGFNIKDTYIHWVRQAPGKGLEWVARIYPTNGYTRYADSVKGRFTISADTSKNTAYLQMNSLRAEDTAVYYCAKFHWGEDWLSDNWGQGTLVTVSSA,7.228412519118745,-8.89099
247,EVQLVESGGGLVQPGGSLRLSCAASGFNIKDTYIHWVRQAPGKGLEWVARIYPTNGYTRYADSVKGRFTISADTSKNTAYLQMNSLRAEDTAVYYCAGSVAEGWYHYRDWGQGTLVTVSSA,7.219682687859849,-13.2537
248,EVQLVESGGGLVQPGGSLRLSCAASGFNIKDTYIHWVRQAPGKGLEWVARIYPTNGYTRYADSVKGRFTISADTSKNTAYLQMNSLRAEDTAVYYCARYYGSSSYYFAYWGQGTLVTVSSA,7.217384067968396,-11.5007
249,EVQLVESGGGLVQPGGSLRLSCAASGFNIKDTYIHWVRQAPGKGLEWVARIYPTNGYTRYADSVKGRFTISADTSKNTAYLQMNSLRAEDTAVYYCARSGYPGYGSFAYWGQGTLVTVSSA,7.216668237112576,-12.4099
250,EVQLVESGGGLVQPGGSLRLSCAASGFNIKDTYIHWVRQAPGKGLEWVARIYPTNGYTRYADSVKGRFTISADTSKNTAYLQMNSLRAEDTAVYYCARTVVGWYGRFDYWGQGTLVTVSSA,7.196269829025456,-8.66662
251,EVQLVESGGGLVQPGGSLRLSCAASGFNIKDTYIHWVRQAPGKGLEWVARIYPTNGYTRYADSVKGRFTISADTSKNTAYLQMNSLRAEDTAVYYCARNSGTGIWAFAYWGQGTLVTVSSA,7.187086643357144,-10.7144
252,EVQLVESGGGLVQPGGSLRLSCAASGFNIKDTYIHWVRQAPGKGLEWVARIYPTNGYTRYADSVKGRFTISADTSKNTAYLQMNSLRAEDTAVYYCARWGGTYYYAMDYWGQGTLVTVSSA,7.184887341810187,1.86171
253,EVQLVESGGGLVQPGGSLRLSCAASGFNIKDTYIHWVRQAPGKGLEWVARIYPTNGYTRYADSVKGRFTISADTSKNTAYLQMNSLRAEDTAVYYCARWPPYYWWAFDYWGQGTLVTVSSA,7.183228587666654,-8.52241
254,EVQLVESGGGLVQPGGSLRLSCAASGFNIKDTYIHWVRQAPGKGLEWVARIYPTNGYTRYADSVKGRFTISADTSKNTAYLQMNSLRAEDTAVYYCARWGNVGYYVLDYWGQGTLVTVSSA,7.176460566343141,-4.07872
255,EVQLVESGGGLVQPGGSLRLSCAASGFNIKDTYIHWVRQAPGKGLEWVARIYPTNGYTRYADSVKGRFTISADTSKNTAYLQMNSLRAEDTAVYYCARAGGTSISLGHGWGQGTLVTVSSA,7.173925197299174,-7.68323
256,EVQLVESGGGLVQPGGSLRLSCAASGFNIKDTYIHWVRQAPGKGLEWVARIYPTNGYTRYADSVKGRFTISADTSKNTAYLQMNSLRAEDTAVYYCARYGDAFIMSFGVWGQGTLVTVSSA,7.17134010346468,-7.57386
257,EVQLVESGGGLVQPGGSLRLSCAASGFNIKDTYIHWVRQAPGKGLEWVARIYPTNGYTRYADSVKGRFTISADTSKNTAYLQMNSLRAEDTAVYYCAPWGTYRYGYFDHWGQGTLVTVSSA,7.1700533040583645,-5.4695
258,EVQLVESGGGLVQPGGSLRLSCAASGFNIKDTYIHWVRQAPGKGLEWVARIYPTNGYTRYADSVKGRFTISADTSKNTAYLQMNSLRAEDTAVYYCAVYGPYGGFSYDSWGQGTLVTVSSA,7.150580586203101,-12.5215
259,EVQLVESGGGLVQPGGSLRLSCAASGFNIKDTYIHWVRQAPGKGLEWVARIYPTNGYTRYADSVKGRFTISADTSKNTAYLQMNSLRAEDTAVYYCARWYYGTSYYFDVWGQGTLVTVSSA,7.149047600206507,-1.78994
260,EVQLVESGGGLVQPGGSLRLSCAASGFNIKDTYIHWVRQAPGKGLEWVARIYPTNGYTRYADSVKGRFTISADTSKNTAYLQMNSLRAEDTAVYYCVYYYEAGSYYFDGWGQGTLVTVSSA,7.148497047229456,-8.31045
261,EVQLVESGGGLVQPGGSLRLSCAASGFNIKDTYIHWVRQAPGKGLEWVARIYPTNGYTRYADSVKGRFTISADTSKNTAYLQMNSLRAEDTAVYYCAIWSMYDVGYYPFWGQGTLVTVSSA,7.144057053767684,-2.1485
262,EVQLVESGGGLVQPGGSLRLSCAASGFNIKDTYIHWVRQAPGKGLEWVARIYPTNGYTRYADSVKGRFTISADTSKNTAYLQMNSLRAEDTAVYYCARYGLYGSYYFRYWGQGTLVTVSSA,7.1438755557577,-11.0002
263,EVQLVESGGGLVQPGGSLRLSCAASGFNIKDTYIHWVRQAPGKGLEWVARIYPTNGYTRYADSVKGRFTISADTSKNTAYLQMNSLRAEDTAVYYCARYGGSSYYYYDYWGQGTLVTVSSA,7.140621495574399,-9.94625
264,EVQLVESGGGLVQPGGSLRLSCAASGFNIKDTYIHWVRQAPGKGLEWVARIYPTNGYTRYADSVKGRFTISADTSKNTAYLQMNSLRAEDTAVYYCARWYSGYYYAMDYWGQGTLVTVSSA,7.137630062877117,1.076
265,EVQLVESGGGLVQPGGSLRLSCAASGFNIKDTYIHWVRQAPGKGLEWVARIYPTNGYTRYADSVKGRFTISADTSKNTAYLQMNSLRAEDTAVYYCARYLTDADFRLHYWGQGTLVTVSSA,7.124533584133615,-10.6746
266,EVQLVESGGGLVQPGGSLRLSCAASGFNIKDTYIHWVRQAPGKGLEWVARIYPTNGYTRYADSVKGRFTISADTSKNTAYLQMNSLRAEDTAVYYCAQWYDYGGTYLDYWGQGTLVTVSSA,7.114243118930733,-5.28983
267,EVQLVESGGGLVQPGGSLRLSCAASGFNIKDTYIHWVRQAPGKGLEWVARIYPTNGYTRYADSVKGRFTISADTSKNTAYLQMNSLRAEDTAVYYCTRWRWGYGYYFDFWGQGTLVTVSSA,7.107126593111235,-7.75988
268,EVQLVESGGGLVQPGGSLRLSCAASGFNIKDTYIHWVRQAPGKGLEWVARIYPTNGYTRYADSVKGRFTISADTSKNTAYLQMNSLRAEDTAVYYCARYYGGGGYYMDYWGQGTLVTVSSA,7.102098125731772,-9.49025
269,EVQLVESGGGLVQPGGSLRLSCAASGFNIKDTYIHWVRQAPGKGLEWVARIYPTNGYTRYADSVKGRFTISADTSKNTAYLQMNSLRAEDTAVYYCSRYGRGVYYYFDYWGQGTLVTVSSA,7.098759697926691,-8.07125
270,EVQLVESGGGLVQPGGSLRLSCAASGFNIKDTYIHWVRQAPGKGLEWVARIYPTNGYTRYADSVKGRFTISADTSKNTAYLQMNSLRAEDTAVYYCTRYSRSYYYGLDPWGQGTLVTVSSA,7.096367483915762,-4.96129
271,EVQLVESGGGLVQPGGSLRLSCAASGFNIKDTYIHWVRQAPGKGLEWVARIYPTNGYTRYADSVKGRFTISADTSKNTAYLQMNSLRAEDTAVYYCARPSYDVGGDMLFWGQGTLVTVSSA,7.079615757821642,-6.81234
272,EVQLVESGGGLVQPGGSLRLSCAASGFNIKDTYIHWVRQAPGKGLEWVARIYPTNGYTRYADSVKGRFTISADTSKNTAYLQMNSLRAEDTAVYYCARYVTANTYSYDPWGQGTLVTVSSA,7.07805354577059,-9.05243
273,EVQLVESGGGLVQPGGSLRLSCAASGFNIKDTYIHWVRQAPGKGLEWVARIYPTNGYTRYADSVKGRFTISADTSKNTAYLQMNSLRAEDTAVYYCARWGTYTYGYFDYWGQGTLVTVSSA,7.05487622987788,-2.2358
274,EVQLVESGGGLVQPGGSLRLSCAASGFNIKDTYIHWVRQAPGKGLEWVARIYPTNGYTRYADSVKGRFTISADTSKNTAYLQMNSLRAEDTAVYYCARWARGAGYYWDYWGQGTLVTVSSA,7.04774046340918,-4.86461
275,EVQLVESGGGLVQPGGSLRLSCAASGFNIKDTYIHWVRQAPGKGLEWVARIYPTNGYTRYADSVKGRFTISADTSKNTAYLQMNSLRAEDTAVYYCARYPSGYYYYFDYWGQGTLVTVSSA,7.045130628933522,-4.01043
276,EVQLVESGGGLVQPGGSLRLSCAASGFNIKDTYIHWVRQAPGKGLEWVARIYPTNGYTRYADSVKGRFTISADTSKNTAYLQMNSLRAEDTAVYYCARYGGSSYYYFDYWGQGTLVTVSSA,7.012467797270161,-9.87941
277,EVQLVESGGGLVQPGGSLRLSCAASGFNIKDTYIHWVRQAPGKGLEWVARIYPTNGYTRYADSVKGRFTISADTSKNTAYLQMNSLRAEDTAVYYCARYGDGTYYFFAHWGQGTLVTVSSA,7.011887159731648,-7.6223
278,EVQLVESGGGLVQPGGSLRLSCAASGFNIKDTYIHWVRQAPGKGLEWVARIYPTNGYTRYADSVKGRFTISADTSKNTAYLQMNSLRAEDTAVYYCAKYDTAGSYHFDVWGQGTLVTVSSA,7.010060986715464,-8.7403
279,EVQLVESGGGLVQPGGSLRLSCAASGFNIKDTYIHWVRQAPGKGLEWVARIYPTNGYTRYADSVKGRFTISADTSKNTAYLQMNSLRAEDTAVYYCAFADSGAYGIWSFWGQGTLVTVSSA,7.006916639301938,-9.46048
280,EVQLVESGGGLVQPGGSLRLSCAASGFNIKDTYIHWVRQAPGKGLEWVARIYPTNGYTRYADSVKGRFTISADTSKNTAYLQMNSLRAEDTAVYYCARYDYYGYYYFDYWGQGTLVTVSSA,7.004584201457585,-9.1768
281,EVQLVESGGGLVQPGGSLRLSCAASGFNIKDTYIHWVRQAPGKGLEWVARIYPTNGYTRYADSVKGRFTISADTSKNTAYLQMNSLRAEDTAVYYCARSYAYLYGSWDYWGQGTLVTVSSA,6.991399828238083,-8.82252
282,EVQLVESGGGLVQPGGSLRLSCAASGFNIKDTYIHWVRQAPGKGLEWVARIYPTNGYTRYADSVKGRFTISADTSKNTAYLQMNSLRAEDTAVYYCARDGGRSYYSFYYWGQGTLVTVSSA,6.984598326297051,-9.38653
283,EVQLVESGGGLVQPGGSLRLSCAASGFNIKDTYIHWVRQAPGKGLEWVARIYPTNGYTRYADSVKGRFTISADTSKNTAYLQMNSLRAEDTAVYYCTRNVVNLYYSYDSWGQGTLVTVSSA,6.982716178439982,-12.3074
284,EVQLVESGGGLVQPGGSLRLSCAASGFNIKDTYIHWVRQAPGKGLEWVARIYPTNGYTRYADSVKGRFTISADTSKNTAYLQMNSLRAEDTAVYYCARYYSYGGYYFDYWGQGTLVTVSSA,6.975309137644569,-9.53254
285,EVQLVESGGGLVQPGGSLRLSCAASGFNIKDTYIHWVRQAPGKGLEWVARIYPTNGYTRYADSVKGRFTISADTSKNTAYLQMNSLRAEDTAVYYCARNGYYGGYAFDYWGQGTLVTVSSA,6.964170174747172,-9.12021
286,EVQLVESGGGLVQPGGSLRLSCAASGFNIKDTYIHWVRQAPGKGLEWVARIYPTNGYTRYADSVKGRFTISADTSKNTAYLQMNSLRAEDTAVYYCVLSRIVVSYFYDYWGQGTLVTVSSA,6.961777361631282,-7.43194
287,EVQLVESGGGLVQPGGSLRLSCAASGFNIKDTYIHWVRQAPGKGLEWVARIYPSNGYTRYADSVKGRFTISADTSKNTAYLQMNSLRAEDTAVYYCARYYGGSMYYYGYWGQGTLVTVSSA,6.961697827800475,-11.8454
288,EVQLVESGGGLVQPGGSLRLSCAASGFNIKDTYIHWVRQAPGKGLEWVARIYPTNGYTRYADSVKGRFTISADTSKNTAYLQMNSLRAEDTAVYYCSRIRRWGFYYFDYWGQGTLVTVSSA,6.956362690407429,-12.4653
289,EVQLVESGGGLVQPGGSLRLSCAASGFNIKDTYIHWVRQAPGKGLEWVARIYPTNGYTRYADSVKGRFTISADTSKNTAYLQMNSLRAEDTAVYYCARGFVYAGIPFDYWGQGTLVTVSSA,6.950781977329818,-13.13
290,EVQLVESGGGLVQPGGSLRLSCAASGFNIKDTYIHWVRQAPGKGLEWVARIYPTNGYTRYADSVKGRFTISADTSKNTAYLQMNSLRAEDTAVYYCARYYSDYSYTFSYWGQGTLVTVSSA,6.950045851977953,-4.31161
291,EVQLVESGGGLVQPGGSLRLSCAASGFNIKDTYIHWVRQAPGKGLEWVARIYPTNGYTRYADSVKGRFTISADTSKNTAYLQMNSLRAEDTAVYYCARWWYGGRNYFDIWGQGTLVTVSSA,6.935055573961383,-7.77806
292,EVQLVESGGGLVQPGGSLRLSCAASGFNIKDTYIHWVRQAPGKGLEWVARIYPTNGYTRYADSVKGRFTISADTSKNTAYLQMNSLRAEDTAVYYCTRSGELYGYFHDMWGQGTLVTVSSA,6.921217039803037,-5.36002
293,EVQLVESGGGLVQPGGSLRLSCAASGFNIKDTYIHWVRQAPGKGLEWVARIYPTNGYTRYADSVKGRFTISADTSKNTAYLQMNSLRAEDTAVYYCARWATALGYYWDYWGQGTLVTVSSA,6.916891720805265,-1.67185
294,EVQLVESGGGLVQPGGSLRLSCAASGFNIKDTYIHWVRQAPGKGLEWVARIYPTNGYTRYADSVKGRFTISADTSKNTAYLQMNSLRAEDTAVYYCARWGGYGWYGFDYWGQGTLVTVSSA,6.909741947068683,-3.81986
295,EVQLVESGGGLVQPGGSLRLSCAASGFNIKDTYIHWVRQAPGKGLEWVARIYPTNGYTRYADSVKGRFTISADTSKNTAYLQMNSLRAEDTAVYYCARDGGGGFYAYDYWGQGTLVTVSSA,6.906018296085887,-8.38898
296,EVQLVESGGGLVQPGGSLRLSCAASGFNIKDTYIHWVRQAPGKGLEWVARIYPTNGYTRYADSVKGRFTISADTSKNTAYLQMNSLRAEDTAVYYCARFSGYGAYDYAYWGQGTLVTVSSA,6.903124731940313,-9.78883
297,EVQLVESGGGLVQPGGSLRLSCAASGFNIKDTYIHWVRQAPGKGLEWVARIYPTNGYTRYADSVKGRFTISADTSKNTAYLQMNSLRAEDTAVYYCARDGYPQYGGYGYWGQGTLVTVSSA,6.896983509671685,-4.65958
298,EVQLVESGGGLVQPGGSLRLSCAASGFNIKDTYIHWVRQAPGKGLEWVARIYPTNGYTRYADSVKGRFTISADTSKNTAYLQMNSLRAEDTAVYYCARYGRDGSYYFDYWGQGTLVTVSSA,6.894489815230026,-9.47312
299,EVQLVESGGGLVQPGGSLRLSCAASGFNIKDTYIHWVRQAPGKGLEWVARIYPTNGYTRYADSVKGRFTISADTSKNTAYLQMNSLRAEDTAVYYCAGYEGYGLYPFAYWGQGTLVTVSSA,6.892450870255314,-12.8069
300,EVQLVESGGGLVQPGGSLRLSCAASGFNIKDTYIHWVRQAPGKGLEWVARIYPTNGYTRYADSVKGRFTISADTSKNTAYLQMNSLRAEDTAVYYCATYYGPYYYAMDYWGQGTLVTVSSA,6.891536458796405,-4.0903
301,EVQLVESGGGLVQPGGSLRLSCAASGFNIKDTYIHWVRQAPGKGLEWVARIYPTNGYTRYADSVKGRFTISADTSKNTAYLQMNSLRAEDTAVYYCARSNYYYGSGFAYWGQGTLVTVSSA,6.890117856800899,-6.03376
302,EVQLVESGGGLVQPGGSLRLSCAASGFNIKDTYIHWVRQAPGKGLEWVARIYPTNGYTRYADSVKGRFTISADTSKNTAYLQMNSLRAEDTAVYYCSRWGGEGYHAMDYWGQGTLVTVSSA,6.884023570545183,-8.3418
303,EVQLVESGGGLVQPGGSLRLSCAASGFNIKDTYIHWVRQAPGKGLEWVARIYPTNGYTRYADSVKGRFTISADTSKNTAYLQMNSLRAEDTAVYYCVRLGDYGGYAMDYWGQGTLVTVSSA,6.881074247174223,-9.42612
304,EVQLVESGGGLVQPGGSLRLSCAASGFNIKDTYIHWVRQAPGKGLEWVARIYPTNGYTRYADSVKGRFTISADTSKNTAYLQMNSLRAEDTAVYYCARWWTPANYPFLYWGQGTLVTVSSA,6.876148359032914,-9.75358
305,EVQLVESGGGLVQPGGSLRLSCAASGFNIKDTYIHWVRQAPGKGLEWVARIDPANGYTRYADSVKGRFTISADTSKNTAYLQMNSLRAEDTAVYYCARVGGRGYYYYDYWGQGTLVTVSSA,6.872992442628673,-11.0922
306,EVQLVESGGGLVQPGGSLRLSCAASGFNIKDTYIHWVRQAPGKGLEWVARIYPTNGYTRYADSVKGRFTISADTSKNTAYLQMNSLRAEDTAVYYCARSHIGYYGQVALWGQGTLVTVSSA,6.87137459512405,-6.10037
307,EVQLVESGGGLVQPGGSLRLSCAASGFNIKDTYIHWVRQAPGKGLEWVARIYPTNGYTRYADSVKGRFTISADTSKNTAYLQMNSLRAEDTAVYYCASYYAPGSYGFDPWGQGTLVTVSSA,6.869601896347199,-8.48498
308,EVQLVESGGGLVQPGGSLRLSCAASGFNIKDTYIHWVRQAPGKGLEWVARIYPTNGYTRYADSVKGRFTISADTSKNTAYLQMNSLRAEDTAVYYCARYGLNHYYVYPYWGQGTLVTVSSA,6.86867010595719,-6.93007
309,EVQLVESGGGLVQPGGSLRLSCAASGFNIKDTYIHWVRQAPGKGLEWVARIYPTNGYTRYADSVKGRFTISADTSKNTAYLQMNSLRAEDTAVYYCARSYFRFTGDFFYWGQGTLVTVSSA,6.86847757108693,-6.73444
310,EVQLVESGGGLVQPGGSLRLSCAASGFNIKDTYIHWVRQAPGKGLEWVARIYPTNGYTRYADSVKGRFTISADTSKNTAYLQMNSLRAEDTAVYYCARWWGYGYYYFAYWGQGTLVTVSSA,6.854648183441539,-9.45521
311,EVQLVESGGGLVQPGGSLRLSCAASGFNIKDTYIHWVRQAPGKGLEWVARIYPTNGYTRYADSVKGRFTISADTSKNTAYLQMNSLRAEDTAVYYCSRYYDYNYYFMDYWGQGTLVTVSSA,6.8494584586259135,-4.99527
312,EVQLVESGGGLVQPGGSLRLSCAASGFNIKDTYIHWVRQAPGKGLEWVARIYPTNGYTRYADSVKGRFTISADTSKNTAYLQMNSLRAEDTAVYYCARDGGSSSYSYSYWGQGTLVTVSSA,6.834696307531639,-8.73673
313,EVQLVESGGGLVQPGGSLRLSCAASGFNIKDTYIHWVRQAPGKGLEWVARIYPTNGYTRYADSVKGRFTISADTSKNTAYLQMNSLRAEDTAVYYCARTTSSIPSSFDYWGQGTLVTVSSA,6.827484636989228,-7.94331
314,EVQLVESGGGLVQPGGSLRLSCAASGFNIKDTYIHWVRQAPGKGLEWVARIYPTNGYTRYADSVKGRFTISADTSKNTAYLQMNSLRAEDTAVYYCARYRYGYYYYMDVWGQGTLVTVSSA,6.8228676829582255,-8.03843
315,EVQLVESGGGLVQPGGSLRLSCAASGFNIKDTYIHWVRQAPGKGLEWVARIYPTNGYTRYADSVKGRFTISADTSKNTAYLQMNSLRAEDTAVYYCARYGSLTYYAMHYWGQGTLVTVSSA,6.820735535660975,-4.49144
316,EVQLVESGGGLVQPGGSLRLSCAASGFNIKDTYIHWVRQAPGKGLEWVARIYPTNGYTRYADSVKGRFTISADTSKNTAYLQMNSLRAEDTAVYYCARYYYLDYYYFDYWGQGTLVTVSSA,6.815649325953044,-9.14482
317,EVQLVESGGGLVQPGGSLRLSCAASGFNIKDTYIHWVRQAPGKGLEWVARIYPTNGYTRYADSVKGRFTISADTSKNTAYLQMNSLRAEDTAVYYCARDGYPFYSGMDYWGQGTLVTVSSA,6.813835038272585,-7.10335
318,EVQLVESGGGLVQPGGSLRLSCAASGFNIKDTYIHWVRQAPGKGLEWVARIYPTNGYTRYADSVKGRFTISADTSKNTAYLQMNSLRAEDTAVYYCATSGSVDRYDYVYWGQGTLVTVSSA,6.810565836598972,-10.1778
319,EVQLVESGGGLVQPGGSLRLSCAASGFNIKDTYIHWVRQAPGKGLEWVARIYPTNGYTRYADSVKGRFTISADTSKNTAYLQMNSLRAEDTAVYYCARYNPFDGFYFDVWGQGTLVTVSSA,6.808269606637143,-7.87313
320,EVQLVESGGGLVQPGGSLRLSCAASGFNIKDTYIHWVRQAPGKGLEWVARIYPTNGYTRYADSVKGRFTISADTSKNTAYLQMNSLRAEDTAVYYCARSSGYYYYGFVYWGQGTLVTVSSA,6.803022864624881,-4.07046
321,EVQLVESGGGLVQPGGSLRLSCAASGFNIKDTYIHWVRQAPGKGLEWVARIDPADGYTRYADSVKGRFTISADTSKNTAYLQMNSLRAEDTAVYYCAREGGYGYYAMDYWGQGTLVTVSSA,6.79547305700016,-10.3688
322,EVQLVESGGGLVQPGGSLRLSCAASGFNIKDTYIHWVRQAPGKGLEWVARIYPTNGYTRYADSVKGRFTISADTSKNTAYLQMNSLRAEDTAVYYCARGYYQDSQSWGYWGQGTLVTVSSA,6.781202001888262,-9.21456
323,EVQLVESGGGLVQPGGSLRLSCAASGFNIKDTYIHWVRQAPGKGLEWVARIYPTNGYTRYADSVKGRFTISADTSKNTAYLQMNSLRAEDTAVYYCARVGGYGYYSYDYWGQGTLVTVSSA,6.772936407657174,-9.74142
324,EVQLVESGGGLVQPGGSLRLSCAASGFNIKDTYIHWVRQAPGKGLEWVARIYPTNGYTRYADSVKGRFTISADTSKNTAYLQMNSLRAEDTAVYYCASSGRLDLYDFRLWGQGTLVTVSSA,6.768224676024905,-5.73951
325,EVQLVESGGGLVQPGGSLRLSCAASGFNIKDTYIHWVRQAPGKGLEWVARIYPTNGYTRYADSVKGRFTISADTSKNTAYLQMNSLRAEDTAVYYCATGYGYLLYSDHDWGQGTLVTVSSA,6.766445507285477,-11.1157
326,EVQLVESGGGLVQPGGSLRLSCAASGFNIKDTYIHWVRQAPGKGLEWVARIYPTNGYTRYADSVKGRFTISADTSKNTAYLQMNSLRAEDTAVYYCATGSGGGGFSYGYWGQGTLVTVSSA,6.740167300936516,-11.7738
327,EVQLVESGGGLVQPGGSLRLSCAASGFNIKDTYIHWVRQAPGKGLEWVARIYPTNGYTRYADSVKGRFTISADTSKNTAYLQMNSLRAEDTAVYYCAQYGRGGYWYFDYWGQGTLVTVSSA,6.724780813217851,-13.418
328,EVQLVESGGGLVQPGGSLRLSCAASGFNIKDTYIHWVRQAPGKGLEWVARIYPTNGYTRYADSVKGRFTISADTSKNTAYLQMNSLRAEDTAVYYCARSYAFLYGRMDYWGQGTLVTVSSA,6.724688645458189,-8.43796
329,EVQLVESGGGLVQPGGSLRLSCAASGFNIKDTYIHWVRQAPGKGLEWVARIYPTNGYTRYADSVKGRFTISADTSKNTAYLQMNSLRAEDTAVYYCARYSYYGGGAFDYWGQGTLVTVSSA,6.719194071606333,-9.74606
330,EVQLVESGGGLVQPGGSLRLSCAASGFNIKDYYIHWVRQAPGKGLEWVARIYPSRGYTRYADSVKGRFTISADTSKNTAYLQMNSLRAEDTAVYYCARHGSEGRYTMDVWGQGTLVTVSSA,6.716517852951029,-10.1635
331,EVQLVESGGGLVQPGGSLRLSCAASGFNIKDTYIHWVRQAPGKGLEWVARIYPTNGYTRYADSVKGRFTISADTSKNTAYLQMNSLRAEDTAVYYCARDSPYYGSLYLYWGQGTLVTVSSA,6.688097868580511,-3.00827
332,EVQLVESGGGLVQPGGSLRLSCAASGFNIKDTYIHWVRQAPGKGLEWVARIYPANGYTRYADSVKGRFTISADTSKNTAYLQMNSLRAEDTAVYYCAREGGVGYYSFAYWGQGTLVTVSSA,6.671335038558475,-8.4562
333,EVQLVESGGGLVQPGGSLRLSCAASGFNIKDTYIHWVRQAPGKGLEWVARIYPTNGYTRYADSVKGRFTISADTSKNTAYLQMNSLRAEDTAVYYCSRYSYSGGHAFAYWGQGTLVTVSSA,6.669992299127241,-9.22099
334,EVQLVESGGGLVQPGGSLRLSCAASGFNIKDTYIHWVRQAPGKGLEWVARIYPTNGYTRYADSVKGRFTISADTSKNTAYLQMNSLRAEDTAVYYCARWYGLGSYGLTYWGQGTLVTVSSA,6.65233829087838,-6.57725
335,EVQLVESGGGLVQPGGSLRLSCAASGFNVSSSYIHWVRQAPGKGLEWVARIYPENGSTRYADSVKGRFTISADTSKNTAYLQMNSLRAEDTAVYYCSRYSYYGGYAFDYWGQGTLVTVSSA,6.648010544564368,-7.53548
336,EVQLVESGGGLVQPGGSLRLSCAASGFNIKDTYIHWVRQAPGKGLEWVARIYPTNGYTRYADSVKGRFTISADTSKNTAYLQMNSLRAEDTAVYYCARWEQASVGSFGYWGQGTLVTVSSA,6.646179905102587,-8.05292
337,EVQLVESGGGLVQPGGSLRLSCAASGFNIKDTYIHWVRQAPGKGLEWVARIYPTNGYTRYADSVKGRFTISADTSKNTAYLQMNSLRAEDTAVYYCARSGGYYHYGFVYWGQGTLVTVSSA,6.642160403462019,-4.92952
338,EVQLVESGGGLVQPGGSLRLSCAASGFNIKDTYIHWVRQAPGKGLEWVARIYPSNGYTRYADSVKGRFTISADTSKNTAYLQMNSLRAEDTAVYYCARSSGYYSYSYDYWGQGTLVTVSSA,6.638102255904119,-7.3425
339,EVQLVESGGGLVQPGGSLRLSCAASGFNIKDTYIHWVRQAPGKGLEWVARIYPTNGYTRYADSVKGRFTISADTSKNTAYLQMNSLRAEDTAVYYCARWRYGGAYQFALWGQGTLVTVSSA,6.637310229273836,-8.03414
340,EVQLVESGGGLVQPGGSLRLSCAASGFNIKDTYIHWVRQAPGKGLEWVARIYPTNGYTRYADSVKGRFTISADTSKNTAYLQMNSLRAEDTAVYYCSRWGTDGVYAMDYWGQGTLVTVSSA,6.63712186421107,-3.93299
341,EVQLVESGGGLVQPGGSLRLSCAASGFNIKDTYIHWVRQAPGKGLEWVARIYPTNGYTRYADSVKGRFTISADTSKNTAYLQMNSLRAEDTAVYYCARDGGMYRYGLYGWGQGTLVTVSSA,6.635824367229381,-4.68416
342,EVQLVESGGGLVQPGGSLRLSCAASGFNIKDTYIHWVRQAPGKGLEWVARIYPTNGYTRYADSVKGRFTISADTSKNTAYLQMNSLRAEDTAVYYCSRWDGDGNYAMDYWGQGTLVTVSSA,6.621093599976739,-2.05221
343,EVQLVESGGGLVQPGGSLRLSCAASGFNIKDTYIHWVRQAPGKGLEWVARIYPTNGYTRYADSVKGRFTISADTSKNTAYLQMNSLRAEDTAVYYCARYGGGPSYRLSYWGQGTLVTVSSA,6.613750803291077,-8.384
344,EVQLVESGGGLVQPGGSLRLSCAASGFNIKDTYIHWVRQAPGKGLEWVARIYPTNGYTRYADSVKGRFTISADTSKNTAYLQMNSLRAEDTAVYYCARWSGGSLYALDYWGQGTLVTVSSA,6.600845666041783,-3.24719
345,EVQLVESGGGLVQPGGSLRLSCAASGFNIKDTYIHWVRQAPGKGLEWVARIYPTNGYTRYADSVKGRFTISADTSKNTAYLQMNSLRAEDTAVYYCSRKGGDGFYGMDYWGQGTLVTVSSA,6.596553451224123,-9.91771
346,EVQLVESGGGLVQPGGSLRLSCAASGFNIKDTYIHWVRQAPGKGLEWVARIYPTNGYTRYADSVKGRFTISADTSKNTAYLQMNSLRAEDTAVYYCARGHYSLGYSFDFWGQGTLVTVSSA,6.591760034688151,-12.7067
347,EVQLVESGGGLVQPGGSLRLSCAASGFNIKDTYIHWVRQAPGKGLEWVARIYPTNGYTRYADSVKGRFTISADTSKNTAYLQMNSLRAEDTAVYYCSRRGGDYFYAMDYWGQGTLVTVSSA,6.591353074344235,-6.44382
348,EVQLVESGGGLVQPGGSLRLSCAASGFNIKDTYIHWVRQAPGKGLEWVARIYPTNGYTRYADSVKGRFTISADTSKNTAYLQMNSLRAEDTAVYYCARDGGIAYYYFAYWGQGTLVTVSSA,6.589982391796948,-9.88237
349,EVQLVESGGGLVQPGGSLRLSCAASGFNIKDTYIHWVRQAPGKGLEWVARIYPTNGYTRYADSVKGRFTISADTSKNTAYLQMNSLRAEDTAVYYCARYGGRSSYYFDYWGQGTLVTVSSA,6.589864140580731,-8.97158
350,EVQLVESGGGLVQPGGSLRLSCAASGFNIKDTYIHWVRQAPGKGLEWVARIYPTNGYTRYADSVKGRFTISADTSKNTAYLQMNSLRAEDTAVYYCSRSGGDQFYAMDYWGQGTLVTVSSA,6.573179800036645,-7.04568
351,EVQLVESGGGLVQPGGSLRLSCAASGFNIKDTYIHWVRQAPGKGLEWVARIDPENGYTRYADSVKGRFTISADTSKNTAYLQMNSLRAEDTAVYYCARVGGYGYYYYDYWGQGTLVTVSSA,6.556987488783215,-11.1029
352,EVQLVESGGGLVQPGGSLRLSCAASGFNIKDTYIHWVRQAPGKGLEWVARIYPTNGYTRYADSVKGRFTISADTSKNTAYLQMNSLRAEDTAVYYCARDGIYGYGGFAYWGQGTLVTVSSA,6.556674416046255,-11.9323
353,EVQLVESGGGLVQPGGSLRLSCAASGFNIKDTYIHWVRQAPGKGLEWVARIYPTNGYTRYADSVKGRFTISADTSKNTAYLQMNSLRAEDTAVYYCARDVYVGSPVFDYWGQGTLVTVSSA,6.5562364930224994,-9.06009
354,EVQLVESGGGLVQPGGSLRLSCAASGFNIKDTYIHWVRQAPGKGLEWVARIYPTNGYTRYADSVKGRFTISADTSKNTAYLQMNSLRAEDTAVYYCARSNNWYSYSFQFWGQGTLVTVSSA,6.555955204081924,-4.88608
355,EVQLVESGGGLVQPGGSLRLSCAASGFNIKDTYIHWVRQAPGKGLEWVARIYPTNGYTRYADSVKGRFTISADTSKNTAYLQMNSLRAEDTAVYYCSRWGADGFTAMDYWGQGTLVTVSSA,6.551649298004096,-8.99688
356,EVQLVESGGGLVQPGGSLRLSCAASGFNIKDTYIHWVRQAPGKGLEWVARIYPTNGYTRYADSVKGRFTISADTSKNTAYLQMNSLRAEDTAVYYCAYMGSHTIYSFEHWGQGTLVTVSSA,6.521433504406157,-6.99336
357,EVQLVESGGGLVQPGGSLRLSCAASGFNIKDTYIHWVRQAPGKGLEWVARIYPTNGYTRYADSVKGRFTISADTSKNTAYLQMNSLRAEDTAVYYCSRWGLDGVYAMDYWGQGTLVTVSSA,6.520323937131855,-4.36105
358,EVQLVESGGGLVQPGGSLRLSCAASGFNIKDTYIHWVRQAPGKGLEWVARIYPTNGYTRYADSVKGRFTISADTSKNTAYLQMNSLRAEDTAVYYCARSGGGSYYYYDYWGQGTLVTVSSA,6.512112511761912,-9.12354
359,EVQLVESGGGLVQPGGSLRLSCAASGFNIKDTYIHWVRQAPGKGLEWVARIYPTNGYTRYADSVKGRFTISADTSKNTAYLQMNSLRAEDTAVYYCSRWGGDGFTFMDYWGQGTLVTVSSA,6.5074072167442925,-5.24151
360,EVQLVESGGGLVQPGGSLRLSCAASGFNIKDTYIHWVRQAPGKGLEWVARIYPTNGYTRYADSVKGRFTISADTSKNTAYLQMNSLRAEDTAVYYCATSGTASWQHYGVWGQGTLVTVSSA,6.4922115705718575,-9.83047
361,EVQLVESGGGLVQPGGSLRLSCAASGFNIKDTYIHWVRQAPGKGLEWVARIYPTNGYTRYADSVKGRFTISADTSKNTAYLQMNSLRAEDTAVYYCARLGASHGYLYDDWGQGTLVTVSSA,6.484695879289678,-7.80766
362,EVQLVESGGGLVQPGGSLRLSCAASGFNIKDTYIHWVRQAPGKGLEWVARIYPTNGYTRYADSVKGRFTISADTSKNTAYLQMNSLRAEDTAVYYCARSTGSGFYSYDYWGQGTLVTVSSA,6.481525543233364,-10.0649
363,EVQLVESGGGLVQPGGSLRLSCAASGFNIKDTYIHWVRQAPGKGLEWVARIYPTNGYTRYADSVKGRFTISADTSKNTAYLQMNSLRAEDTAVYYCARSGGYYTYGFDYWGQGTLVTVSSA,6.471533245943799,-4.80691
364,EVQLVESGGGLVQPGGSLRLSCAASGFNIKDTYIHWVRQAPGKGLEWVARIYPSNGYTRYADSVKGRFTISADTSKNTAYLQMNSLRAEDTAVYYCARSGYYYSYSFDYWGQGTLVTVSSA,6.458970211449147,-5.49286
365,EVQLVESGGGLVQPGGSLRLSCAASGFNIKDTYIHWVRQAPGKGLEWVARIYPTNGYTRYADSVKGRFTISADTSKNTAYLQMNSLRAEDTAVYYCTRYSYYGYHAMDYWGQGTLVTVSSA,6.451549158419995,-9.09548
366,EVQLVESGGGLVQPGGSLRLSCAASGFNIKDTYIHWVRQAPGKGLEWVARIYPTNGYTRYADSVKGRFTISADTSKNTAYLQMNSLRAEDTAVYYCARDYDFGLSVGAVWGQGTLVTVSSA,6.44660248987612,-11.4885
367,EVQLVESGGGLVQPGGSLRLSCAASGFNIKDTYIHWVRQAPGKGLEWVARIYPTNGYTRYADSVKGRFTISADTSKNTAYLQMNSLRAEDTAVYYCSRYSYSGGGSFDYWGQGTLVTVSSA,6.441471423037927,-8.10768
368,EVQLVESGGGLVQPGGSLRLSCAASGFNIKDTYIHWVRQAPGKGLEWVARIYPTNGYTRYADSVKGRFTISADTSKNTAYLQMNSLRAEDTAVYYCARDGGGGVYAFTYWGQGTLVTVSSA,6.43937612545007,-9.79107
369,EVQLVESGGGLVQPGGSLRLSCAASGFNIKDTYIHWVRQAPGKGLEWVARIYPTNGYTRYADSVKGRFTISADTSKNTAYLQMNSLRAEDTAVYYCARYSGDSYYYYDYWGQGTLVTVSSA,6.436257941704293,-8.50541
370,EVQLVESGGGLVQPGGSLRLSCAASGFNIKDTYIHWVRQAPGKGLEWVARIYPTNGYTRYADSVKGRFTISADTSKNTAYLQMNSLRAEDTAVYYCARYHYRTIGSFGYWGQGTLVTVSSA,6.435333935747911,-9.89844
371,EVQLVESGGGLVQPGGSLRLSCAASGFNIKDTYIHWVRQAPGKGLEWVARIYPTNGYTRYADSVKGRFTISADTSKNTAYLQMNSLRAEDTAVYYCAWASGYGGYGMDYWGQGTLVTVSSA,6.433586079379844,-9.54918
372,EVQLVESGGGLVQPGGSLRLSCAASGFNIKDTYIHWVRQAPGKGLEWVARIYPTNGYTRYADSVKGRFTISADTSKNTAYLQMNSLRAEDTAVYYCARYRDGYDYYFDYWGQGTLVTVSSA,6.418824322981798,-1.88729
373,EVQLVESGGGLVQPGGSLRLSCAASGFNIKDTYIHWVRQAPGKGLEWVARIYPTNGYTRYADSVKGRFTISADTSKNTAYLQMNSLRAEDTAVYYCSRWGGDGFQHMDYWGQGTLVTVSSA,6.404514801016897,-9.54126
374,EVQLVESGGGLVQPGGSLRLSCAASGFNIKDTWIHWVRQAPGKGLEWVARIDPANGYTRYADSVKGRFTISADTSKNTAYLQMNSLRAEDTAVYYCARVGGRGYYYYDYWGQGTLVTVSSA,6.404349487748598,-10.5511
375,EVQLVESGGGLVQPGGSLRLSCAASGFNIKDTYIHWVRQAPGKGLEWVARIYPTNGYTRYADSVKGRFTISADTSKNTAYLQMNSLRAEDTAVYYCARDGGRGRYAMDYWGQGTLVTVSSA,6.395363613701377,-9.83392
376,EVQLVESGGGLVQPGGSLRLSCAASGFNIKDTYIHWVRQAPGKGLEWVARIYPTNGYTRYADSVKGRFTISADTSKNTAYLQMNSLRAEDTAVYYCARYSGSSYYYYDYWGQGTLVTVSSA,6.374019126688331,-12.4111
377,EVQLVESGGGLVQPGGSLRLSCAASGFNIKDTYIHWVRQAPGKGLEWVARIYPTNGYTRYADSVKGRFTISADTSKNTAYLQMNSLRAEDTAVYYCARYGGSSNYYYDYWGQGTLVTVSSA,6.35591608142317,-8.89122
378,EVQLVESGGGLVQPGGSLRLSCAASGFNIKDTYIHWVRQAPGKGLEWVARIYPTNGYTRYADSVKGRFTISADTSKNTAYLQMNSLRAEDTAVYYCATGLSPSGSNGPYWGQGTLVTVSSA,6.352362787729886,-9.73606
379,EVQLVESGGGLVQPGGSLRLSCAASGFNIKDTYIHWVRQAPGKGLEWVARIYPTNGYTRYADSVKGRFTISADTSKNTAYLQMNSLRAEDTAVYYCVRSGYDYYSWFAYWGQGTLVTVSSA,6.332229614493109,-3.66326
380,EVQLVESGGGLVQPGGSLRLSCAASGFNIKDTYIHWVRQAPGKGLEWVARIYPANGYTRYADSVKGRFTISADTSKNTAYLQMNSLRAEDTAVYYCASSGGGYSYYYTYWGQGTLVTVSSA,6.3225938180200565,-4.85818
381,EVQLVESGGGLVQPGGSLRLSCAASGFNIKDTYIHWVRQAPGKGLEWVARIYPTNGYTRYADSVKGRFTISADTSKNTAYLQMNSLRAEDTAVYYCARYSYYGGGYFDYWGQGTLVTVSSA,6.3209811505990245,-10.6943
382,EVQLVESGGGLVQPGGSLRLSCAASGFNIKDTYIHWVRQAPGKGLEWVARIYPTNGYTRYADSVKGRFTISADTSKNTAYLQMNSLRAEDTAVYYCARSYGSGSYSFDYWGQGTLVTVSSA,6.305640532097788,-9.92168
383,EVQLVESGGGLVQPGGSLRLSCAASGFNIKDTYIHWVRQAPGKGLEWVARIYPTNGYTRYADSVKGRFTISADTSKNTAYLQMNSLRAEDTAVYYCARGYAYYVAGREYWGQGTLVTVSSA,6.304518323509803,-8.70817
384,EVQLVESGGGLVQPGGSLRLSCAASGFNIKDTYIHWVRQAPGKGLEWVARIYPTNGYTRYADSVKGRFTISADTSKNTAYLQMNSLRAEDTAVYYCSRYSYYGGGGFDYWGQGTLVTVSSA,6.302997456541026,-9.0736
385,EVQLVESGGGLVQPGGSLRLSCAASGFNIKDTYIHWVRQAPGKGLEWVARIYPTSGYTRYADSVKGRFTISADTSKNTAYLQMNSLRAEDTAVYYCASDGGVSSYSFDYWGQGTLVTVSSA,6.265640286465304,-10.3216
386,EVQLVESGGGLVQPGGSLRLSCAASGFNIKDTYIHWVRQAPGKGLEWVARIYPANGYTRYADSVKGRFTISADTSKNTAYLQMNSLRAEDTAVYYCASSGGSSSYYYNYWGQGTLVTVSSA,6.256631364710342,-8.87706
387,EVQLVESGGGLVQPGGSLRLSCAASGFNIKDTYIHWVRQAPGKGLEWVARIYPTNGYTRYADSVKGRFTISADTSKNTAYLQMNSLRAEDTAVYYCARSRGSSSYMMDYWGQGTLVTVSSA,6.247068488349481,-9.29192
388,EVQLVESGGGLVQPGGSLRLSCAASGFNIKDTYIHWVRQAPGKGLEWVARIYPTNGYTRYADSVKGRFTISADTSKNTAYLQMNSLRAEDTAVYYCARDRGVSGYYLYYWGQGTLVTVSSA,6.246593145685108,-8.66883
389,EVQLVESGGGLVQPGGSLRLSCAASGFNIKDTYIHWVRQAPGKGLEWVARIYPTNGYTRYADSVKGRFTISADTSKNTAYLQMNSLRAEDTAVYYCARNYYGAAYYFDYWGQGTLVTVSSA,6.244208963631403,-12.0724
390,EVQLVESGGGLVQPGGSLRLSCAASGFNIKDTYIHWVRQAPGKGLEWVARIYPSSGYTRYADSVKGRFTISADTSKNTAYLQMNSLRAEDTAVYYCASSGGRYYYYYDYWGQGTLVTVSSA,6.228758034539023,-7.14426
391,EVQLVESGGGLVQPGGSLRLSCAASGFNIKDTYIHWVRQAPGKGLEWVARIYPTNGYTRYADSVKGRFTISADTSKNTAYLQMNSLRAEDTAVYYCARTDIIYSGHFAYWGQGTLVTVSSA,6.220252037085032,-5.29711
392,EVQLVESGGGLVQPGGSLRLSCAASGFNIKDTYIHWVRQAPGKGLEWVARIYPTNGYTRYADSVKGRFTISADTSKNTAYLQMNSLRAEDTAVYYCARSGGSGYYSYNYWGQGTLVTVSSA,6.21965387989447,-9.90553
393,EVQLVESGGGLVQPGGSLRLSCAASGFNIKDTYIHWVRQAPGKGLEWVARIYPTNGYTRYADSVKGRFTISADTSKNTAYLQMNSLRAEDTAVYYCARFMGGGYTSSDYWGQGTLVTVSSA,6.195724232870906,-8.87713
394,EVQLVESGGGLVQPGGSLRLSCAASGFNFKDTYIHWVRQAPGKGLEWVARIYPANGYTRYADSVKGRFTISADTSKNTAYLQMNSLRAEDTAVYYCASDGGSYSYAFDYWGQGTLVTVSSA,6.192302649192609,-3.61711
395,EVQLVESGGGLVQPGGSLRLSCAASGFNIKDTYIHWVRQAPGKGLEWVARIYPTNGYTRYADSVKGRFTISADTSKNTAYLQMNSLRAEDTAVYYCARSSGSSYYGFDYWGQGTLVTVSSA,6.175249543960697,-9.31667
396,EVQLVESGGGLVQPGGSLRLSCAASGFNIKDTYIHWVRQAPGKGLEWVARIYPEDGSTRYADSVKGRFTISADTSKNTAYLQMNSLRAEDTAVYYCARSGGSSTYAYDYWGQGTLVTVSSA,6.174457047415913,-7.5799
397,EVQLVESGGGLVQPGGSLRLSCAASGFNIKDTYIHWVRQAPGKGLEWVARIYPTNGYTRYADSVKGRFTISADTSKNTAYLQMNSLRAEDTAVYYCARSGGSSFYGMDYWGQGTLVTVSSA,6.167471927665727,-11.8691
398,EVQLVESGGGLVQPGGSLRLSCAASGFNIKDTYIHWVRQAPGKGLEWVARIYPTNGYTRYADSVKGRFTISADTSKNTAYLQMNSLRAEDTAVYYCARGYYDTSQSHAYWGQGTLVTVSSA,6.147032308971181,-12.9158
399,EVQLVESGGGLVQPGGSLRLSCAASGFNIKDTYIHWVRQAPGKGLEWVARIYSSDGYTRYADSVKGRFTISADTSKNTAYLQMNSLRAEDTAVYYCARSGGSSYYYYDYWGQGTLVTVSSA,6.091713407874497,-12.3081
400,EVQLVESGGGLVQPGGSLRLSCAASGFNIKDTYIHWVRQAPGKGLEWVARIYPTNGYTRYADSVKGRFTISADTSKNTAYLQMNSLRAEDTAVYYCARYSGSGGNAFAYWGQGTLVTVSSA,6.063712511489185,-10.9918
401,EVQLVESGGGLVQPGGSLRLSCAASGFNIKDTYIHWVRQAPGKGLEWVARIYPTNGYTRYADSVKGRFTISADTSKNTAYLQMNSLRAEDTAVYYCARTGGSSYYAYDYWGQGTLVTVSSA,6.045159541100713,-8.06173
402,EVQLVESGGGLVQPGGSLRLSCAASGFNIKDTYIHWVRQAPGKGLEWVARIYPSNGYTRYADSVKGRFTISADTSKNTAYLQMNSLRAEDTAVYYCARYRGSSSYYFDYWGQGTLVTVSSA,6.042617819126254,-11.8485
403,EVQLVESGGGLVQPGGSLRLSCAASGFNIKDTYIHWVRQAPGKGLEWVARIYPTNGYTRYADSVKGRFTISADTSKNTAYLQMNSLRAEDTAVYYCARHYYGWSSGYDYWGQGTLVTVSSA,6.018022920110226,-9.28986
404,EVQLVESGGGLVQPGGSLRLSCAASGFNIKDTYIHWVRQAPGKGLEWVARIYPTNGYTRYADSVKGRFTISADTSKNTAYLQMNSLRAEDTAVYYCARSAGIGYYAMDYWGQGTLVTVSSA,6.0024738249901,-12.9959
405,EVQLVESGGGLVQPGGSLRLSCAASGFNIKDTYIHWVRQAPGKGLEWVARIYPTNGYTRYADSVKGRFTISADTSKNTAYLQMNSLRAEDTAVYYCSRYGYSGYGAFDYWGQGTLVTVSSA,5.977951235241623,-8.14935
406,EVQLVESGGGLVQPGGSLRLSCAASGFNIKDTYIHWVRQAPGKGLEWVARIYPTNGYTRYADSVKGRFTISADTSKNTAYLQMNSLRAEDTAVYYCARSGGSYSYSFDVWGQGTLVTVSSA,5.972523996263773,-7.19491
407,EVQLVESGGGLVQPGGSLRLSCAASGFNIKDTYIHWVRQAPGKGLEWVARIYPTNGYTRYADSVKGRFTISADTSKNTAYLQMNSLRAEDTAVYYCARSGGSSYYYYDYWGQGTLVTVSSA,5.971807089838353,-9.9213
408,EVQLVESGGGLVQPGGSLRLSCAASGFNISDYYIHWVRQAPGKGLEWVARIYPSSGYTRYADSVKGRFTISADTSKNTAYLQMNSLRAEDTAVYYCARDGGVGSYSMDVWGQGTLVTVSSA,5.878446721160414,-9.76539
409,EVQLVESGGGLVQPGGSLRLSCAASGFNIKDTYIHWVRQAPGKGLEWVARIYPTNGYTRYADSVKGRFTISADTSKNTAYLQMNSLRAEDTAVYYCARSGGRYTYGFDYWGQGTLVTVSSA,5.851505315338953,-4.95176
410,EVQLVESGGGLVQPGGSLRLSCAASGFNIKDTYIHWVRQAPGKGLEWVARIYPTNGYTRYADSVKGRFTISADTSKNTAYLQMNSLRAEDTAVYYCASSGGSSSYSYSYWGQGTLVTVSSA,5.799149501908922,-10.5547
411,EVQLVESGGGLVQPGGSLRLSCAASGFNIKDTYIHWVRQAPGKGLEWVARIYPADGYTRYADSVKGRFTISADTSKNTAYLQMNSLRAEDTAVYYCASSGGSSYYYYDYWGQGTLVTVSSA,5.77660011805128,-9.3626
412,EVQLVESGGGLVQPGGSLRLSCAASGFNVKDTYIHWVRQAPGKGLEWVARIYPSDGYTRYADSVKGRFTISADTSKNTAYLQMNSLRAEDTAVYYCASSGGSSYYYYDYWGQGTLVTVSSA,5.769934448793953,-10.2208
413,EVQLVESGGGLVQPGGSLRLSCAASGFNIKDTYIHWVRQAPGKGLEWVARIYPTNGYTRYADSVKGRFTISADTSKNTAYLQMNSLRAEDTAVYYCASSGGSSSYSYYYWGQGTLVTVSSA,5.763256220640341,-9.95334
414,EVQLVESGGGLVQPGGSLRLSCAASGFNIKDTYIHWVRQAPGKGLEWVARIYPTNGYTRYADSVKGRFTISADTSKNTAYLQMNSLRAEDTAVYYCARSGGSGYYYYDYWGQGTLVTVSSA,5.737451620218279,-10.161
415,EVQLVESGGGLVQPGGSLRLSCAASGFNIKDTYIHWVRQAPGKGLEWVARIYPTNGYTRYADSVKGRFTISADTSKNTAYLQMNSLRAEDTAVYYCARYSSSGGSAFDYWGQGTLVTVSSA,5.701939852521577,-7.90022
416,EVQLVESGGGLVQPGGSLRLSCAASGFNIKDTYIHWVRQAPGKGLEWVARIYPTNGYTRYADSVKGRFTISADTSKNTAYLQMNSLRAEDTAVYYCARVGGRGYYAYDYWGQGTLVTVSSA,5.640847788553105,-9.96882
417,EVQLVESGGGLVQPGGSLRLSCAASGFNIKDTYIHWVRQAPGKGLEWVARIYPTNGYTRYADSVKGRFTISADTSKNTAYLQMNSLRAEDTAVYYCAVSGGSSSYSYQYWGQGTLVTVSSA,5.615972922206005,-9.8472
418,EVQLVESGGGLVQPGGSLRLSCAASGFNIKDTYIHWVRQAPGKGLEWVARIYPTNGYTRYADSVKGRFTISADTSKNTAYLQMNSLRAEDTAVYYCARDGGSGYYAYDYWGQGTLVTVSSA,5.597927856364727,-9.89733
