mut_heavy_chain_seq,binding_score,mutations,log-likelihood
EVQLVESGGGLVQPGGSLRLSCAASGFNIKDTYIHWVRQAPGKGLEWVARIYPTNGYTRYADSVKGRFTISADTSKNTAYLQMNSLRAEDTAVYYCARWGGYGFYAMDYWGQGTLVTVSSA,9.2518119729938,S97A:D102Y,-14.94613614628282
EVQLVESGGGLVQPGGSLRLSCAASGFNIKDTYIHWVRQAPGKGLEWVARIYPTNGYTRYADSVKGRFTISADTSKNTAYLQMNSLRAEDTAVYYCTRWYYFIYYYMDVWGQGTLVTVSSA,9.060480747381382,S97T:G100Y:G101Y:D102F:G103I:F104Y:A106Y:Y109V,-14.898094620346242
EVQLVESGGGLVQPGGSLRLSCAASGFNIKDTYIHWVRQAPGKGLEWVARIYPTNGYTRYADSVKGRFTISADTSKNTAYLQMNSLRAEDTAVYYCTRYFFNGWYYFDVWGQGTLVTVSSA,9.0268721464003,S97T:W99Y:G100F:G101F:D102N:F104W:A106Y:M107F:Y109V,-14.90629115887808
EVQLVESGGGLVQPGGSLRLSCAASGFNIKDTYIHWVRQAPGKGLEWVARIYPTNGYTRYADSVKGRFTISADTSKNTAYLQMNSLRAEDTAVYYCARYYGYGGYWFAYWGQGTLVTVSSA,9.008773924307503,S97A:W99Y:G100Y:D102Y:F104G:A106W:M107F:D108A,-14.924187498256336
EVQLVESGGGLVQPGGSLRLSCAASGFNIKDTYIHWVRQAPGKGLEWVARIYPTNGYTRYADSVKGRFTISADTSKNTAYLQMNSLRAEDTAVYYCSRWGGWGFYSMDYWGQGTLVTVSSA,8.97061622231479,D102W:A106S,-14.945377536698384
EVQLVESGGGLVQPGGSLRLSCAASGFNIKDTYIHWVRQAPGKGLEWVARIYPTNGYTRYADSVKGRFTISADTSKNTAYLQMNSLRAEDTAVYYCSRWHGYGFYAMDYWGQGTLVTVSSA,8.694648630553376,G100H:D102Y,-14.930177024747868
EVQLVESGGGLVQPGGSLRLSCAASGFNIKDTYIHWVRQAPGKGLEWVARIYPTNGYTRYADSVKGRFTISADTSKNTAYLQMNSLRAEDTAVYYCTRWLEGLSYFMDYWGQGTLVTVSSA,8.619788758288394,S97T:G100L:G101E:D102G:G103L:F104S:A106F,-14.908522784154266
EVQLVESGGGLVQPGGSLRLSCAASGFNIKDTYIHWVRQAPGKGLEWVARIYPTNGYTRYADSVKGRFTISADTSKNTAYLQMNSLRAEDTAVYYCTRYGGRGAYYFDVWGQGTLVTVSSA,8.595166283380062,S97T:W99Y:D102R:F104A:A106Y:M107F:Y109V,-14.93055068739294
EVQLVESGGGLVQPGGSLRLSCAASGFNIKDTYIHWVRQAPGKGLEWVARIYPTNGYTRYADSVKGRFTISADTSKNTAYLQMNSLRAEDTAVYYCARWPFYGPYNYDYWGQGTLVTVSSA,8.578396073130168,S97A:G100P:G101F:D102Y:F104P:A106N:M107Y,-14.921103310351846
EVQLVESGGGLVQPGGSLRLSCAASGFNIKDTYIHWVRQAPGKGLEWVARIYPTNGYTRYADSVKGRFTISADTSKNTAYLQMNSLRAEDTAVYYCARWIDGYSYFMDYWGQGTLVTVSSA,8.578396073130168,S97A:G100I:G101D:D102G:G103Y:F104S:A106F,-14.915652780105773
EVQLVESGGGLVQPGGSLRLSCAASGFNIKDTYIHWVRQAPGKGLEWVARIYPTNGYTRYADSVKGRFTISADTSKNTAYLQMNSLRAEDTAVYYCTRYYYGGPYYFDYWGQGTLVTVSSA,8.52432881167557,S97T:W99Y:G100Y:G101Y:D102G:F104P:A106Y:M107F,-14.914251792054847
EVQLVESGGGLVQPGGSLRLSCAASGFNIKDTYIHWVRQAPGKGLEWVARIYPTNGYTRYADSVKGRFTISADTSKNTAYLQMNSLRAEDTAVYYCARYGLGDWYYFAYWGQGTLVTVSSA,8.522878745280337,S97A:W99Y:G101L:D102G:G103D:F104W:A106Y:M107F:D108A,-14.927019881101248
EVQLVESGGGLVQPGGSLRLSCAASGFNIKDTYIHWVRQAPGKGLEWVARIYPTNGYTRYADSVKGRFTISADTSKNTAYLQMNSLRAEDTAVYYCARYEAYGLYPFGYWGQGTLVTVSSA,8.469800301796917,S97A:W99Y:G100E:G101A:D102Y:F104L:A106P:M107F:D108G,-14.915710409778072
EVQLVESGGGLVQPGGSLRLSCAASGFNIKDTYIHWVRQAPGKGLEWVARIYPTNGYTRYADSVKGRFTISADTSKNTAYLQMNSLRAEDTAVYYCARWLGEGYYNFDYWGQGTLVTVSSA,8.465973893943865,S97A:G100L:D102E:F104Y:A106N:M107F,-14.946343446270498
EVQLVESGGGLVQPGGSLRLSCAASGFNIKDTYIHWVRQAPGKGLEWVARIYPTNGYTRYADSVKGRFTISADTSKNTAYLQMNSLRAEDTAVYYCSRWGGRGFYAMDYWGQGTLVTVSSA,8.455931955649724,D102R,-14.93443146727329
EVQLVESGGGLVQPGGSLRLSCAASGFNIKDTYIHWVRQAPGKGLEWVARIYPTNGYTRYADSVKGRFTISADTSKNTAYLQMNSLRAEDTAVYYCANDIYIQGYDLNRWGQGTLVTVSSA,8.399027104313252,S97A:R98N:W99D:G100I:G101Y:D102I:G103Q:F104G:A106D:M107L:D108N:Y109R,-14.907600631286945
EVQLVESGGGLVQPGGSLRLSCAASGFNIKDTYIHWVRQAPGKGLEWVARIYPTNGYTRYADSVKGRFTISADTSKNTAYLQMNSLRAEDTAVYYCARWTAGYTYYMDYWGQGTLVTVSSA,8.388276691992658,S97A:G100T:G101A:D102G:G103Y:F104T:A106Y,-14.921313865730358
EVQLVESGGGLVQPGGSLRLSCAASGFNIKDTYIHWVRQAPGKGLEWVARIYPTNGYTRYADSVKGRFTISADTSKNTAYLQMNSLRAEDTAVYYCTRWGYYGYYAMDYWGQGTLVTVSSA,8.341035157335565,S97T:G101Y:D102Y:F104Y,-14.90623249766458
EVQLVESGGGLVQPGGSLRLSCAASGFNIKDTYIHWVRQAPGKGLEWVARIYPTNGYTRYADSVKGRFTISADTSKNTAYLQMNSLRAEDTAVYYCARWWYYGYYYFDVWGQGTLVTVSSA,8.330683119433887,S97A:G100W:G101Y:D102Y:F104Y:A106Y:M107F:Y109V,-14.90485318142702
EVQLVESGGGLVQPGGSLRLSCAASGFNIKDTYIHWVRQAPGKGLEWVARIYPTNGYTRYADSVKGRFTISADTSKNTAYLQMNSLRAEDTAVYYCARWPGYGSYYMDVWGQGTLVTVSSA,8.316052869248487,S97A:G100P:D102Y:F104S:A106Y:Y109V,-14.918868555430207
EVQLVESGGGLVQPGGSLRLSCAASGFNIKDTYIHWVRQAPGKGLEWVARIYPTNGYTRYADSVKGRFTISADTSKNTAYLQMNSLRAEDTAVYYCSRWGGPGLYAMDYWGQGTLVTVSSA,8.296708621881338,D102P:F104L,-14.933053199679183
EVQLVESGGGLVQPGGSLRLSCAASGFNIKDTYIHWVRQAPGKGLEWVARIYPTNGYTRYADSVKGRFTISADTSKNTAYLQMNSLRAEDTAVYYCARWRGDGFYAMDYWGQGTLVTVSSA,8.29413628771608,S97A:G100R,-14.949445242300747
EVQLVESGGGLVQPGGSLRLSCAASGFNIKDTYIHWVRQAPGKGLEWVARIYPTNGYTRYADSVKGRFTISADTSKNTAYLQMNSLRAEDTAVYYCVRYYGDGGYYFDYWGQGTLVTVSSA,8.271646217978772,S97V:W99Y:G100Y:F104G:A106Y:M107F,-14.922379505902214
EVQLVESGGGLVQPGGSLRLSCAASGFNIKDTYIHWVRQAPGKGLEWVARIYPTNGYTRYADSVKGRFTISADTSKNTAYLQMNSLRAEDTAVYYCARWYYYGYYYFDVWGQGTLVTVSSA,8.247183568811728,S97A:G100Y:G101Y:D102Y:F104Y:A106Y:M107F:Y109V,-14.904929300283653
EVQLVESGGGLVQPGGSLRLSCAASGFNIKDTYIHWVRQAPGKGLEWVARIYPTNGYTRYADSVKGRFTISADTSKNTAYLQMNSLRAEDTAVYYCARWYYLGYYYFDYWGQGTLVTVSSA,8.201349354554731,S97A:G100Y:G101Y:D102L:F104Y:A106Y:M107F,-14.927382992807264
EVQLVESGGGLVQPGGSLRLSCAASGFNIKDTYIHWVRQAPGKGLEWVARIYPTNGYTRYADSVKGRFTISADTSKNTAYLQMNSLRAEDTAVYYCARWWYGGYYYFDYWGQGTLVTVSSA,8.191114132640188,S97A:G100W:G101Y:D102G:F104Y:A106Y:M107F,-14.921552404328848
EVQLVESGGGLVQPGGSLRLSCAASGFNIKDTYIHWVRQAPGKGLEWVARIYPTNGYTRYADSVKGRFTISADTSKNTAYLQMNSLRAEDTAVYYCARWLYYGYYYFDYWGQGTLVTVSSA,8.187086643357144,S97A:G100L:G101Y:D102Y:F104Y:A106Y:M107F,-14.91864553539163
EVQLVESGGGLVQPGGSLRLSCAASGFNIKDTYIHWVRQAPGKGLEWVARIYPTNGYTRYADSVKGRFTISADTSKNTAYLQMNSLRAEDTAVYYCARWWYGGYYYMDYWGQGTLVTVSSA,8.174573882232178,S97A:G100W:G101Y:D102G:F104Y:A106Y,-14.913049065060733
EVQLVESGGGLVQPGGSLRLSCAASGFNIKDTYIHWVRQAPGKGLEWVARIYPTNGYTRYADSVKGRFTISADTSKNTAYLQMNSLRAEDTAVYYCVRYGGWGFWYFDYWGQGTLVTVSSA,8.170053304058364,S97V:W99Y:D102W:Y105W:A106Y:M107F,-14.946588157696938
EVQLVESGGGLVQPGGSLRLSCAASGFNIKDTYIHWVRQAPGKGLEWVARIYPTNGYTRYADSVKGRFTISADTSKNTAYLQMNSLRAEDTAVYYCTRYYYYGSYHFDYWGQGTLVTVSSA,8.16621562534352,S97T:W99Y:G100Y:G101Y:D102Y:F104S:A106H:M107F,-14.921430122632177
EVQLVESGGGLVQPGGSLRLSCAASGFNIKDTYIHWVRQAPGKGLEWVARIYPTNGYTRYADSVKGRFTISADTSKNTAYLQMNSLRAEDTAVYYCARWGYSGWYVMDYWGQGTLVTVSSA,8.159266765388193,S97A:G101Y:D102S:F104W:A106V,-14.92455216638367
EVQLVESGGGLVQPGGSLRLSCAASGFNIKDTYIHWVRQAPGKGLEWVARIYPTNGYTRYADSVKGRFTISADTSKNTAYLQMNSLRAEDTAVYYCARWEGIGGYYFVYWGQGTLVTVSSA,8.153044674980176,S97A:G100E:D102I:F104G:A106Y:M107F:D108V,-14.921478475228843
EVQLVESGGGLVQPGGSLRLSCAASGFNIKDTYIHWVRQAPGKGLEWVARIYPTNGYTRYADSVKGRFTISADTSKNTAYLQMNSLRAEDTAVYYCARWYYGYYYYFDVWGQGTLVTVSSA,8.152427340857887,S97A:G100Y:G101Y:D102G:G103Y:F104Y:A106Y:M107F:Y109V,-14.907950683504824
EVQLVESGGGLVQPGGSLRLSCAASGFNIKDTYIHWVRQAPGKGLEWVARIYPTNGYTRYADSVKGRFTISADTSKNTAYLQMNSLRAEDTAVYYCARYFYDYYYYFDFWGQGTLVTVSSA,8.148130399270233,S97A:W99Y:G100F:G101Y:G103Y:F104Y:A106Y:M107F:Y109F,-14.93554286613626
EVQLVESGGGLVQPGGSLRLSCAASGFNIKDTYIHWVRQAPGKGLEWVARIYPTNGYTRYADSVKGRFTISADTSKNTAYLQMNSLRAEDTAVYYCARYGDGYYYYFAYWGQGTLVTVSSA,8.136082623042139,S97A:W99Y:G101D:D102G:G103Y:F104Y:A106Y:M107F:D108A,-14.933233780001883
EVQLVESGGGLVQPGGSLRLSCAASGFNIKDTYIHWVRQAPGKGLEWVARIYPTNGYTRYADSVKGRFTISADTSKNTAYLQMNSLRAEDTAVYYCARYGGSYFYYYSYWGQGTLVTVSSA,8.136082623042139,S97A:W99Y:D102S:G103Y:A106Y:M107Y:D108S,-14.966116693071244
EVQLVESGGGLVQPGGSLRLSCAASGFNIKDTYIHWVRQAPGKGLEWVARIYPTNGYTRYADSVKGRFTISADTSKNTAYLQMNSLRAEDTAVYYCARWYGYGGYYFDYWGQGTLVTVSSA,8.129011186239424,S97A:G100Y:D102Y:F104G:A106Y:M107F,-14.929357446079445
EVQLVESGGGLVQPGGSLRLSCAASGFNIKDTYIHWVRQAPGKGLEWVARIYPTNGYTRYADSVKGRFTISADTSKNTAYLQMNSLRAEDTAVYYCTRNYYDYYYYFDYWGQGTLVTVSSA,8.122628654130226,S97T:W99N:G100Y:G101Y:G103Y:F104Y:A106Y:M107F,-14.928474211162008
EVQLVESGGGLVQPGGSLRLSCAASGFNIKDTYIHWVRQAPGKGLEWVARIYPTNGYTRYADSVKGRFTISADTSKNTAYLQMNSLRAEDTAVYYCARWKGYGHYYMDYWGQGTLVTVSSA,8.114073660198569,S97A:G100K:D102Y:F104H:A106Y,-14.958660212582702
EVQLVESGGGLVQPGGSLRLSCAASGFNIKDTYIHWVRQAPGKGLEWVARIYPTNGYTRYADSVKGRFTISADTSKNTAYLQMNSLRAEDTAVYYCARWYYGHYYYMDYWGQGTLVTVSSA,8.10902040301031,S97A:G100Y:G101Y:D102G:G103H:F104Y:A106Y,-14.913319668392452
EVQLVESGGGLVQPGGSLRLSCAASGFNIKDTYIHWVRQAPGKGLEWVARIYPTNGYTRYADSVKGRFTISADTSKNTAYLQMNSLRAEDTAVYYCARWGYDYYYMMDVWGQGTLVTVSSA,8.09963287134353,S97A:G101Y:G103Y:F104Y:A106M:Y109V,-14.905319468933302
EVQLVESGGGLVQPGGSLRLSCAASGFNIKDTYIHWVRQAPGKGLEWVARIYPTNGYTRYADSVKGRFTISADTSKNTAYLQMNSLRAEDTAVYYCARYYGYGGYYFDYWGQGTLVTVSSA,8.094204119632131,S97A:W99Y:G100Y:D102Y:F104G:A106Y:M107F,-14.932317051585935
EVQLVESGGGLVQPGGSLRLSCAASGFNIKDTYIHWVRQAPGKGLEWVARIYPTNGYTRYADSVKGRFTISADTSKNTAYLQMNSLRAEDTAVYYCARWGGPGYYAFVWWGQGTLVTVSSA,8.092588639225413,S97A:D102P:F104Y:M107F:D108V:Y109W,-14.919203628223569
EVQLVESGGGLVQPGGSLRLSCAASGFNIKDTYIHWVRQAPGKGLEWVARIYPTNGYTRYADSVKGRFTISADTSKNTAYLQMNSLRAEDTAVYYCARWRQDGAYYLDYWGQGTLVTVSSA,8.090979145788845,S97A:G100R:G101Q:F104A:A106Y:M107L,-14.937149703849425
EVQLVESGGGLVQPGGSLRLSCAASGFNIKDTYIHWVRQAPGKGLEWVARIYPTNGYTRYADSVKGRFTISADTSKNTAYLQMNSLRAEDTAVYYCARYYGYGGYWYDTWGQGTLVTVSSA,8.086716098239581,S97A:W99Y:G100Y:D102Y:F104G:A106W:M107Y:Y109T,-14.909638659024083
EVQLVESGGGLVQPGGSLRLSCAASGFNIKDTYIHWVRQAPGKGLEWVARIYPTNGYTRYADSVKGRFTISADTSKNTAYLQMNSLRAEDTAVYYCARWVYGYYYYFDYWGQGTLVTVSSA,8.086186147616283,S97A:G100V:G101Y:D102G:G103Y:F104Y:A106Y:M107F,-14.924384101017944
EVQLVESGGGLVQPGGSLRLSCAASGFNIKDTYIHWVRQAPGKGLEWVARIYPTNGYTRYADSVKGRFTISADTSKNTAYLQMNSLRAEDTAVYYCARWYYYGGYYFDYWGQGTLVTVSSA,8.081445469449726,S97A:G100Y:G101Y:D102Y:F104G:A106Y:M107F,-14.92009887895175
EVQLVESGGGLVQPGGSLRLSCAASGFNIKDTYIHWVRQAPGKGLEWVARIYPTNGYTRYADSVKGRFTISADTSKNTAYLQMNSLRAEDTAVYYCARNYYDLYYYFDYWGQGTLVTVSSA,8.075204004202089,S97A:W99N:G100Y:G101Y:G103L:F104Y:A106Y:M107F,-14.93464362221415
EVQLVESGGGLVQPGGSLRLSCAASGFNIKDTYIHWVRQAPGKGLEWVARIYPTNGYTRYADSVKGRFTISADTSKNTAYLQMNSLRAEDTAVYYCARYYYDYYYYFDYWGQGTLVTVSSA,8.073657553374344,S97A:W99Y:G100Y:G101Y:G103Y:F104Y:A106Y:M107F,-14.937852515025748
EVQLVESGGGLVQPGGSLRLSCAASGFNIKDTYIHWVRQAPGKGLEWVARIYPTNGYTRYADSVKGRFTISADTSKNTAYLQMNSLRAEDTAVYYCARWGYGGAYYMDYWGQGTLVTVSSA,8.073143291050307,S97A:G101Y:D102G:F104A:A106Y,-14.921536097752833
EVQLVESGGGLVQPGGSLRLSCAASGFNIKDTYIHWVRQAPGKGLEWVARIYPTNGYTRYADSVKGRFTISADTSKNTAYLQMNSLRAEDTAVYYCARWYYYGYYYMDVWGQGTLVTVSSA,8.0695604052333,S97A:G100Y:G101Y:D102Y:F104Y:A106Y:Y109V,-14.896303587741995
EVQLVESGGGLVQPGGSLRLSCAASGFNIKDTYIHWVRQAPGKGLEWVARIYPTNGYTRYADSVKGRFTISADTSKNTAYLQMNSLRAEDTAVYYCTSIFSGGYYGLDSWGQGTLVTVSSA,8.067019178076801,S97T:R98S:W99I:G100F:G101S:D102G:F104Y:A106G:M107L:Y109S,-14.878467739372132
EVQLVESGGGLVQPGGSLRLSCAASGFNIKDTYIHWVRQAPGKGLEWVARIYPTNGYTRYADSVKGRFTISADTSKNTAYLQMNSLRAEDTAVYYCARWYYYGAYYFDYWGQGTLVTVSSA,8.061480274823507,S97A:G100Y:G101Y:D102Y:F104A:A106Y:M107F,-14.925395784321822
EVQLVESGGGLVQPGGSLRLSCAASGFNIKDTYIHWVRQAPGKGLEWVARIYPTNGYTRYADSVKGRFTISADTSKNTAYLQMNSLRAEDTAVYYCTRYGSFHYYYFDVWGQGTLVTVSSA,8.05898575629443,S97T:W99Y:G101S:D102F:G103H:F104Y:A106Y:M107F:Y109V,-14.917246250102792
EVQLVESGGGLVQPGGSLRLSCAASGFNIKDTYIHWVRQAPGKGLEWVARIYPTNGYTRYADSVKGRFTISADTSKNTAYLQMNSLRAEDTAVYYCARWGGYGYYYMDVWGQGTLVTVSSA,8.056505484093897,S97A:D102Y:F104Y:A106Y:Y109V,-14.931907340632538
EVQLVESGGGLVQPGGSLRLSCAASGFNIKDTYIHWVRQAPGKGLEWVARIYPTNGYTRYADSVKGRFTISADTSKNTAYLQMNSLRAEDTAVYYCTRFIDNGPYYFDYWGQGTLVTVSSA,8.049635145623878,S97T:W99F:G100I:G101D:D102N:F104P:A106Y:M107F,-14.927254034482381
EVQLVESGGGLVQPGGSLRLSCAASGFNIKDTYIHWVRQAPGKGLEWVARIYPTNGYTRYADSVKGRFTISADTSKNTAYLQMNSLRAEDTAVYYCARYLSAVYYYMDHWGQGTLVTVSSA,8.041914151478915,S97A:W99Y:G100L:G101S:D102A:G103V:F104Y:A106Y:Y109H,-14.915005089684728
EVQLVESGGGLVQPGGSLRLSCAASGFNIKDTYIHWVRQAPGKGLEWVARIYPTNGYTRYADSVKGRFTISADTSKNTAYLQMNSLRAEDTAVYYCTRYASGYFYAFDYWGQGTLVTVSSA,8.03905380426617,S97T:W99Y:G100A:G101S:D102G:G103Y:M107F,-14.924283934793143
EVQLVESGGGLVQPGGSLRLSCAASGFNIKDTYIHWVRQAPGKGLEWVARIYPTNGYTRYADSVKGRFTISADTSKNTAYLQMNSLRAEDTAVYYCTLWGLPMMYVYFFWGQGTLVTVSSA,8.036212172654444,S97T:R98L:G101L:D102P:G103M:F104M:A106V:M107Y:D108F:Y109F,-14.872299619472706
EVQLVESGGGLVQPGGSLRLSCAASGFNIKDTYIHWVRQAPGKGLEWVARIYPTNGYTRYADSVKGRFTISADTSKNTAYLQMNSLRAEDTAVYYCARWLYYGLYYFDVWGQGTLVTVSSA,8.03526907894637,S97A:G100L:G101Y:D102Y:F104L:A106Y:M107F:Y109V,-14.906263596157386
EVQLVESGGGLVQPGGSLRLSCAASGFNIKDTYIHWVRQAPGKGLEWVARIYPTNGYTRYADSVKGRFTISADTSKNTAYLQMNSLRAEDTAVYYCARWGEFGPYYFDYWGQGTLVTVSSA,8.034328028779893,S97A:G101E:D102F:F104P:A106Y:M107F,-14.934217859683349
EVQLVESGGGLVQPGGSLRLSCAASGFNIKDTYIHWVRQAPGKGLEWVARIYPTNGYTRYADSVKGRFTISADTSKNTAYLQMNSLRAEDTAVYYCARWTERGFYSFDIWGQGTLVTVSSA,8.032452023781138,S97A:G100T:G101E:D102R:A106S:M107F:Y109I,-14.91896296216547
EVQLVESGGGLVQPGGSLRLSCAASGFNIKDTYIHWVRQAPGKGLEWVARIYPTNGYTRYADSVKGRFTISADTSKNTAYLQMNSLRAEDTAVYYCARWGYYGYYYFDVWGQGTLVTVSSA,8.0195421077239,S97A:G101Y:D102Y:F104Y:A106Y:M107F:Y109V,-14.909437344479935
EVQLVESGGGLVQPGGSLRLSCAASGFNIKDTYIHWVRQAPGKGLEWVARIYPTNGYTRYADSVKGRFTISADTSKNTAYLQMNSLRAEDTAVYYCARYYGYGGYYMDYWGQGTLVTVSSA,8.003926345514724,S97A:W99Y:G100Y:D102Y:F104G:A106Y,-14.922338280496295
EVQLVESGGGLVQPGGSLRLSCAASGFNIKDTYIHWVRQAPGKGLEWVARIYPTNGYTRYADSVKGRFTISADTSKNTAYLQMNSLRAEDTAVYYCAKFAYYGPYHFDPWGQGTLVTVSSA,7.99481948749622,S97A:R98K:W99F:G100A:G101Y:D102Y:F104P:A106H:M107F:Y109P,-14.91216690822608
EVQLVESGGGLVQPGGSLRLSCAASGFNIKDTYIHWVRQAPGKGLEWVARIYPTNGYTRYADSVKGRFTISADTSKNTAYLQMNSLRAEDTAVYYCARWYGYGYYFMDVWGQGTLVTVSSA,7.9931062920521,S97A:G100Y:D102Y:F104Y:A106F:Y109V,-14.913333057775127
EVQLVESGGGLVQPGGSLRLSCAASGFNIKDTYIHWVRQAPGKGLEWVARIYPTNGYTRYADSVKGRFTISADTSKNTAYLQMNSLRAEDTAVYYCARWGGGGYYFMDYWGQGTLVTVSSA,7.978810700930062,S97A:D102G:F104Y:A106F,-14.928691224164812
EVQLVESGGGLVQPGGSLRLSCAASGFNIKDTYIHWVRQAPGKGLEWVARIYPTNGYTRYADSVKGRFTISADTSKNTAYLQMNSLRAEDTAVYYCARWYGFGGYYFDYWGQGTLVTVSSA,7.971022294791222,S97A:G100Y:D102F:F104G:A106Y:M107F,-14.928008707014534
EVQLVESGGGLVQPGGSLRLSCAASGFNIKDTYIHWVRQAPGKGLEWVARIYPTNGYTRYADSVKGRFTISADTSKNTAYLQMNSLRAEDTAVYYCARWLGSGYYWFDYWGQGTLVTVSSA,7.962573502059376,S97A:G100L:D102S:F104Y:A106W:M107F,-14.940634272410785
EVQLVESGGGLVQPGGSLRLSCAASGFNIKDTYIHWVRQAPGKGLEWVARIYPTNGYTRYADSVKGRFTISADTSKNTAYLQMNSLRAEDTAVYYCARWYYYGRYYFDYWGQGTLVTVSSA,7.958607314841775,S97A:G100Y:G101Y:D102Y:F104R:A106Y:M107F,-14.930788848428477
EVQLVESGGGLVQPGGSLRLSCAASGFNIKDTYIHWVRQAPGKGLEWVARIYPTNGYTRYADSVKGRFTISADTSKNTAYLQMNSLRAEDTAVYYCTPYDVLGSYYFRVWGQGTLVTVSSA,7.94692155651658,S97T:R98P:W99Y:G100D:G101V:D102L:F104S:A106Y:M107F:D108R:Y109V,-14.893305336872563
EVQLVESGGGLVQPGGSLRLSCAASGFNIKDTYIHWVRQAPGKGLEWVARIYPTNGYTRYADSVKGRFTISADTSKNTAYLQMNSLRAEDTAVYYCTRWGGYGYYAMDYWGQGTLVTVSSA,7.946537395074545,S97T:D102Y:F104Y,-14.93441660843951
EVQLVESGGGLVQPGGSLRLSCAASGFNIKDTYIHWVRQAPGKGLEWVARIYPTNGYTRYADSVKGRFTISADTSKNTAYLQMNSLRAEDTAVYYCSRYYAGGWYYFDYWGQGTLVTVSSA,7.929962133392245,W99Y:G100Y:G101A:D102G:F104W:A106Y:M107F,-14.916950066437334
EVQLVESGGGLVQPGGSLRLSCAASGFNIKDTYIHWVRQAPGKGLEWVARIYPTNGYTRYADSVKGRFTISADTSKNTAYLQMNSLRAEDTAVYYCARWYGGGYYYMDYWGQGTLVTVSSA,7.926648297613099,S97A:G100Y:D102G:F104Y:A106Y,-14.916888280811579
EVQLVESGGGLVQPGGSLRLSCAASGFNIKDTYIHWVRQAPGKGLEWVARIYPTNGYTRYADSVKGRFTISADTSKNTAYLQMNSLRAEDTAVYYCTRYGGYGYYYMDYWGQGTLVTVSSA,7.920818753952375,S97T:W99Y:D102Y:F104Y:A106Y,-14.941150139518703
EVQLVESGGGLVQPGGSLRLSCAASGFNIKDTYIHWVRQAPGKGLEWVARIYPTNGYTRYADSVKGRFTISADTSKNTAYLQMNSLRAEDTAVYYCTRYRGPYYYYFDPWGQGTLVTVSSA,7.918292729902651,S97T:W99Y:G100R:D102P:G103Y:F104Y:A106Y:M107F:Y109P,-14.936907811172889
EVQLVESGGGLVQPGGSLRLSCAASGFNIKDTYIHWVRQAPGKGLEWVARIYPTNGYTRYADSVKGRFTISADTSKNTAYLQMNSLRAEDTAVYYCVRWGVGAYYNFDYWGQGTLVTVSSA,7.91721462968355,S97V:G101V:D102G:G103A:F104Y:A106N:M107F,-14.924110909643423
EVQLVESGGGLVQPGGSLRLSCAASGFNIKDTYIHWVRQAPGKGLEWVARIYPTNGYTRYADSVKGRFTISADTSKNTAYLQMNSLRAEDTAVYYCTRYDYDYYYYFDYWGQGTLVTVSSA,7.913284336055118,S97T:W99Y:G100D:G101Y:G103Y:F104Y:A106Y:M107F,-14.91859519440246
EVQLVESGGGLVQPGGSLRLSCAASGFNIKDTYIHWVRQAPGKGLEWVARIYPTNGYTRYADSVKGRFTISADTSKNTAYLQMNSLRAEDTAVYYCARWYYYGGYYFDVWGQGTLVTVSSA,7.903437561625864,S97A:G100Y:G101Y:D102Y:F104G:A106Y:M107F:Y109V,-14.90400779991915
EVQLVESGGGLVQPGGSLRLSCAASGFNIKDTYIHWVRQAPGKGLEWVARIYPTNGYTRYADSVKGRFTISADTSKNTAYLQMNSLRAEDTAVYYCARWRYGYYYYMDYWGQGTLVTVSSA,7.893809102736585,S97A:G100R:G101Y:D102G:G103Y:F104Y:A106Y,-14.925071629632649
EVQLVESGGGLVQPGGSLRLSCAASGFNIKDTYIHWVRQAPGKGLEWVARIYPTNGYTRYADSVKGRFTISADTSKNTAYLQMNSLRAEDTAVYYCTRWAFDGVYYMDYWGQGTLVTVSSA,7.891434976267166,S97T:G100A:G101F:F104V:A106Y,-14.92266538111606
EVQLVESGGGLVQPGGSLRLSCAASGFNIKDTYIHWVRQAPGKGLEWVARIYPTNGYTRYADSVKGRFTISADTSKNTAYLQMNSLRAEDTAVYYCTRYYYGLYYYMDVWGQGTLVTVSSA,7.888065723667318,S97T:W99Y:G100Y:G101Y:D102G:G103L:F104Y:A106Y:Y109V,-14.89536418859052
EVQLVESGGGLVQPGGSLRLSCAASGFNIKDTYIHWVRQAPGKGLEWVARIYPTNGYTRYADSVKGRFTISADTSKNTAYLQMNSLRAEDTAVYYCARWRGDGGYYFDYWGQGTLVTVSSA,7.882728704344236,S97A:G100R:F104G:A106Y:M107F,-14.941678276064003
EVQLVESGGGLVQPGGSLRLSCAASGFNIKDTYIHWVRQAPGKGLEWVARIYPTNGYTRYADSVKGRFTISADTSKNTAYLQMNSLRAEDTAVYYCVRYGFDGSYYFDPWGQGTLVTVSSA,7.880744110722063,S97V:W99Y:G101F:F104S:A106Y:M107F:Y109P,-14.904873089669557
EVQLVESGGGLVQPGGSLRLSCAASGFNIKDTYIHWVRQAPGKGLEWVARIYPTNGYTRYADSVKGRFTISADTSKNTAYLQMNSLRAEDTAVYYCARYVGLGGYPLGYWGQGTLVTVSSA,7.879097182385473,S97A:W99Y:G100V:D102L:F104G:A106P:M107L:D108G,-14.912300111366273
EVQLVESGGGLVQPGGSLRLSCAASGFNIKDTYIHWVRQAPGKGLEWVARIYPTNGYTRYADSVKGRFTISADTSKNTAYLQMNSLRAEDTAVYYCARWYYYGYYAMDVWGQGTLVTVSSA,7.875169850586141,S97A:G100Y:G101Y:D102Y:F104Y:Y109V,-14.889807669787295
EVQLVESGGGLVQPGGSLRLSCAASGFNIKDTYIHWVRQAPGKGLEWVARIYPTNGYTRYADSVKGRFTISADTSKNTAYLQMNSLRAEDTAVYYCARWGYYGNYYFDYWGQGTLVTVSSA,7.872895201635193,S97A:G101Y:D102Y:F104N:A106Y:M107F,-14.932398625329872
EVQLVESGGGLVQPGGSLRLSCAASGFNIKDTYIHWVRQAPGKGLEWVARIYPTNGYTRYADSVKGRFTISADTSKNTAYLQMNSLRAEDTAVYYCVRWGGYGYYAMDYWGQGTLVTVSSA,7.870310107800699,S97V:D102Y:F104Y,-14.93679384394097
EVQLVESGGGLVQPGGSLRLSCAASGFNIKDTYIHWVRQAPGKGLEWVARIYPTNGYTRYADSVKGRFTISADTSKNTAYLQMNSLRAEDTAVYYCARWRGYGSYAMDVWGQGTLVTVSSA,7.866461091629783,S97A:G100R:D102Y:F104S:Y109V,-14.942450496859179
EVQLVESGGGLVQPGGSLRLSCAASGFNIKDTYIHWVRQAPGKGLEWVARIYPTNGYTRYADSVKGRFTISADTSKNTAYLQMNSLRAEDTAVYYCARWWYGGYYFFDYWGQGTLVTVSSA,7.863279432843593,S97A:G100W:G101Y:D102G:F104Y:A106F:M107F,-14.91764929630338
EVQLVESGGGLVQPGGSLRLSCAASGFNIKDTYIHWVRQAPGKGLEWVARIYPTNGYTRYADSVKGRFTISADTSKNTAYLQMNSLRAEDTAVYYCARYGSSYYYYFDYWGQGTLVTVSSA,7.856985199745905,S97A:W99Y:G101S:D102S:G103Y:F104Y:A106Y:M107F,-14.93558146469048
EVQLVESGGGLVQPGGSLRLSCAASGFNIKDTYIHWVRQAPGKGLEWVARIYPTNGYTRYADSVKGRFTISADTSKNTAYLQMNSLRAEDTAVYYCARHFGVASYSFDYWGQGTLVTVSSA,7.856360764725457,S97A:W99H:G100F:D102V:G103A:F104S:A106S:M107F,-14.949865842037859
EVQLVESGGGLVQPGGSLRLSCAASGFNIKDTYIHWVRQAPGKGLEWVARIYPTNGYTRYADSVKGRFTISADTSKNTAYLQMNSLRAEDTAVYYCARYGGYGGYYFDYWGQGTLVTVSSA,7.853871964321762,S97A:W99Y:D102Y:F104G:A106Y:M107F,-14.94433931624392
EVQLVESGGGLVQPGGSLRLSCAASGFNIKDTYIHWVRQAPGKGLEWVARIYPTNGYTRYADSVKGRFTISADTSKNTAYLQMNSLRAEDTAVYYCAKYGATGWYYFDYWGQGTLVTVSSA,7.850165303284215,S97A:R98K:W99Y:G101A:D102T:F104W:A106Y:M107F,-14.942088405239838
EVQLVESGGGLVQPGGSLRLSCAASGFNIKDTYIHWVRQAPGKGLEWVARIYPTNGYTRYADSVKGRFTISADTSKNTAYLQMNSLRAEDTAVYYCARYGYYGPYYFDYWGQGTLVTVSSA,7.844663962534939,S97A:W99Y:G101Y:D102Y:F104P:A106Y:M107F,-14.928505172625906
EVQLVESGGGLVQPGGSLRLSCAASGFNIKDTYIHWVRQAPGKGLEWVARIYPTNGYTRYADSVKGRFTISADTSKNTAYLQMNSLRAEDTAVYYCTRYGYGGPYWFDYWGQGTLVTVSSA,7.843450848668219,S97T:W99Y:G101Y:D102G:F104P:A106W:M107F,-14.91090047441151
EVQLVESGGGLVQPGGSLRLSCAASGFNIKDTYIHWVRQAPGKGLEWVARIYPTNGYTRYADSVKGRFTISADTSKNTAYLQMNSLRAEDTAVYYCARYRGVWYYDFDNWGQGTLVTVSSA,7.838631997765025,S97A:W99Y:G100R:D102V:G103W:F104Y:A106D:M107F:Y109N,-14.946291437510943
EVQLVESGGGLVQPGGSLRLSCAASGFNIKDTYIHWVRQAPGKGLEWVARIYPTNGYTRYADSVKGRFTISADTSKNTAYLQMNSLRAEDTAVYYCARYLQLGPYYFDYWGQGTLVTVSSA,7.832682665251823,S97A:W99Y:G100L:G101Q:D102L:F104P:A106Y:M107F,-14.93276898479555
EVQLVESGGGLVQPGGSLRLSCAASGFNIKDTYIHWVRQAPGKGLEWVARIYPTNGYTRYADSVKGRFTISADTSKNTAYLQMNSLRAEDTAVYYCARWYYGYYYWFDVWGQGTLVTVSSA,7.826813731587726,S97A:G100Y:G101Y:D102G:G103Y:F104Y:A106W:M107F:Y109V,-14.901990443336498
EVQLVESGGGLVQPGGSLRLSCAASGFNIKDTYIHWVRQAPGKGLEWVARIYPTNGYTRYADSVKGRFTISADTSKNTAYLQMNSLRAEDTAVYYCARWWGGGAYYFDYWGQGTLVTVSSA,7.826813731587726,S97A:G100W:D102G:F104A:A106Y:M107F,-14.927989050858935
EVQLVESGGGLVQPGGSLRLSCAASGFNIKDTYIHWVRQAPGKGLEWVARIYPTNGYTRYADSVKGRFTISADTSKNTAYLQMNSLRAEDTAVYYCAKYLGQEAYAYFSWGQGTLVTVSSA,7.826813731587726,S97A:R98K:W99Y:G100L:D102Q:G103E:F104A:M107Y:D108F:Y109S,-14.90481653558684
EVQLVESGGGLVQPGGSLRLSCAASGFNIKDTYIHWVRQAPGKGLEWVARIYPTNGYTRYADSVKGRFTISADTSKNTAYLQMNSLRAEDTAVYYCARWDSGGPYYFDSWGQGTLVTVSSA,7.812479279163537,S97A:G100D:G101S:D102G:F104P:A106Y:M107F:Y109S,-14.893532201539022
EVQLVESGGGLVQPGGSLRLSCAASGFNIKDTYIHWVRQAPGKGLEWVARIYPTNGYTRYADSVKGRFTISADTSKNTAYLQMNSLRAEDTAVYYCARYGSRYYYYFDYWGQGTLVTVSSA,7.804100347590766,S97A:W99Y:G101S:D102R:G103Y:F104Y:A106Y:M107F,-14.942258016499157
EVQLVESGGGLVQPGGSLRLSCAASGFNIKDTYIHWVRQAPGKGLEWVARIYPTNGYTRYADSVKGRFTISADTSKNTAYLQMNSLRAEDTAVYYCARYGSGYYYYFDYWGQGTLVTVSSA,7.804100347590766,S97A:W99Y:G101S:D102G:G103Y:F104Y:A106Y:M107F,-14.93567708639321
EVQLVESGGGLVQPGGSLRLSCAASGFNIKDTYIHWVRQAPGKGLEWVARIYPTNGYTRYADSVKGRFTISADTSKNTAYLQMNSLRAEDTAVYYCARWLAGYNYYFDVWGQGTLVTVSSA,7.802995271976954,S97A:G100L:G101A:D102G:G103Y:F104N:A106Y:M107F:Y109V,-14.909315359087207
EVQLVESGGGLVQPGGSLRLSCAASGFNIKDTYIHWVRQAPGKGLEWVARIYPTNGYTRYADSVKGRFTISADTSKNTAYLQMNSLRAEDTAVYYCARYTYFGSFDFDYWGQGTLVTVSSA,7.802443786846464,S97A:W99Y:G100T:G101Y:D102F:F104S:Y105F:A106D:M107F,-14.93526616098362
EVQLVESGGGLVQPGGSLRLSCAASGFNIKDTYIHWVRQAPGKGLEWVARIYPTNGYTRYADSVKGRFTISADTSKNTAYLQMNSLRAEDTAVYYCARWLRALGYYMDYWGQGTLVTVSSA,7.79997073344623,S97A:G100L:G101R:D102A:G103L:F104G:A106Y,-14.915873245770914
EVQLVESGGGLVQPGGSLRLSCAASGFNIKDTYIHWVRQAPGKGLEWVARIYPTNGYTRYADSVKGRFTISADTSKNTAYLQMNSLRAEDTAVYYCVRWYGYGYYYMDYWGQGTLVTVSSA,7.795608668080701,S97V:G100Y:D102Y:F104Y:A106Y,-14.92922892673618
EVQLVESGGGLVQPGGSLRLSCAASGFNIKDTYIHWVRQAPGKGLEWVARIYPTNGYTRYADSVKGRFTISADTSKNTAYLQMNSLRAEDTAVYYCARWYYGYAYYMDYWGQGTLVTVSSA,7.791289980093599,S97A:G100Y:G101Y:D102G:G103Y:F104A:A106Y,-14.921096322315053
EVQLVESGGGLVQPGGSLRLSCAASGFNIKDTYIHWVRQAPGKGLEWVARIYPTNGYTRYADSVKGRFTISADTSKNTAYLQMNSLRAEDTAVYYCARYWGLGGYYFDHWGQGTLVTVSSA,7.783042792638903,S97A:W99Y:G100W:D102L:F104G:A106Y:M107F:Y109H,-14.921802869024967
EVQLVESGGGLVQPGGSLRLSCAASGFNIKDTYIHWVRQAPGKGLEWVARIYPTNGYTRYADSVKGRFTISADTSKNTAYLQMNSLRAEDTAVYYCVRYGFYGYYYFDYWGQGTLVTVSSA,7.782516055786094,S97V:W99Y:G101F:D102Y:F104Y:A106Y:M107F,-14.92227534665861
EVQLVESGGGLVQPGGSLRLSCAASGFNIKDTYIHWVRQAPGKGLEWVARIYPTNGYTRYADSVKGRFTISADTSKNTAYLQMNSLRAEDTAVYYCARWLAFGYYAMDYWGQGTLVTVSSA,7.775466937393914,S97A:G100L:G101A:D102F:F104Y,-14.90803086048987
EVQLVESGGGLVQPGGSLRLSCAASGFNIKDTYIHWVRQAPGKGLEWVARIYPTNGYTRYADSVKGRFTISADTSKNTAYLQMNSLRAEDTAVYYCAKYINAYSYAFFDWGQGTLVTVSSA,7.770830297460899,S97A:R98K:W99Y:G100I:G101N:D102A:G103Y:F104S:M107F:D108F:Y109D,-14.893106572286037
EVQLVESGGGLVQPGGSLRLSCAASGFNIKDTYIHWVRQAPGKGLEWVARIYPTNGYTRYADSVKGRFTISADTSKNTAYLQMNSLRAEDTAVYYCARYSGYGLYPYAYWGQGTLVTVSSA,7.759201228882668,S97A:W99Y:G100S:D102Y:F104L:A106P:M107Y:D108A,-14.919469603023378
EVQLVESGGGLVQPGGSLRLSCAASGFNIKDTYIHWVRQAPGKGLEWVARIYPTNGYTRYADSVKGRFTISADTSKNTAYLQMNSLRAEDTAVYYCAKYAYYGDFWGSVWGQGTLVTVSSA,7.757707095017069,S97A:R98K:W99Y:G100A:G101Y:D102Y:F104D:Y105F:A106W:M107G:D108S:Y109V,-14.881634588741447
EVQLVESGGGLVQPGGSLRLSCAASGFNIKDTYIHWVRQAPGKGLEWVARIYPTNGYTRYADSVKGRFTISADTSKNTAYLQMNSLRAEDTAVYYCTRYEYQDYYHFDYWGQGTLVTVSSA,7.733768303310107,S97T:W99Y:G100E:G101Y:D102Q:G103D:F104Y:A106H:M107F,-14.919759348287965
EVQLVESGGGLVQPGGSLRLSCAASGFNIKDTYIHWVRQAPGKGLEWVARIYPSNGYTRYADSVKGRFTISADTSKNTAYLQMNSLRAEDTAVYYCARYGGSYAYYFYYWGQGTLVTVSSA,7.730487055782084,T54S:S97A:W99Y:D102S:G103Y:F104A:A106Y:M107F:D108Y,-14.964528280697547
EVQLVESGGGLVQPGGSLRLSCAASGFNIKDTYIHWVRQAPGKGLEWVARIYPTNGYTRYADSVKGRFTISADTSKNTAYLQMNSLRAEDTAVYYCARWYGQVFYAMDYWGQGTLVTVSSA,7.729554091982037,S97A:G100Y:D102Q:G103V,-14.934801397924566
EVQLVESGGGLVQPGGSLRLSCAASGFNIKDTYIHWVRQAPGKGLEWVARIYPTNGYTRYADSVKGRFTISADTSKNTAYLQMNSLRAEDTAVYYCARYYGVGPYSMDVWGQGTLVTVSSA,7.721246399047171,S97A:W99Y:G100Y:D102V:F104P:A106S:Y109V,-14.903985422733253
EVQLVESGGGLVQPGGSLRLSCAASGFNIKDTYIHWVRQAPGKGLEWVARIYPTNGYTRYADSVKGRFTISADTSKNTAYLQMNSLRAEDTAVYYCARWGYGGYYYFDYWGQGTLVTVSSA,7.718966632752273,S97A:G101Y:D102G:F104Y:A106Y:M107F,-14.926010016927735
EVQLVESGGGLVQPGGSLRLSCAASGFNIKDTYIHWVRQAPGKGLEWVARIYPTNGYTRYADSVKGRFTISADTSKNTAYLQMNSLRAEDTAVYYCASYGLDGYYYFDVWGQGTLVTVSSA,7.7146677723561154,S97A:R98S:W99Y:G101L:F104Y:A106Y:M107F:Y109V,-14.894774605135082
EVQLVESGGGLVQPGGSLRLSCAASGFNIKDTYIHWVRQAPGKGLEWVARIYPTNGYTRYADSVKGRFTISADTSKNTAYLQMNSLRAEDTAVYYCARWNYYGYYYFDYWGQGTLVTVSSA,7.712646227285253,S97A:G100N:G101Y:D102Y:F104Y:A106Y:M107F,-14.919921294765187
EVQLVESGGGLVQPGGSLRLSCAASGFNIKDTYIHWVRQAPGKGLEWVARIYPTNGYTRYADSVKGRFTISADTSKNTAYLQMNSLRAEDTAVYYCARWGYDYYYAMDYWGQGTLVTVSSA,7.712198270069774,S97A:G101Y:G103Y:F104Y,-14.919253035055643
EVQLVESGGGLVQPGGSLRLSCAASGFNIKDTYIHWVRQAPGKGLEWVARIYPTNGYTRYADSVKGRFTISADTSKNTAYLQMNSLRAEDTAVYYCARYYSYGQYAFDPWGQGTLVTVSSA,7.711750774428014,S97A:W99Y:G100Y:G101S:D102Y:F104Q:M107F:Y109P,-14.909971424687436
EVQLVESGGGLVQPGGSLRLSCAASGFNIKDTYIHWVRQAPGKGLEWVARIYPTNGYTRYADSVKGRFTISADTSKNTAYLQMNSLRAEDTAVYYCARYGGGGRYYFDYWGQGTLVTVSSA,7.707743928643524,S97A:W99Y:D102G:F104R:A106Y:M107F,-14.957175438359146
EVQLVESGGGLVQPGGSLRLSCAASGFNIKDTYIHWVRQAPGKGLEWVARIYPTNGYTRYADSVKGRFTISADTSKNTAYLQMNSLRAEDTAVYYCARYWYGGYYYFDYWGQGTLVTVSSA,7.706416486503883,S97A:W99Y:G100W:G101Y:D102G:F104Y:A106Y:M107F,-14.925467218160673
EVQLVESGGGLVQPGGSLRLSCAASGFNIKDTYIHWVRQAPGKGLEWVARIYPTNGYTRYADSVKGRFTISADTSKNTAYLQMNSLRAEDTAVYYCTRWLYYSAYYFDFWGQGTLVTVSSA,7.704432900037521,S97T:G100L:G101Y:D102Y:G103S:F104A:A106Y:M107F:Y109F,-14.914968805469616
EVQLVESGGGLVQPGGSLRLSCAASGFNIKDTYIHWVRQAPGKGLEWVARIYPTNGYTRYADSVKGRFTISADTSKNTAYLQMNSLRAEDTAVYYCARYAHYGPYYFDFWGQGTLVTVSSA,7.703334809738469,S97A:W99Y:G100A:G101H:D102Y:F104P:A106Y:M107F:Y109F,-14.942409304818055
EVQLVESGGGLVQPGGSLRLSCAASGFNIKDTYIHWVRQAPGKGLEWVARIYPTNGYTRYADSVKGRFTISADTSKNTAYLQMNSLRAEDTAVYYCVRYGSDVYYYFDIWGQGTLVTVSSA,7.701802132890185,S97V:W99Y:G101S:G103V:F104Y:A106Y:M107F:Y109I,-14.918676376807358
EVQLVESGGGLVQPGGSLRLSCAASGFNIKDTYIHWVRQAPGKGLEWVARIYPTNGYTRYADSVKGRFTISADTSKNTAYLQMNSLRAEDTAVYYCARWLTGLSYNWDYWGQGTLVTVSSA,7.698752911363789,S97A:G100L:G101T:D102G:G103L:F104S:A106N:M107W,-14.90846537132309
EVQLVESGGGLVQPGGSLRLSCAASGFNIKDTYIHWVRQAPGKGLEWVARIYPTNGYTRYADSVKGRFTISADTSKNTAYLQMNSLRAEDTAVYYCARWYYGGYYAMDYWGQGTLVTVSSA,7.696803942579511,S97A:G100Y:G101Y:D102G:F104Y,-14.90760810663806
EVQLVESGGGLVQPGGSLRLSCAASGFNIKDTYIHWVRQAPGKGLEWVARIYPTNGYTRYADSVKGRFTISADTSKNTAYLQMNSLRAEDTAVYYCARYYGYGYYYFHYWGQGTLVTVSSA,7.695078838099108,S97A:W99Y:G100Y:D102Y:F104Y:A106Y:M107F:D108H,-14.943362512029072
EVQLVESGGGLVQPGGSLRLSCAASGFNIKDTYIHWVRQAPGKGLEWVARIYPTNGYTRYADSVKGRFTISADTSKNTAYLQMNSLRAEDTAVYYCARWGSIGYYAFDHWGQGTLVTVSSA,7.688246138944246,S97A:G101S:D102I:F104Y:M107F:Y109H,-14.920469061090731
EVQLVESGGGLVQPGGSLRLSCAASGFNIKDTYIHWVRQAPGKGLEWVARIYPTNGYTRYADSVKGRFTISADTSKNTAYLQMNSLRAEDTAVYYCARWGGYGGYYFDYWGQGTLVTVSSA,7.686343653381969,S97A:D102Y:F104G:A106Y:M107F,-14.944245749006637
EVQLVESGGGLVQPGGSLRLSCAASGFNIKDTYIHWVRQAPGKGLEWVARIYPTNGYTRYADSVKGRFTISADTSKNTAYLQMNSLRAEDTAVYYCARYGNYYYYYFDYWGQGTLVTVSSA,7.67778070526608,S97A:W99Y:G101N:D102Y:G103Y:F104Y:A106Y:M107F,-14.949494150720396
EVQLVESGGGLVQPGGSLRLSCAASGFNIKDTYIHWVRQAPGKGLEWVARIYPTNGYTRYADSVKGRFTISADTSKNTAYLQMNSLRAEDTAVYYCARWGYGYSYYFDVWGQGTLVTVSSA,7.675717544702308,S97A:G101Y:D102G:G103Y:F104S:A106Y:M107F:Y109V,-14.917321702589545
EVQLVESGGGLVQPGGSLRLSCAASGFNIKDTYIHWVRQAPGKGLEWVARIYPTNGYTRYADSVKGRFTISADTSKNTAYLQMNSLRAEDTAVYYCARYTSVGIYAFNYWGQGTLVTVSSA,7.667561540084395,S97A:W99Y:G100T:G101S:D102V:F104I:M107F:D108N,-14.936707892442923
EVQLVESGGGLVQPGGSLRLSCAASGFNIKDTYIHWVRQAPGKGLEWVARIYPTNGYTRYADSVKGRFTISADTSKNTAYLQMNSLRAEDTAVYYCARWPYGYYYYMDYWGQGTLVTVSSA,7.659952682338607,S97A:G100P:G101Y:D102G:G103Y:F104Y:A106Y,-14.911122150273924
EVQLVESGGGLVQPGGSLRLSCAASGFNIKDTYIHWVRQAPGKGLEWVARIYPTNGYTRYADSVKGRFTISADTSKNTAYLQMNSLRAEDTAVYYCTRWNYDGAYFFDYWGQGTLVTVSSA,7.658961368322477,S97T:G100N:G101Y:F104A:A106F:M107F,-14.920807728923016
EVQLVESGGGLVQPGGSLRLSCAASGFNIKDTYIHWVRQAPGKGLEWVARIYPTNGYTRYADSVKGRFTISADTSKNTAYLQMNSLRAEDTAVYYCARYRGRGFYSFDYWGQGTLVTVSSA,7.658367664221946,S97A:W99Y:G100R:D102R:A106S:M107F,-14.95622444496939
EVQLVESGGGLVQPGGSLRLSCAASGFNIKDTYIHWVRQAPGKGLEWVARIYPTNGYTRYADSVKGRFTISADTSKNTAYLQMNSLRAEDTAVYYCARWYWYGAYYFDYWGQGTLVTVSSA,7.657577319177794,S97A:G100Y:G101W:D102Y:F104A:A106Y:M107F,-14.92836136968179
EVQLVESGGGLVQPGGSLRLSCAASGFNIKDTYIHWVRQAPGKGLEWVARIYPTNGYTRYADSVKGRFTISADTSKNTAYLQMNSLRAEDTAVYYCARWGYYGYYWFDYWGQGTLVTVSSA,7.654626269440912,S97A:G101Y:D102Y:F104Y:A106W:M107F,-14.918038043480037
EVQLVESGGGLVQPGGSLRLSCAASGFNIKDTYIHWVRQAPGKGLEWVARIYPTNGYTRYADSVKGRFTISADTSKNTAYLQMNSLRAEDTAVYYCARHYYYGYYYFDVWGQGTLVTVSSA,7.645891560852599,S97A:W99H:G100Y:G101Y:D102Y:F104Y:A106Y:M107F:Y109V,-14.913178130015625
EVQLVESGGGLVQPGGSLRLSCAASGFNIKDTYIHWVRQAPGKGLEWVARIYPTNGYTRYADSVKGRFTISADTSKNTAYLQMNSLRAEDTAVYYCATYSTYYNYAFGIWGQGTLVTVSSA,7.645891560852599,S97A:R98T:W99Y:G100S:G101T:D102Y:G103Y:F104N:M107F:D108G:Y109I,-14.908830197998977
EVQLVESGGGLVQPGGSLRLSCAASGFNIKDTYIHWVRQAPGKGLEWVARIYPTNGYTRYADSVKGRFTISADTSKNTAYLQMNSLRAEDTAVYYCTRYLHDYYYYFDYWGQGTLVTVSSA,7.643974142806877,S97T:W99Y:G100L:G101H:G103Y:F104Y:A106Y:M107F,-14.926610978985394
EVQLVESGGGLVQPGGSLRLSCAASGFNIKDTYIHWVRQAPGKGLEWVARIYPTNGYTRYADSVKGRFTISADTSKNTAYLQMNSLRAEDTAVYYCVRYFYDGNYYFDLWGQGTLVTVSSA,7.639595945270061,S97V:W99Y:G100F:G101Y:F104N:A106Y:M107F:Y109L,-14.918162988838795
EVQLVESGGGLVQPGGSLRLSCAASGFNIKDTYIHWVRQAPGKGLEWVARIYPTNGYTRYADSVKGRFTISADTSKNTAYLQMNSLRAEDTAVYYCARFDGPFYYAFAYWGQGTLVTVSSA,7.639028116274064,S97A:W99F:G100D:D102P:G103F:F104Y:M107F:D108A,-14.924502260590215
EVQLVESGGGLVQPGGSLRLSCAASGFNIKDTYIHWVRQAPGKGLEWVARIYPTNGYTRYADSVKGRFTISADTSKNTAYLQMNSLRAEDTAVYYCARYRGYVLYDFAYWGQGTLVTVSSA,7.636952405478906,S97A:W99Y:G100R:D102Y:G103V:F104L:A106D:M107F:D108A,-14.96503912211974
EVQLVESGGGLVQPGGSLRLSCAASGFNIKDTYIHWVRQAPGKGLEWVARIYPTNGYTRYADSVKGRFTISADTSKNTAYLQMNSLRAEDTAVYYCARENDGSPGSFEYWGQGTLVTVSSA,7.635636645384269,S97A:W99E:G100N:G101D:D102G:G103S:F104P:Y105G:A106S:M107F:D108E,-14.932397253260469
EVQLVESGGGLVQPGGSLRLSCAASGFNIKDTYIHWVRQAPGKGLEWVARIYPTNGYTRYADSVKGRFTISADTSKNTAYLQMNSLRAEDTAVYYCAVTDLDGLHSYRYWGQGTLVTVSSA,7.632644078973981,S97A:R98V:W99T:G100D:G101L:F104L:Y105H:A106S:M107Y:D108R,-14.897624098124325
EVQLVESGGGLVQPGGSLRLSCAASGFNIKDTYIHWVRQAPGKGLEWVARIYPTNGYTRYADSVKGRFTISADTSKNTAYLQMNSLRAEDTAVYYCTRYYYGSGYFFDYWGQGTLVTVSSA,7.622147580993245,S97T:W99Y:G100Y:G101Y:D102G:G103S:F104G:A106F:M107F,-14.916838770624159
EVQLVESGGGLVQPGGSLRLSCAASGFNIKDTYIHWVRQAPGKGLEWVARIYPTNGYTRYADSVKGRFTISADTSKNTAYLQMNSLRAEDTAVYYCARWYGYGYYAMDVWGQGTLVTVSSA,7.621057301386562,S97A:G100Y:D102Y:F104Y:Y109V,-14.907507663719052
EVQLVESGGGLVQPGGSLRLSCAASGFNIKDTYIHWVRQAPGKGLEWVARIYPTNGYTRYADSVKGRFTISADTSKNTAYLQMNSLRAEDTAVYYCARWGYGGYYYFDVWGQGTLVTVSSA,7.62015082123717,S97A:G101Y:D102G:F104Y:A106Y:M107F:Y109V,-14.909561027699121
EVQLVESGGGLVQPGGSLRLSCAASGFNIKDTYIHWVRQAPGKGLEWVARIYPTNGYTRYADSVKGRFTISADTSKNTAYLQMNSLRAEDTAVYYCARYDPYGFYHLDYWGQGTLVTVSSA,7.615467384505751,S97A:W99Y:G100D:G101P:D102Y:A106H:M107L,-14.910289470605434
EVQLVESGGGLVQPGGSLRLSCAASGFNIKDTYIHWVRQAPGKGLEWVARIYPTNGYTRYADSVKGRFTISADTSKNTAYLQMNSLRAEDTAVYYCVRYGYGDYYYFDYWGQGTLVTVSSA,7.6006724678413216,S97V:W99Y:G101Y:D102G:G103D:F104Y:A106Y:M107F,-14.923508944961029
EVQLVESGGGLVQPGGSLRLSCAASGFNIKDTYIHWVRQAPGKGLEWVARIYPTNGYTRYADSVKGRFTISADTSKNTAYLQMNSLRAEDTAVYYCTRWGYDYWYFFDYWGQGTLVTVSSA,7.599116784451637,S97T:G101Y:G103Y:F104W:A106F:M107F,-14.928446007321215
EVQLVESGGGLVQPGGSLRLSCAASGFNIKDTYIHWVRQAPGKGLEWVARIYPTNGYTRYADSVKGRFTISADTSKNTAYLQMNSLRAEDTAVYYCAKYGGVGYYAMDYWGQGTLVTVSSA,7.598599459218456,S97A:R98K:W99Y:D102V:F104Y,-14.936362947915962
EVQLVESGGGLVQPGGSLRLSCAASGFNIKDTYIHWVRQAPGKGLEWVARIYPTNGYTRYADSVKGRFTISADTSKNTAYLQMNSLRAEDTAVYYCARYSAYGLYDFAYWGQGTLVTVSSA,7.5934598195660445,S97A:W99Y:G100S:G101A:D102Y:F104L:A106D:M107F:D108A,-14.92886530833811
EVQLVESGGGLVQPGGSLRLSCAASGFNIKDTYIHWVRQAPGKGLEWVARIYPTNGYTRYADSVKGRFTISADTSKNTAYLQMNSLRAEDTAVYYCARWWGGGYYYFDYWGQGTLVTVSSA,7.58989792335714,S97A:G100W:D102G:F104Y:A106Y:M107F,-14.925293936019967
EVQLVESGGGLVQPGGSLRLSCAASGFNIKDTYIHWVRQAPGKGLEWVARIYPTNGYTRYADSVKGRFTISADTSKNTAYLQMNSLRAEDTAVYYCARYLTAYQYFFYYWGQGTLVTVSSA,7.586700235918748,S97A:W99Y:G100L:G101T:D102A:G103Y:F104Q:A106F:M107F:D108Y,-14.914514188257817
EVQLVESGGGLVQPGGSLRLSCAASGFNIKDTYIHWVRQAPGKGLEWVARIYPTNGYTRYADSVKGRFTISADTSKNTAYLQMNSLRAEDTAVYYCARWGGDGSYYFDYWGQGTLVTVSSA,7.584025588623434,S97A:F104S:A106Y:M107F,-14.961881882654193
EVQLVESGGGLVQPGGSLRLSCAASGFNIKDTYIHWVRQAPGKGLEWVARIYPTNGYTRYADSVKGRFTISADTSKNTAYLQMNSLRAEDTAVYYCARYGGRGYYSFDYWGQGTLVTVSSA,7.581036169296377,S97A:W99Y:D102R:F104Y:A106S:M107F,-14.944201943299644
EVQLVESGGGLVQPGGSLRLSCAASGFNIKDTYIHWVRQAPGKGLEWVARIYPTNGYTRYADSVKGRFTISADTSKNTAYLQMNSLRAEDTAVYYCARWGGGGYYFFDYWGQGTLVTVSSA,7.580044251510242,S97A:D102G:F104Y:A106F:M107F,-14.936190894395
EVQLVESGGGLVQPGGSLRLSCAASGFNIKDTYIHWVRQAPGKGLEWVARIYPTNGYTRYADSVKGRFTISADTSKNTAYLQMNSLRAEDTAVYYCARWGYDYYYYFDVWGQGTLVTVSSA,7.573488738635425,S97A:G101Y:G103Y:F104Y:A106Y:M107F:Y109V,-14.918368112486244
EVQLVESGGGLVQPGGSLRLSCAASGFNIKDTYIHWVRQAPGKGLEWVARIYPTNGYTRYADSVKGRFTISADTSKNTAYLQMNSLRAEDTAVYYCAATYGGLGDMSSIWGQGTLVTVSSA,7.568636235841013,S97A:R98A:W99T:G100Y:D102G:G103L:F104G:Y105D:A106M:M107S:D108S:Y109I,-14.870125315044845
EVQLVESGGGLVQPGGSLRLSCAASGFNIKDTYIHWVRQAPGKGLEWVARIYPTNGYTRYADSVKGRFTISADTSKNTAYLQMNSLRAEDTAVYYCARYGVYPFYYFDYWGQGTLVTVSSA,7.568636235841013,S97A:W99Y:G101V:D102Y:G103P:A106Y:M107F,-14.932750965539425
EVQLVESGGGLVQPGGSLRLSCAASGFNIKDTYIHWVRQAPGKGLEWVARIYPTNGYTRYADSVKGRFTISADTSKNTAYLQMNSLRAEDTAVYYCSIWERTGQYSYTSWGQGTLVTVSSA,7.567030709125595,R98I:G100E:G101R:D102T:F104Q:A106S:M107Y:D108T:Y109S,-14.865050310147057
EVQLVESGGGLVQPGGSLRLSCAASGFNIKDTYIHWVRQAPGKGLEWVARIYPTNGYTRYADSVKGRFTISADTSKNTAYLQMNSLRAEDTAVYYCARWERYGYYVLDVWGQGTLVTVSSA,7.554395796726403,S97A:G100E:G101R:D102Y:F104Y:A106V:M107L:Y109V,-14.901019551929629
EVQLVESGGGLVQPGGSLRLSCAASGFNIKDTYIHWVRQAPGKGLEWVARIYPTNGYTRYADSVKGRFTISADTSKNTAYLQMNSLRAEDTAVYYCARWGYGGYYFFDYWGQGTLVTVSSA,7.554395796726403,S97A:G101Y:D102G:F104Y:A106F:M107F,-14.921524235236125
EVQLVESGGGLVQPGGSLRLSCAASGFNIKDTYIHWVRQAPGKGLEWVARIYPTNGYTRYADSVKGRFTISADTSKNTAYLQMNSLRAEDTAVYYCARYGAYSSYYFGYWGQGTLVTVSSA,7.553307533628473,S97A:W99Y:G101A:D102Y:G103S:F104S:A106Y:M107F:D108G,-14.93780293203734
EVQLVESGGGLVQPGGSLRLSCAASGFNIKDTYIHWVRQAPGKGLEWVARIYPTNGYTRYADSVKGRFTISADTSKNTAYLQMNSLRAEDTAVYYCARWGYGWSYYFDYWGQGTLVTVSSA,7.54821356447571,S97A:G101Y:D102G:G103W:F104S:A106Y:M107F,-14.934393577372544
EVQLVESGGGLVQPGGSLRLSCAASGFNIKDTYIHWVRQAPGKGLEWVARIYPTNGYTRYADSVKGRFTISADTSKNTAYLQMNSLRAEDTAVYYCARWRDGGYYYFDYWGQGTLVTVSSA,7.534617148551582,S97A:G100R:G101D:D102G:F104Y:A106Y:M107F,-14.934494856059288
EVQLVESGGGLVQPGGSLRLSCAASGFNIKDTYIHWVRQAPGKGLEWVARIYPTNGYTRYADSVKGRFTISADTSKNTAYLQMNSLRAEDTAVYYCTRYYGDGYYDFDYWGQGTLVTVSSA,7.534022631714177,S97T:W99Y:G100Y:F104Y:A106D:M107F,-14.92437059460622
EVQLVESGGGLVQPGGSLRLSCAASGFNIKDTYIHWVRQAPGKGLEWVARIYPTNGYTRYADSVKGRFTISADTSKNTAYLQMNSLRAEDTAVYYCARYFYDHYYYFDVWGQGTLVTVSSA,7.5269511949114625,S97A:W99Y:G100F:G101Y:G103H:F104Y:A106Y:M107F:Y109V,-14.915519657459527
EVQLVESGGGLVQPGGSLRLSCAASGFNIKDTYIHWVRQAPGKGLEWVARIYPTNGYTRYADSVKGRFTISADTSKNTAYLQMNSLRAEDTAVYYCARYYYDYGYYFDVWGQGTLVTVSSA,7.522878745280337,S97A:W99Y:G100Y:G101Y:G103Y:F104G:A106Y:M107F:Y109V,-14.918999083855352
EVQLVESGGGLVQPGGSLRLSCAASGFNIKDTYIHWVRQAPGKGLEWVARIYPTNGYTRYADSVKGRFTISADTSKNTAYLQMNSLRAEDTAVYYCARWGSYGYYYFDYWGQGTLVTVSSA,7.510041520575165,S97A:G101S:D102Y:F104Y:A106Y:M107F,-14.937763104928434
EVQLVESGGGLVQPGGSLRLSCAASGFNIKDTYIHWVRQAPGKGLEWVARIYPTNGYTRYADSVKGRFTISADTSKNTAYLQMNSLRAEDTAVYYCARYYYGVYYYFDYWGQGTLVTVSSA,7.510041520575165,S97A:W99Y:G100Y:G101Y:D102G:G103V:F104Y:A106Y:M107F,-14.926256084059798
EVQLVESGGGLVQPGGSLRLSCAASGFNIKDTYIHWVRQAPGKGLEWVARIYPTNGYTRYADSVKGRFTISADTSKNTAYLQMNSLRAEDTAVYYCARHYDYGRYYMDVWGQGTLVTVSSA,7.509479690636652,S97A:W99H:G100Y:G101D:D102Y:F104R:A106Y:Y109V,-14.925313604560307
EVQLVESGGGLVQPGGSLRLSCAASGFNIKDTYIHWVRQAPGKGLEWVARIYPTNGYTRYADSVKGRFTISADTSKNTAYLQMNSLRAEDTAVYYCARWGGFGYYYFDYWGQGTLVTVSSA,7.508638306165728,S97A:D102F:F104Y:A106Y:M107F,-14.95732486548116
EVQLVESGGGLVQPGGSLRLSCAASGFNIKDTYIHWVRQAPGKGLEWVARIYPTNGYTRYADSVKGRFTISADTSKNTAYLQMNSLRAEDTAVYYCSRWGGVGKYAMDYWGQGTLVTVSSA,7.505845405981558,D102V:F104K,-14.94817374691256
EVQLVESGGGLVQPGGSLRLSCAASGFNIKDTYIHWVRQAPGKGLEWVARIYPTNGYTRYADSVKGRFTISADTSKNTAYLQMNSLRAEDTAVYYCARYGGGYYYYFDVWGQGTLVTVSSA,7.503070351926786,S97A:W99Y:D102G:G103Y:F104Y:A106Y:M107F:Y109V,-14.929628567281531
EVQLVESGGGLVQPGGSLRLSCAASGFNIKDTYIHWVRQAPGKGLEWVARIYPTNGYTRYADSVKGRFTISADTSKNTAYLQMNSLRAEDTAVYYCARWYYGSYYYFDVWGQGTLVTVSSA,7.494850021680094,S97A:G100Y:G101Y:D102G:G103S:F104Y:A106Y:M107F:Y109V,-14.907526671216697
EVQLVESGGGLVQPGGSLRLSCAASGFNIKDTYIHWVRQAPGKGLEWVARIYPTNGYTRYADSVKGRFTISADTSKNTAYLQMNSLRAEDTAVYYCARWGGYGYYYFDVWGQGTLVTVSSA,7.488250288655017,S97A:D102Y:F104Y:A106Y:M107F:Y109V,-14.939726309778106
EVQLVESGGGLVQPGGSLRLSCAASGFNIKDTYIHWVRQAPGKGLEWVARIYPTNGYTRYADSVKGRFTISADTSKNTAYLQMNSLRAEDTAVYYCARWYYGGAYYFDFWGQGTLVTVSSA,7.483993769613952,S97A:G100Y:G101Y:D102G:F104A:A106Y:M107F:Y109F,-14.926579474605221
EVQLVESGGGLVQPGGSLRLSCAASGFNIKDTYIHWVRQAPGKGLEWVARIYPTNGYTRYADSVKGRFTISADTSKNTAYLQMNSLRAEDTAVYYCARWGSEAFYWFDYWGQGTLVTVSSA,7.483596851552597,S97A:G101S:D102E:G103A:A106W:M107F,-14.94045066769263
EVQLVESGGGLVQPGGSLRLSCAASGFNIKDTYIHWVRQAPGKGLEWVARIYPTNGYTRYADSVKGRFTISADTSKNTAYLQMNSLRAEDTAVYYCAPWWSGWYYFFDTWGQGTLVTVSSA,7.481486060122113,S97A:R98P:G100W:G101S:D102G:G103W:F104Y:A106F:M107F:Y109T,-14.894851215960136
EVQLVESGGGLVQPGGSLRLSCAASGFNIKDTYIHWVRQAPGKGLEWVARIYPTNGYTRYADSVKGRFTISADTSKNTAYLQMNSLRAEDTAVYYCARYPNYGFYMFDYWGQGTLVTVSSA,7.477425367308824,S97A:W99Y:G100P:G101N:D102Y:A106M:M107F,-14.928266407601445
EVQLVESGGGLVQPGGSLRLSCAASGFNIKDTYIHWVRQAPGKGLEWVARIYPTNGYTRYADSVKGRFTISADTSKNTAYLQMNSLRAEDTAVYYCARWVSGARYYMDVWGQGTLVTVSSA,7.471083299722346,S97A:G100V:G101S:D102G:G103A:F104R:A106Y:Y109V,-14.906481895744108
EVQLVESGGGLVQPGGSLRLSCAASGFNIKDTYIHWVRQAPGKGLEWVARIYPTNGYTRYADSVKGRFTISADTSKNTAYLQMNSLRAEDTAVYYCARFGGAGGYYFDYWGQGTLVTVSSA,7.455435902503956,S97A:W99F:D102A:F104G:A106Y:M107F,-14.936924160125947
EVQLVESGGGLVQPGGSLRLSCAASGFNIKDTYIHWVRQAPGKGLEWVARIYPTNGYTRYADSVKGRFTISADTSKNTAYLQMNSLRAEDTAVYYCTRYRGAHGYYFDYWGQGTLVTVSSA,7.450138811528057,S97T:W99Y:G100R:D102A:G103H:F104G:A106Y:M107F,-14.932450809637595
EVQLVESGGGLVQPGGSLRLSCAASGFNIKDTYIHWVRQAPGKGLEWVARIYPTNGYTRYADSVKGRFTISADTSKNTAYLQMNSLRAEDTAVYYCARWYYGGSYYFDYWGQGTLVTVSSA,7.44648105985103,S97A:G100Y:G101Y:D102G:F104S:A106Y:M107F,-14.926206940699354
EVQLVESGGGLVQPGGSLRLSCAASGFNIKDTYIHWVRQAPGKGLEWVARIYPTNGYTRYADSVKGRFTISADTSKNTAYLQMNSLRAEDTAVYYCARYGDADFYAFDPWGQGTLVTVSSA,7.445874418486987,S97A:W99Y:G101D:D102A:G103D:M107F:Y109P,-14.915197688660767
EVQLVESGGGLVQPGGSLRLSCAASGFNIKDTYIHWVRQAPGKGLEWVARIYPTNGYTRYADSVKGRFTISADTSKNTAYLQMNSLRAEDTAVYYCARYIFGGPYYFDYWGQGTLVTVSSA,7.443215217692975,S97A:W99Y:G100I:G101F:D102G:F104P:A106Y:M107F,-14.923435016054095
EVQLVESGGGLVQPGGSLRLSCAASGFNIKDTYIHWVRQAPGKGLEWVARIYPTNGYTRYADSVKGRFTISADTSKNTAYLQMNSLRAEDTAVYYCSRWEGDGKYAMDYWGQGTLVTVSSA,7.442132038431978,G100E:F104K,-14.926682832102067
EVQLVESGGGLVQPGGSLRLSCAASGFNIKDTYIHWVRQAPGKGLEWVARIYPTNGYTRYADSVKGRFTISADTSKNTAYLQMNSLRAEDTAVYYCARYGDYGYYYFDYWGQGTLVTVSSA,7.441051554021961,S97A:W99Y:G101D:D102Y:F104Y:A106Y:M107F,-14.940113228231722
EVQLVESGGGLVQPGGSLRLSCAASGFNIKDTYIHWVRQAPGKGLEWVARIYPTNGYTRYADSVKGRFTISADTSKNTAYLQMNSLRAEDTAVYYCVRYPEVYGYYFDYWGQGTLVTVSSA,7.440332721611942,S97V:W99Y:G100P:G101E:D102V:G103Y:F104G:A106Y:M107F,-14.920912130256625
EVQLVESGGGLVQPGGSLRLSCAASGFNIKDTYIHWVRQAPGKGLEWVARIYPTNGYTRYADSVKGRFTISADTSKNTAYLQMNSLRAEDTAVYYCANVGSSLGIAALDWGQGTLVTVSSA,7.435097327470795,S97A:R98N:W99V:G101S:D102S:G103L:F104G:Y105I:M107A:D108L:Y109D,-14.856678060399526
EVQLVESGGGLVQPGGSLRLSCAASGFNIKDTYIHWVRQAPGKGLEWVARIYPTNGYTRYADSVKGRFTISADTSKNTAYLQMNSLRAEDTAVYYCSYPDFGYYVYFAYWGQGTLVTVSSA,7.434624497285927,R98Y:W99P:G100D:G101F:D102G:G103Y:F104Y:Y105V:A106Y:M107F:D108A,-14.901665034620295
EVQLVESGGGLVQPGGSLRLSCAASGFNIKDTYIHWVRQAPGKGLEWVARIYPTNGYTRYADSVKGRFTISADTSKNTAYLQMNSLRAEDTAVYYCAKYTRGFSYGFGYWGQGTLVTVSSA,7.422278475490979,S97A:R98K:W99Y:G100T:G101R:D102G:G103F:F104S:A106G:M107F:D108G,-14.932082915767582
EVQLVESGGGLVQPGGSLRLSCAASGFNIKDTYIHWVRQAPGKGLEWVARIYPTNGYTRYADSVKGRFTISADTSKNTAYLQMNSLRAEDTAVYYCARWGGSGYYAMDYWGQGTLVTVSSA,7.422163658707256,S97A:D102S:F104Y,-14.932042156636713
EVQLVESGGGLVQPGGSLRLSCAASGFNIKDTYIHWVRQAPGKGLEWVARIYPTNGYTRYADSVKGRFTISADTSKNTAYLQMNSLRAEDTAVYYCARWGYGYYYSFDYWGQGTLVTVSSA,7.420788219768501,S97A:G101Y:D102G:G103Y:F104Y:A106S:M107F,-14.92910258021854
EVQLVESGGGLVQPGGSLRLSCAASGFNIKDTYIHWVRQAPGKGLEWVARIYPTNGYTRYADSVKGRFTISADTSKNTAYLQMNSLRAEDTAVYYCARYGRNGSYSYDYWGQGTLVTVSSA,7.4179366370882915,S97A:W99Y:G101R:D102N:F104S:A106S:M107Y,-14.93979652825808
EVQLVESGGGLVQPGGSLRLSCAASGFNIKDTYIHWVRQAPGKGLEWVARIYPTNGYTRYADSVKGRFTISADTSKNTAYLQMNSLRAEDTAVYYCAKFERGYYSFDFGWGQGTLVTVSSA,7.417028070895194,S97A:R98K:W99F:G100E:G101R:D102G:G103Y:F104Y:Y105S:A106F:M107D:D108F:Y109G,-14.859530073387639
EVQLVESGGGLVQPGGSLRLSCAASGFNIKDTYIHWVRQAPGKGLEWVARIYPTNGYTRYADSVKGRFTISADTSKNTAYLQMNSLRAEDTAVYYCARWEGDGSYSMDYWGQGTLVTVSSA,7.412738150307466,S97A:G100E:F104S:A106S,-14.93744410899258
EVQLVESGGGLVQPGGSLRLSCAASGFNIKDTYIHWVRQAPGKGLEWVARIYPTNGYTRYADSVKGRFTISADTSKNTAYLQMNSLRAEDTAVYYCSRWGVDGYYAMDYWGQGTLVTVSSA,7.41150419899279,G101V:F104Y,-14.903609828589543
EVQLVESGGGLVQPGGSLRLSCAASGFNIKDTYIHWVRQAPGKGLEWVARIYPTNGYTRYADSVKGRFTISADTSKNTAYLQMNSLRAEDTAVYYCARYGYGYYYYFDYWGQGTLVTVSSA,7.407823242604133,S97A:W99Y:G101Y:D102G:G103Y:F104Y:A106Y:M107F,-14.931244211069975
EVQLVESGGGLVQPGGSLRLSCAASGFNIKDTYIHWVRQAPGKGLEWVARIYPTNGYTRYADSVKGRFTISADTSKNTAYLQMNSLRAEDTAVYYCARWYGYGYYLFDVWGQGTLVTVSSA,7.402304814074488,S97A:G100Y:D102Y:F104Y:A106L:M107F:Y109V,-14.91980144545129
EVQLVESGGGLVQPGGSLRLSCAASGFNIKDTYIHWVRQAPGKGLEWVARIYPTNGYTRYADSVKGRFTISADTSKNTAYLQMNSLRAEDTAVYYCARYYWDYFYYFDYWGQGTLVTVSSA,7.401647290130716,S97A:W99Y:G100Y:G101W:G103Y:A106Y:M107F,-14.941649500692916
EVQLVESGGGLVQPGGSLRLSCAASGFNIKDTYIHWVRQAPGKGLEWVARIYPTNGYTRYADSVKGRFTISADTSKNTAYLQMNSLRAEDTAVYYCARYPGGGIYDFDPWGQGTLVTVSSA,7.398918272215977,S97A:W99Y:G100P:D102G:F104I:A106D:M107F:Y109P,-14.925120793739245
EVQLVESGGGLVQPGGSLRLSCAASGFNIKDTYIHWVRQAPGKGLEWVARIYPTNGYTRYADSVKGRFTISADTSKNTAYLQMNSLRAEDTAVYYCARYGGYGYYWFDYWGQGTLVTVSSA,7.397940008672037,S97A:W99Y:D102Y:F104Y:A106W:M107F,-14.95274970008593
EVQLVESGGGLVQPGGSLRLSCAASGFNIKDTYIHWVRQAPGKGLEWVARIYPTNGYTRYADSVKGRFTISADTSKNTAYLQMNSLRAEDTAVYYCARWLRGLGYYWDYWGQGTLVTVSSA,7.396747338018353,S97A:G100L:G101R:D102G:G103L:F104G:A106Y:M107W,-14.910989967393377
EVQLVESGGGLVQPGGSLRLSCAASGFNIKDTYIHWVRQAPGKGLEWVARIYPTNGYTRYADSVKGRFTISADTSKNTAYLQMNSLRAEDTAVYYCARYGDSYYYYFDYWGQGTLVTVSSA,7.391473966422806,S97A:W99Y:G101D:D102S:G103Y:F104Y:A106Y:M107F,-14.945144533753307
EVQLVESGGGLVQPGGSLRLSCAASGFNIKDTYIHWVRQAPGKGLEWVARIYPTNGYTRYADSVKGRFTISADTSKNTAYLQMNSLRAEDTAVYYCARYGPYYYYAMDYWGQGTLVTVSSA,7.384576047114056,S97A:W99Y:G101P:D102Y:G103Y:F104Y,-14.913402203469069
EVQLVESGGGLVQPGGSLRLSCAASGFNIKDTYIHWVRQAPGKGLEWVARIYPTNGYTRYADSVKGRFTISADTSKNTAYLQMNSLRAEDTAVYYCTRYYGGYGYYFDYWGQGTLVTVSSA,7.381219975493785,S97T:W99Y:G100Y:D102G:G103Y:F104G:A106Y:M107F,-14.928561979494123
EVQLVESGGGLVQPGGSLRLSCAASGFNIKDTYIHWVRQAPGKGLEWVARIYPTNGYTRYADSVKGRFTISADTSKNTAYLQMNSLRAEDTAVYYCARNYYDYYYYLDYWGQGTLVTVSSA,7.380802284207053,S97A:W99N:G100Y:G101Y:G103Y:F104Y:A106Y:M107L,-14.937147844998108
EVQLVESGGGLVQPGGSLRLSCAASGFNIKDTYIHWVRQAPGKGLEWVARIYPTNGYTRYADSVKGRFTISADTSKNTAYLQMNSLRAEDTAVYYCVRWGRYGVYYFDYWGQGTLVTVSSA,7.380593589113222,S97V:G101R:D102Y:F104V:A106Y:M107F,-14.932765524511597
EVQLVESGGGLVQPGGSLRLSCAASGFNIKDTYIHWVRQAPGKGLEWVARIYPTNGYTRYADSVKGRFTISADTSKNTAYLQMNSLRAEDTAVYYCSRWVGDGSYAMDYWGQGTLVTVSSA,7.380176499542722,G100V:F104S,-14.933060617339615
EVQLVESGGGLVQPGGSLRLSCAASGFNIKDTYIHWVRQAPGKGLEWVARIYPTNGYTRYADSVKGRFTISADTSKNTAYLQMNSLRAEDTAVYYCARYGGYGNYWFDTWGQGTLVTVSSA,7.375511637486551,S97A:W99Y:D102Y:F104N:A106W:M107F:Y109T,-14.950432375843734
EVQLVESGGGLVQPGGSLRLSCAASGFNIKDTYIHWVRQAPGKGLEWVARIYPTNGYTRYADSVKGRFTISADTSKNTAYLQMNSLRAEDTAVYYCARGGYGYYTWFDYWGQGTLVTVSSA,7.375408540873153,S97A:W99G:G101Y:D102G:G103Y:F104Y:Y105T:A106W:M107F,-14.931189008679961
EVQLVESGGGLVQPGGSLRLSCAASGFNIKDTYIHWVRQAPGKGLEWVARIYPTNGYTRYADSVKGRFTISADTSKNTAYLQMNSLRAEDTAVYYCAGSSASGWYHYTTWGQGTLVTVSSA,7.374173286714289,S97A:R98G:W99S:G100S:G101A:D102S:F104W:A106H:M107Y:D108T:Y109T,-14.880997949641795
EVQLVESGGGLVQPGGSLRLSCAASGFNIKDTYIHWVRQAPGKGLEWVARIYPTNGYTRYADSVKGRFTISADTSKNTAYLQMNSLRAEDTAVYYCARYGTGTYYYFLHWGQGTLVTVSSA,7.374173286714289,S97A:W99Y:G101T:D102G:G103T:F104Y:A106Y:M107F:D108L:Y109H,-14.916094923813423
EVQLVESGGGLVQPGGSLRLSCAASGFNIKDTYIHWVRQAPGKGLEWVARIYPTNGYTRYADSVKGRFTISADTSKNTAYLQMNSLRAEDTAVYYCARWEGYGSYEFAYWGQGTLVTVSSA,7.372122305420029,S97A:G100E:D102Y:F104S:A106E:M107F:D108A,-14.943827486814689
EVQLVESGGGLVQPGGSLRLSCAASGFNIKDTYIHWVRQAPGKGLEWVARIYPTNGYTRYADSVKGRFTISADTSKNTAYLQMNSLRAEDTAVYYCARYYYDFGYYFDYWGQGTLVTVSSA,7.369063880935808,S97A:W99Y:G100Y:G101Y:G103F:F104G:A106Y:M107F,-14.933357478622739
EVQLVESGGGLVQPGGSLRLSCAASGFNIKDTYIHWVRQAPGKGLEWVARIYPTNGYTRYADSVKGRFTISADTSKNTAYLQMNSLRAEDTAVYYCARYGGLGGYTLAYWGQGTLVTVSSA,7.367846516489368,S97A:W99Y:D102L:F104G:A106T:M107L:D108A,-14.918321420807894
EVQLVESGGGLVQPGGSLRLSCAASGFNIKDTYIHWVRQAPGKGLEWVARIYPTNGYTRYADSVKGRFTISADTSKNTAYLQMNSLRAEDTAVYYCAQNWDRGSYFYTYWGQGTLVTVSSA,7.366026844210326,S97A:R98Q:W99N:G100W:G101D:D102R:F104S:A106F:M107Y:D108T,-14.91636524393078
EVQLVESGGGLVQPGGSLRLSCAASGFNIKDTYIHWVRQAPGKGLEWVARIYPTNGYTRYADSVKGRFTISADTSKNTAYLQMNSLRAEDTAVYYCARYGARSGYAYEYWGQGTLVTVSSA,7.345823458122039,S97A:W99Y:G101A:D102R:G103S:F104G:M107Y:D108E,-14.92171676365497
EVQLVESGGGLVQPGGSLRLSCAASGFNIKDTYIHWVRQAPGKGLEWVARIYPTNGYTRYADSVKGRFTISADTSKNTAYLQMNSLRAEDTAVYYCARNYYYGAYYFDYWGQGTLVTVSSA,7.341893164493607,S97A:W99N:G100Y:G101Y:D102Y:F104A:A106Y:M107F,-14.930945261184478
EVQLVESGGGLVQPGGSLRLSCAASGFNIKDTYIHWVRQAPGKGLEWVARIYPTNGYTRYADSVKGRFTISADTSKNTAYLQMNSLRAEDTAVYYCASVDLGGFYDFRYWGQGTLVTVSSA,7.336299074610352,S97A:R98S:W99V:G100D:G101L:D102G:A106D:M107F:D108R,-14.915047112933367
EVQLVESGGGLVQPGGSLRLSCAASGFNIKDTYIHWVRQAPGKGLEWVARIYPTNGYTRYADSVKGRFTISADTSKNTAYLQMNSLRAEDTAVYYCAITFYGYTIVWEYWGQGTLVTVSSA,7.336299074610352,S97A:R98I:W99T:G100F:G101Y:D102G:G103Y:F104T:Y105I:A106V:M107W:D108E,-14.898510195537165
EVQLVESGGGLVQPGGSLRLSCAASGFNIKDTYIHWVRQAPGKGLEWVARIYPTNGYTRYADSVKGRFTISADTSKNTAYLQMNSLRAEDTAVYYCARWGGYGYYWFDYWGQGTLVTVSSA,7.330776126069194,S97A:D102Y:F104Y:A106W:M107F,-14.95196875205305
EVQLVESGGGLVQPGGSLRLSCAASGFNIKDTYIHWVRQAPGKGLEWVARIYPTNGYTRYADSVKGRFTISADTSKNTAYLQMNSLRAEDTAVYYCARWSGASFYAMDYWGQGTLVTVSSA,7.318939756368188,S97A:G100S:D102A:G103S,-14.939902584638999
EVQLVESGGGLVQPGGSLRLSCAASGFNIKDTYIHWVRQAPGKGLEWVARIYPTNGYTRYADSVKGRFTISADTSKNTAYLQMNSLRAEDTAVYYCARWQGRSGYYMDYWGQGTLVTVSSA,7.31578320486112,S97A:G100Q:D102R:G103S:F104G:A106Y,-14.92861111381379
EVQLVESGGGLVQPGGSLRLSCAASGFNIKDTYIHWVRQAPGKGLEWVARIYPTNGYTRYADSVKGRFTISADTSKNTAYLQMNSLRAEDTAVYYCARWLDYFYYAMDYWGQGTLVTVSSA,7.312292720375181,S97A:G100L:G101D:D102Y:G103F:F104Y,-14.920412866196724
EVQLVESGGGLVQPGGSLRLSCAASGFNIKDTYIHWVRQAPGKGLEWVARIYPTNGYTRYADSVKGRFTISADTSKNTAYLQMNSLRAEDTAVYYCARWHYDVGFYFDYWGQGTLVTVSSA,7.302160631781637,S97A:G100H:G101Y:G103V:F104G:Y105F:A106Y:M107F,-14.93464258103129
EVQLVESGGGLVQPGGSLRLSCAASGFNIKDTYIHWVRQAPGKGLEWVARIYPTNGYTRYADSVKGRFTISADTSKNTAYLQMNSLRAEDTAVYYCARYGYDYYYYFDVWGQGTLVTVSSA,7.301029995663981,S97A:W99Y:G101Y:G103Y:F104Y:A106Y:M107F:Y109V,-14.919429193523248
EVQLVESGGGLVQPGGSLRLSCAASGFNIKDTYIHWVRQAPGKGLEWVARIYPTNGYTRYADSVKGRFTISADTSKNTAYLQMNSLRAEDTAVYYCARFGPAYFYGFYYWGQGTLVTVSSA,7.293709042741237,S97A:W99F:G101P:D102A:G103Y:A106G:M107F:D108Y,-14.916087993441295
EVQLVESGGGLVQPGGSLRLSCAASGFNIKDTYIHWVRQAPGKGLEWVARIYPTNGYTRYADSVKGRFTISADTSKNTAYLQMNSLRAEDTAVYYCARYMRPAFYPFLYWGQGTLVTVSSA,7.29362364416031,S97A:W99Y:G100M:G101R:D102P:G103A:A106P:M107F:D108L,-14.907196282892233
EVQLVESGGGLVQPGGSLRLSCAASGFNIKDTYIHWVRQAPGKGLEWVARIYPTNGYTRYADSVKGRFTISADTSKNTAYLQMNSLRAEDTAVYYCARWGSGNYYEFDYWGQGTLVTVSSA,7.283913146225168,S97A:G101S:D102G:G103N:F104Y:A106E:M107F,-14.93121169477743
EVQLVESGGGLVQPGGSLRLSCAASGFNIKDTYIHWVRQAPGKGLEWVARIYPTNGYTRYADSVKGRFTISADTSKNTAYLQMNSLRAEDTAVYYCASYGSGSYFSFPLWGQGTLVTVSSA,7.268169579711838,S97A:R98S:W99Y:G101S:D102G:G103S:F104Y:Y105F:A106S:M107F:D108P:Y109L,-14.88137851345357
EVQLVESGGGLVQPGGSLRLSCAASGFNIKDTYIHWVRQAPGKGLEWVARIYPTNGYTRYADSVKGRFTISADTSKNTAYLQMNSLRAEDTAVYYCARYGYGAYYYFDYWGQGTLVTVSSA,7.267525822718807,S97A:W99Y:G101Y:D102G:G103A:F104Y:A106Y:M107F,-14.93042191390573
EVQLVESGGGLVQPGGSLRLSCAASGFNIKDTYIHWVRQAPGKGLEWVARIYPTNGYTRYADSVKGRFTISADTSKNTAYLQMNSLRAEDTAVYYCTRYYSGHYYSFDYWGQGTLVTVSSA,7.249723084846007,S97T:W99Y:G100Y:G101S:D102G:G103H:F104Y:A106S:M107F,-14.915703849209512
EVQLVESGGGLVQPGGSLRLSCAASGFNIKDTYIHWVRQAPGKGLEWVARIYPTNGYTRYADSVKGRFTISADTSKNTAYLQMNSLRAEDTAVYYCARYGGDYYYYYDYWGQGTLVTVSSA,7.24420134302617,S97A:W99Y:G103Y:F104Y:A106Y:M107Y,-14.962492619606818
EVQLVESGGGLVQPGGSLRLSCAASGFNIKDTYIHWVRQAPGKGLEWVARIYPTNGYTRYADSVKGRFTISADTSKNTAYLQMNSLRAEDTAVYYCARYGGGYYYYYDYWGQGTLVTVSSA,7.239879214735432,S97A:W99Y:D102G:G103Y:F104Y:A106Y:M107Y,-14.94677573027559
EVQLVESGGGLVQPGGSLRLSCAASGFNIKDTYIHWVRQAPGKGLEWVARIYPTNGYTRYADSVKGRFTISADTSKNTAYLQMNSLRAEDTAVYYCTRYGSFGYYALDSWGQGTLVTVSSA,7.239351380418644,S97T:W99Y:G101S:D102F:F104Y:M107L:Y109S,-14.896997740635735
EVQLVESGGGLVQPGGSLRLSCAASGFNIKDTYIHWVRQAPGKGLEWVARIYPTNGYTRYADSVKGRFTISADTSKNTAYLQMNSLRAEDTAVYYCARYGGLSYYSFDLWGQGTLVTVSSA,7.235823867609669,S97A:W99Y:D102L:G103S:F104Y:A106S:M107F:Y109L,-14.942961699873855
EVQLVESGGGLVQPGGSLRLSCAASGFNIKDTYIHWVRQAPGKGLEWVARIYPTNGYTRYADSVKGRFTISADTSKNTAYLQMNSLRAEDTAVYYCTRYFGAYWYWMDYWGQGTLVTVSSA,7.22870655737094,S97T:W99Y:G100F:D102A:G103Y:F104W:A106W,-14.9267206851785
EVQLVESGGGLVQPGGSLRLSCAASGFNIKDTYIHWVRQAPGKGLEWVARIYPTNGYTRYADSVKGRFTISADTSKNTAYLQMNSLRAEDTAVYYCAKFHWGEDWLSDNWGQGTLVTVSSA,7.228412519118745,S97A:R98K:W99F:G100H:G101W:D102G:G103E:F104D:Y105W:A106L:M107S:Y109N,-14.891739016676512
EVQLVESGGGLVQPGGSLRLSCAASGFNIKDTYIHWVRQAPGKGLEWVARIYPTNGYTRYADSVKGRFTISADTSKNTAYLQMNSLRAEDTAVYYCAGSVAEGWYHYRDWGQGTLVTVSSA,7.219682687859849,S97A:R98G:W99S:G100V:G101A:D102E:F104W:A106H:M107Y:D108R:Y109D,-14.883142408381126
EVQLVESGGGLVQPGGSLRLSCAASGFNIKDTYIHWVRQAPGKGLEWVARIYPTNGYTRYADSVKGRFTISADTSKNTAYLQMNSLRAEDTAVYYCARYYGSSSYYFAYWGQGTLVTVSSA,7.217384067968396,S97A:W99Y:G100Y:D102S:G103S:F104S:A106Y:M107F:D108A,-14.953383129686717
EVQLVESGGGLVQPGGSLRLSCAASGFNIKDTYIHWVRQAPGKGLEWVARIYPTNGYTRYADSVKGRFTISADTSKNTAYLQMNSLRAEDTAVYYCARSGYPGYGSFAYWGQGTLVTVSSA,7.216668237112576,S97A:W99S:G101Y:D102P:F104Y:Y105G:A106S:M107F:D108A,-14.926015614923742
EVQLVESGGGLVQPGGSLRLSCAASGFNIKDTYIHWVRQAPGKGLEWVARIYPTNGYTRYADSVKGRFTISADTSKNTAYLQMNSLRAEDTAVYYCARTVVGWYGRFDYWGQGTLVTVSSA,7.196269829025456,S97A:W99T:G100V:G101V:D102G:G103W:F104Y:Y105G:A106R:M107F,-14.923706128490473
EVQLVESGGGLVQPGGSLRLSCAASGFNIKDTYIHWVRQAPGKGLEWVARIYPTNGYTRYADSVKGRFTISADTSKNTAYLQMNSLRAEDTAVYYCARNSGTGIWAFAYWGQGTLVTVSSA,7.187086643357144,S97A:W99N:G100S:D102T:F104I:Y105W:M107F:D108A,-14.951047598940667
EVQLVESGGGLVQPGGSLRLSCAASGFNIKDTYIHWVRQAPGKGLEWVARIYPTNGYTRYADSVKGRFTISADTSKNTAYLQMNSLRAEDTAVYYCARWGGTYYYAMDYWGQGTLVTVSSA,7.184887341810187,S97A:D102T:G103Y:F104Y,-14.943300482522941
EVQLVESGGGLVQPGGSLRLSCAASGFNIKDTYIHWVRQAPGKGLEWVARIYPTNGYTRYADSVKGRFTISADTSKNTAYLQMNSLRAEDTAVYYCARWPPYYWWAFDYWGQGTLVTVSSA,7.183228587666654,S97A:G100P:G101P:D102Y:G103Y:F104W:Y105W:M107F,-14.917048947114148
EVQLVESGGGLVQPGGSLRLSCAASGFNIKDTYIHWVRQAPGKGLEWVARIYPTNGYTRYADSVKGRFTISADTSKNTAYLQMNSLRAEDTAVYYCARWGNVGYYVLDYWGQGTLVTVSSA,7.176460566343141,S97A:G101N:D102V:F104Y:A106V:M107L,-14.926928995105126
EVQLVESGGGLVQPGGSLRLSCAASGFNIKDTYIHWVRQAPGKGLEWVARIYPTNGYTRYADSVKGRFTISADTSKNTAYLQMNSLRAEDTAVYYCARAGGTSISLGHGWGQGTLVTVSSA,7.173925197299174,S97A:W99A:D102T:G103S:F104I:Y105S:A106L:M107G:D108H:Y109G,-14.873392826099698
EVQLVESGGGLVQPGGSLRLSCAASGFNIKDTYIHWVRQAPGKGLEWVARIYPTNGYTRYADSVKGRFTISADTSKNTAYLQMNSLRAEDTAVYYCARYGDAFIMSFGVWGQGTLVTVSSA,7.17134010346468,S97A:W99Y:G101D:D102A:G103F:F104I:Y105M:A106S:M107F:D108G:Y109V,-14.911848570704244
EVQLVESGGGLVQPGGSLRLSCAASGFNIKDTYIHWVRQAPGKGLEWVARIYPTNGYTRYADSVKGRFTISADTSKNTAYLQMNSLRAEDTAVYYCAPWGTYRYGYFDHWGQGTLVTVSSA,7.1700533040583645,S97A:R98P:G101T:D102Y:G103R:F104Y:Y105G:A106Y:M107F:Y109H,-14.907805617017406
EVQLVESGGGLVQPGGSLRLSCAASGFNIKDTYIHWVRQAPGKGLEWVARIYPTNGYTRYADSVKGRFTISADTSKNTAYLQMNSLRAEDTAVYYCAVYGPYGGFSYDSWGQGTLVTVSSA,7.150580586203101,S97A:R98V:W99Y:G101P:D102Y:F104G:Y105F:A106S:M107Y:Y109S,-14.871759046419573
EVQLVESGGGLVQPGGSLRLSCAASGFNIKDTYIHWVRQAPGKGLEWVARIYPTNGYTRYADSVKGRFTISADTSKNTAYLQMNSLRAEDTAVYYCARWYYGTSYYFDVWGQGTLVTVSSA,7.149047600206507,S97A:G100Y:G101Y:D102G:G103T:F104S:A106Y:M107F:Y109V,-14.909465350004355
EVQLVESGGGLVQPGGSLRLSCAASGFNIKDTYIHWVRQAPGKGLEWVARIYPTNGYTRYADSVKGRFTISADTSKNTAYLQMNSLRAEDTAVYYCVYYYEAGSYYFDGWGQGTLVTVSSA,7.148497047229456,S97V:R98Y:W99Y:G100Y:G101E:D102A:F104S:A106Y:M107F:Y109G,-14.8995887891077
EVQLVESGGGLVQPGGSLRLSCAASGFNIKDTYIHWVRQAPGKGLEWVARIYPTNGYTRYADSVKGRFTISADTSKNTAYLQMNSLRAEDTAVYYCAIWSMYDVGYYPFWGQGTLVTVSSA,7.144057053767684,S97A:R98I:G100S:G101M:D102Y:G103D:F104V:Y105G:A106Y:M107Y:D108P:Y109F,-14.885489413811513
EVQLVESGGGLVQPGGSLRLSCAASGFNIKDTYIHWVRQAPGKGLEWVARIYPTNGYTRYADSVKGRFTISADTSKNTAYLQMNSLRAEDTAVYYCARYGLYGSYYFRYWGQGTLVTVSSA,7.1438755557577,S97A:W99Y:G101L:D102Y:F104S:A106Y:M107F:D108R,-14.931876625849155
EVQLVESGGGLVQPGGSLRLSCAASGFNIKDTYIHWVRQAPGKGLEWVARIYPTNGYTRYADSVKGRFTISADTSKNTAYLQMNSLRAEDTAVYYCARYGGSSYYYYDYWGQGTLVTVSSA,7.140621495574399,S97A:W99Y:D102S:G103S:F104Y:A106Y:M107Y,-14.961809965373408
EVQLVESGGGLVQPGGSLRLSCAASGFNIKDTYIHWVRQAPGKGLEWVARIYPTNGYTRYADSVKGRFTISADTSKNTAYLQMNSLRAEDTAVYYCARWYSGYYYAMDYWGQGTLVTVSSA,7.137630062877117,S97A:G100Y:G101S:D102G:G103Y:F104Y,-14.912598176871198
EVQLVESGGGLVQPGGSLRLSCAASGFNIKDTYIHWVRQAPGKGLEWVARIYPTNGYTRYADSVKGRFTISADTSKNTAYLQMNSLRAEDTAVYYCARYLTDADFRLHYWGQGTLVTVSSA,7.124533584133615,S97A:W99Y:G100L:G101T:G103A:F104D:Y105F:A106R:M107L:D108H,-14.93743288579516
EVQLVESGGGLVQPGGSLRLSCAASGFNIKDTYIHWVRQAPGKGLEWVARIYPTNGYTRYADSVKGRFTISADTSKNTAYLQMNSLRAEDTAVYYCAQWYDYGGTYLDYWGQGTLVTVSSA,7.114243118930733,S97A:R98Q:G100Y:G101D:D102Y:F104G:Y105T:A106Y:M107L,-14.909916575906342
EVQLVESGGGLVQPGGSLRLSCAASGFNIKDTYIHWVRQAPGKGLEWVARIYPTNGYTRYADSVKGRFTISADTSKNTAYLQMNSLRAEDTAVYYCTRWRWGYGYYFDFWGQGTLVTVSSA,7.107126593111235,S97T:G100R:G101W:D102G:G103Y:F104G:A106Y:M107F:Y109F,-14.92834885119008
EVQLVESGGGLVQPGGSLRLSCAASGFNIKDTYIHWVRQAPGKGLEWVARIYPTNGYTRYADSVKGRFTISADTSKNTAYLQMNSLRAEDTAVYYCARYYGGGGYYMDYWGQGTLVTVSSA,7.102098125731772,S97A:W99Y:G100Y:D102G:F104G:A106Y,-14.91476063493376
EVQLVESGGGLVQPGGSLRLSCAASGFNIKDTYIHWVRQAPGKGLEWVARIYPTNGYTRYADSVKGRFTISADTSKNTAYLQMNSLRAEDTAVYYCSRYGRGVYYYFDYWGQGTLVTVSSA,7.098759697926691,W99Y:G101R:D102G:G103V:F104Y:A106Y:M107F,-14.925828794555299
EVQLVESGGGLVQPGGSLRLSCAASGFNIKDTYIHWVRQAPGKGLEWVARIYPTNGYTRYADSVKGRFTISADTSKNTAYLQMNSLRAEDTAVYYCTRYSRSYYYGLDPWGQGTLVTVSSA,7.096367483915762,S97T:W99Y:G100S:G101R:D102S:G103Y:F104Y:A106G:M107L:Y109P,-14.8899062971434
EVQLVESGGGLVQPGGSLRLSCAASGFNIKDTYIHWVRQAPGKGLEWVARIYPTNGYTRYADSVKGRFTISADTSKNTAYLQMNSLRAEDTAVYYCARPSYDVGGDMLFWGQGTLVTVSSA,7.079615757821642,S97A:W99P:G100S:G101Y:G103V:F104G:Y105G:A106D:D108L:Y109F,-14.904739092972731
EVQLVESGGGLVQPGGSLRLSCAASGFNIKDTYIHWVRQAPGKGLEWVARIYPTNGYTRYADSVKGRFTISADTSKNTAYLQMNSLRAEDTAVYYCARYVTANTYSYDPWGQGTLVTVSSA,7.07805354577059,S97A:W99Y:G100V:G101T:D102A:G103N:F104T:A106S:M107Y:Y109P,-14.894471650466302
EVQLVESGGGLVQPGGSLRLSCAASGFNIKDTYIHWVRQAPGKGLEWVARIYPTNGYTRYADSVKGRFTISADTSKNTAYLQMNSLRAEDTAVYYCARWGTYTYGYFDYWGQGTLVTVSSA,7.05487622987788,S97A:G101T:D102Y:G103T:F104Y:Y105G:A106Y:M107F,-14.937555679150124
EVQLVESGGGLVQPGGSLRLSCAASGFNIKDTYIHWVRQAPGKGLEWVARIYPTNGYTRYADSVKGRFTISADTSKNTAYLQMNSLRAEDTAVYYCARWARGAGYYWDYWGQGTLVTVSSA,7.04774046340918,S97A:G100A:G101R:D102G:G103A:F104G:A106Y:M107W,-14.920948834101313
EVQLVESGGGLVQPGGSLRLSCAASGFNIKDTYIHWVRQAPGKGLEWVARIYPTNGYTRYADSVKGRFTISADTSKNTAYLQMNSLRAEDTAVYYCARYPSGYYYYFDYWGQGTLVTVSSA,7.045130628933522,S97A:W99Y:G100P:G101S:D102G:G103Y:F104Y:A106Y:M107F,-14.923624778084484
EVQLVESGGGLVQPGGSLRLSCAASGFNIKDTYIHWVRQAPGKGLEWVARIYPTNGYTRYADSVKGRFTISADTSKNTAYLQMNSLRAEDTAVYYCARYGGSSYYYFDYWGQGTLVTVSSA,7.012467797270161,S97A:W99Y:D102S:G103S:F104Y:A106Y:M107F,-14.964114308907556
EVQLVESGGGLVQPGGSLRLSCAASGFNIKDTYIHWVRQAPGKGLEWVARIYPTNGYTRYADSVKGRFTISADTSKNTAYLQMNSLRAEDTAVYYCARYGDGTYYFFAHWGQGTLVTVSSA,7.011887159731648,S97A:W99Y:G101D:D102G:G103T:F104Y:A106F:M107F:D108A:Y109H,-14.91617209874453
EVQLVESGGGLVQPGGSLRLSCAASGFNIKDTYIHWVRQAPGKGLEWVARIYPTNGYTRYADSVKGRFTISADTSKNTAYLQMNSLRAEDTAVYYCAKYDTAGSYHFDVWGQGTLVTVSSA,7.010060986715464,S97A:R98K:W99Y:G100D:G101T:D102A:F104S:A106H:M107F:Y109V,-14.906941188680378
EVQLVESGGGLVQPGGSLRLSCAASGFNIKDTYIHWVRQAPGKGLEWVARIYPTNGYTRYADSVKGRFTISADTSKNTAYLQMNSLRAEDTAVYYCAFADSGAYGIWSFWGQGTLVTVSSA,7.006916639301938,S97A:R98F:W99A:G100D:G101S:D102G:G103A:F104Y:Y105G:A106I:M107W:D108S:Y109F,-14.88051400988045
EVQLVESGGGLVQPGGSLRLSCAASGFNIKDTYIHWVRQAPGKGLEWVARIYPTNGYTRYADSVKGRFTISADTSKNTAYLQMNSLRAEDTAVYYCARYDYYGYYYFDYWGQGTLVTVSSA,7.004584201457585,S97A:W99Y:G100D:G101Y:D102Y:F104Y:A106Y:M107F,-14.914757115618984
EVQLVESGGGLVQPGGSLRLSCAASGFNIKDTYIHWVRQAPGKGLEWVARIYPTNGYTRYADSVKGRFTISADTSKNTAYLQMNSLRAEDTAVYYCARSYAYLYGSWDYWGQGTLVTVSSA,6.991399828238083,S97A:W99S:G100Y:G101A:D102Y:G103L:F104Y:Y105G:A106S:M107W,-14.917448555609328
EVQLVESGGGLVQPGGSLRLSCAASGFNIKDTYIHWVRQAPGKGLEWVARIYPTNGYTRYADSVKGRFTISADTSKNTAYLQMNSLRAEDTAVYYCARDGGRSYYSFYYWGQGTLVTVSSA,6.984598326297051,S97A:W99D:D102R:G103S:F104Y:A106S:M107F:D108Y,-14.94744203223211
EVQLVESGGGLVQPGGSLRLSCAASGFNIKDTYIHWVRQAPGKGLEWVARIYPTNGYTRYADSVKGRFTISADTSKNTAYLQMNSLRAEDTAVYYCTRNVVNLYYSYDSWGQGTLVTVSSA,6.982716178439982,S97T:W99N:G100V:G101V:D102N:G103L:F104Y:A106S:M107Y:Y109S,-14.889644446876897
EVQLVESGGGLVQPGGSLRLSCAASGFNIKDTYIHWVRQAPGKGLEWVARIYPTNGYTRYADSVKGRFTISADTSKNTAYLQMNSLRAEDTAVYYCARYYSYGGYYFDYWGQGTLVTVSSA,6.975309137644569,S97A:W99Y:G100Y:G101S:D102Y:F104G:A106Y:M107F,-14.931653911651356
EVQLVESGGGLVQPGGSLRLSCAASGFNIKDTYIHWVRQAPGKGLEWVARIYPTNGYTRYADSVKGRFTISADTSKNTAYLQMNSLRAEDTAVYYCARNGYYGGYAFDYWGQGTLVTVSSA,6.964170174747172,S97A:W99N:G101Y:D102Y:F104G:M107F,-14.929129089322078
EVQLVESGGGLVQPGGSLRLSCAASGFNIKDTYIHWVRQAPGKGLEWVARIYPTNGYTRYADSVKGRFTISADTSKNTAYLQMNSLRAEDTAVYYCVLSRIVVSYFYDYWGQGTLVTVSSA,6.961777361631282,S97V:R98L:W99S:G100R:G101I:D102V:G103V:F104S:A106F:M107Y,-14.91307187459745
EVQLVESGGGLVQPGGSLRLSCAASGFNIKDTYIHWVRQAPGKGLEWVARIYPSNGYTRYADSVKGRFTISADTSKNTAYLQMNSLRAEDTAVYYCARYYGGSMYYYGYWGQGTLVTVSSA,6.961697827800475,T54S:S97A:W99Y:G100Y:D102G:G103S:F104M:A106Y:M107Y:D108G,-14.946533424590939
EVQLVESGGGLVQPGGSLRLSCAASGFNIKDTYIHWVRQAPGKGLEWVARIYPTNGYTRYADSVKGRFTISADTSKNTAYLQMNSLRAEDTAVYYCSRIRRWGFYYFDYWGQGTLVTVSSA,6.956362690407429,W99I:G100R:G101R:D102W:A106Y:M107F,-14.945621896260663
EVQLVESGGGLVQPGGSLRLSCAASGFNIKDTYIHWVRQAPGKGLEWVARIYPTNGYTRYADSVKGRFTISADTSKNTAYLQMNSLRAEDTAVYYCARGFVYAGIPFDYWGQGTLVTVSSA,6.950781977329818,S97A:W99G:G100F:G101V:D102Y:G103A:F104G:Y105I:A106P:M107F,-14.91908399367502
EVQLVESGGGLVQPGGSLRLSCAASGFNIKDTYIHWVRQAPGKGLEWVARIYPTNGYTRYADSVKGRFTISADTSKNTAYLQMNSLRAEDTAVYYCARYYSDYSYTFSYWGQGTLVTVSSA,6.950045851977953,S97A:W99Y:G100Y:G101S:G103Y:F104S:A106T:M107F:D108S,-14.945268831544734
EVQLVESGGGLVQPGGSLRLSCAASGFNIKDTYIHWVRQAPGKGLEWVARIYPTNGYTRYADSVKGRFTISADTSKNTAYLQMNSLRAEDTAVYYCARWWYGGRNYFDIWGQGTLVTVSSA,6.935055573961383,S97A:G100W:G101Y:D102G:F104R:Y105N:A106Y:M107F:Y109I,-14.917867694988825
EVQLVESGGGLVQPGGSLRLSCAASGFNIKDTYIHWVRQAPGKGLEWVARIYPTNGYTRYADSVKGRFTISADTSKNTAYLQMNSLRAEDTAVYYCTRSGELYGYFHDMWGQGTLVTVSSA,6.921217039803037,S97T:W99S:G101E:D102L:G103Y:F104G:A106F:M107H:Y109M,-14.90557817926505
EVQLVESGGGLVQPGGSLRLSCAASGFNIKDTYIHWVRQAPGKGLEWVARIYPTNGYTRYADSVKGRFTISADTSKNTAYLQMNSLRAEDTAVYYCARWATALGYYWDYWGQGTLVTVSSA,6.916891720805265,S97A:G100A:G101T:D102A:G103L:F104G:A106Y:M107W,-14.911241725568294
EVQLVESGGGLVQPGGSLRLSCAASGFNIKDTYIHWVRQAPGKGLEWVARIYPTNGYTRYADSVKGRFTISADTSKNTAYLQMNSLRAEDTAVYYCARWGGYGWYGFDYWGQGTLVTVSSA,6.909741947068683,S97A:D102Y:F104W:A106G:M107F,-14.949574249204982
EVQLVESGGGLVQPGGSLRLSCAASGFNIKDTYIHWVRQAPGKGLEWVARIYPTNGYTRYADSVKGRFTISADTSKNTAYLQMNSLRAEDTAVYYCARDGGGGFYAYDYWGQGTLVTVSSA,6.906018296085887,S97A:W99D:D102G:M107Y,-14.932717402676762
EVQLVESGGGLVQPGGSLRLSCAASGFNIKDTYIHWVRQAPGKGLEWVARIYPTNGYTRYADSVKGRFTISADTSKNTAYLQMNSLRAEDTAVYYCARFSGYGAYDYAYWGQGTLVTVSSA,6.903124731940313,S97A:W99F:G100S:D102Y:F104A:A106D:M107Y:D108A,-14.93711726829521
EVQLVESGGGLVQPGGSLRLSCAASGFNIKDTYIHWVRQAPGKGLEWVARIYPTNGYTRYADSVKGRFTISADTSKNTAYLQMNSLRAEDTAVYYCARDGYPQYGGYGYWGQGTLVTVSSA,6.896983509671685,S97A:W99D:G101Y:D102P:G103Q:F104Y:Y105G:A106G:M107Y:D108G,-14.91258397713812
EVQLVESGGGLVQPGGSLRLSCAASGFNIKDTYIHWVRQAPGKGLEWVARIYPTNGYTRYADSVKGRFTISADTSKNTAYLQMNSLRAEDTAVYYCARYGRDGSYYFDYWGQGTLVTVSSA,6.894489815230026,S97A:W99Y:G101R:F104S:A106Y:M107F,-14.949591217686221
EVQLVESGGGLVQPGGSLRLSCAASGFNIKDTYIHWVRQAPGKGLEWVARIYPTNGYTRYADSVKGRFTISADTSKNTAYLQMNSLRAEDTAVYYCAGYEGYGLYPFAYWGQGTLVTVSSA,6.892450870255314,S97A:R98G:W99Y:G100E:D102Y:F104L:A106P:M107F:D108A,-14.907816163781481
EVQLVESGGGLVQPGGSLRLSCAASGFNIKDTYIHWVRQAPGKGLEWVARIYPTNGYTRYADSVKGRFTISADTSKNTAYLQMNSLRAEDTAVYYCATYYGPYYYAMDYWGQGTLVTVSSA,6.891536458796405,S97A:R98T:W99Y:G100Y:D102P:G103Y:F104Y,-14.911625689718996
EVQLVESGGGLVQPGGSLRLSCAASGFNIKDTYIHWVRQAPGKGLEWVARIYPTNGYTRYADSVKGRFTISADTSKNTAYLQMNSLRAEDTAVYYCARSNYYYGSGFAYWGQGTLVTVSSA,6.890117856800899,S97A:W99S:G100N:G101Y:D102Y:G103Y:F104G:Y105S:A106G:M107F:D108A,-14.921199105714296
EVQLVESGGGLVQPGGSLRLSCAASGFNIKDTYIHWVRQAPGKGLEWVARIYPTNGYTRYADSVKGRFTISADTSKNTAYLQMNSLRAEDTAVYYCSRWGGEGYHAMDYWGQGTLVTVSSA,6.884023570545183,D102E:F104Y:Y105H,-14.931450158185402
EVQLVESGGGLVQPGGSLRLSCAASGFNIKDTYIHWVRQAPGKGLEWVARIYPTNGYTRYADSVKGRFTISADTSKNTAYLQMNSLRAEDTAVYYCVRLGDYGGYAMDYWGQGTLVTVSSA,6.881074247174223,S97V:W99L:G101D:D102Y:F104G,-14.932872180851149
EVQLVESGGGLVQPGGSLRLSCAASGFNIKDTYIHWVRQAPGKGLEWVARIYPTNGYTRYADSVKGRFTISADTSKNTAYLQMNSLRAEDTAVYYCARWWTPANYPFLYWGQGTLVTVSSA,6.876148359032914,S97A:G100W:G101T:D102P:G103A:F104N:A106P:M107F:D108L,-14.90549831395303
EVQLVESGGGLVQPGGSLRLSCAASGFNIKDTYIHWVRQAPGKGLEWVARIDPANGYTRYADSVKGRFTISADTSKNTAYLQMNSLRAEDTAVYYCARVGGRGYYYYDYWGQGTLVTVSSA,6.872992442628673,Y52D:T54A:S97A:W99V:D102R:F104Y:A106Y:M107Y,-14.938713657243394
EVQLVESGGGLVQPGGSLRLSCAASGFNIKDTYIHWVRQAPGKGLEWVARIYPTNGYTRYADSVKGRFTISADTSKNTAYLQMNSLRAEDTAVYYCARSHIGYYGQVALWGQGTLVTVSSA,6.87137459512405,S97A:W99S:G100H:G101I:D102G:G103Y:F104Y:Y105G:A106Q:M107V:D108A:Y109L,-14.893876800818944
EVQLVESGGGLVQPGGSLRLSCAASGFNIKDTYIHWVRQAPGKGLEWVARIYPTNGYTRYADSVKGRFTISADTSKNTAYLQMNSLRAEDTAVYYCASYYAPGSYGFDPWGQGTLVTVSSA,6.869601896347199,S97A:R98S:W99Y:G100Y:G101A:D102P:F104S:A106G:M107F:Y109P,-14.8903568899742
EVQLVESGGGLVQPGGSLRLSCAASGFNIKDTYIHWVRQAPGKGLEWVARIYPTNGYTRYADSVKGRFTISADTSKNTAYLQMNSLRAEDTAVYYCARYGLNHYYVYPYWGQGTLVTVSSA,6.86867010595719,S97A:W99Y:G101L:D102N:G103H:F104Y:A106V:M107Y:D108P,-14.8938337223566
EVQLVESGGGLVQPGGSLRLSCAASGFNIKDTYIHWVRQAPGKGLEWVARIYPTNGYTRYADSVKGRFTISADTSKNTAYLQMNSLRAEDTAVYYCARSYFRFTGDFFYWGQGTLVTVSSA,6.86847757108693,S97A:W99S:G100Y:G101F:D102R:G103F:F104T:Y105G:A106D:M107F:D108F,-14.923711629755287
EVQLVESGGGLVQPGGSLRLSCAASGFNIKDTYIHWVRQAPGKGLEWVARIYPTNGYTRYADSVKGRFTISADTSKNTAYLQMNSLRAEDTAVYYCARWWGYGYYYFAYWGQGTLVTVSSA,6.854648183441539,S97A:G100W:D102Y:F104Y:A106Y:M107F:D108A,-14.937643225895256
EVQLVESGGGLVQPGGSLRLSCAASGFNIKDTYIHWVRQAPGKGLEWVARIYPTNGYTRYADSVKGRFTISADTSKNTAYLQMNSLRAEDTAVYYCSRYYDYNYYFMDYWGQGTLVTVSSA,6.8494584586259135,W99Y:G100Y:G101D:D102Y:G103N:F104Y:A106F,-14.929656290001986
EVQLVESGGGLVQPGGSLRLSCAASGFNIKDTYIHWVRQAPGKGLEWVARIYPTNGYTRYADSVKGRFTISADTSKNTAYLQMNSLRAEDTAVYYCARDGGSSSYSYSYWGQGTLVTVSSA,6.834696307531639,S97A:W99D:D102S:G103S:F104S:A106S:M107Y:D108S,-14.957575338603753
EVQLVESGGGLVQPGGSLRLSCAASGFNIKDTYIHWVRQAPGKGLEWVARIYPTNGYTRYADSVKGRFTISADTSKNTAYLQMNSLRAEDTAVYYCARTTSSIPSSFDYWGQGTLVTVSSA,6.827484636989228,S97A:W99T:G100T:G101S:D102S:G103I:F104P:Y105S:A106S:M107F,-14.914338702746278
EVQLVESGGGLVQPGGSLRLSCAASGFNIKDTYIHWVRQAPGKGLEWVARIYPTNGYTRYADSVKGRFTISADTSKNTAYLQMNSLRAEDTAVYYCARYRYGYYYYMDVWGQGTLVTVSSA,6.8228676829582255,S97A:W99Y:G100R:G101Y:D102G:G103Y:F104Y:A106Y:Y109V,-14.908632362578327
EVQLVESGGGLVQPGGSLRLSCAASGFNIKDTYIHWVRQAPGKGLEWVARIYPTNGYTRYADSVKGRFTISADTSKNTAYLQMNSLRAEDTAVYYCARYGSLTYYAMHYWGQGTLVTVSSA,6.820735535660975,S97A:W99Y:G101S:D102L:G103T:F104Y:D108H,-14.91139686221998
EVQLVESGGGLVQPGGSLRLSCAASGFNIKDTYIHWVRQAPGKGLEWVARIYPTNGYTRYADSVKGRFTISADTSKNTAYLQMNSLRAEDTAVYYCARYYYLDYYYFDYWGQGTLVTVSSA,6.815649325953044,S97A:W99Y:G100Y:G101Y:D102L:G103D:F104Y:A106Y:M107F,-14.93940036514867
EVQLVESGGGLVQPGGSLRLSCAASGFNIKDTYIHWVRQAPGKGLEWVARIYPTNGYTRYADSVKGRFTISADTSKNTAYLQMNSLRAEDTAVYYCARDGYPFYSGMDYWGQGTLVTVSSA,6.813835038272585,S97A:W99D:G101Y:D102P:G103F:F104Y:Y105S:A106G,-14.925261056135279
EVQLVESGGGLVQPGGSLRLSCAASGFNIKDTYIHWVRQAPGKGLEWVARIYPTNGYTRYADSVKGRFTISADTSKNTAYLQMNSLRAEDTAVYYCATSGSVDRYDYVYWGQGTLVTVSSA,6.810565836598972,S97A:R98T:W99S:G101S:D102V:G103D:F104R:A106D:M107Y:D108V,-14.921087173884096
EVQLVESGGGLVQPGGSLRLSCAASGFNIKDTYIHWVRQAPGKGLEWVARIYPTNGYTRYADSVKGRFTISADTSKNTAYLQMNSLRAEDTAVYYCARYNPFDGFYFDVWGQGTLVTVSSA,6.808269606637143,S97A:W99Y:G100N:G101P:D102F:G103D:F104G:Y105F:A106Y:M107F:Y109V,-14.908159320112436
EVQLVESGGGLVQPGGSLRLSCAASGFNIKDTYIHWVRQAPGKGLEWVARIYPTNGYTRYADSVKGRFTISADTSKNTAYLQMNSLRAEDTAVYYCARSSGYYYYGFVYWGQGTLVTVSSA,6.803022864624881,S97A:W99S:G100S:D102Y:G103Y:F104Y:A106G:M107F:D108V,-14.944967220758173
EVQLVESGGGLVQPGGSLRLSCAASGFNIKDTYIHWVRQAPGKGLEWVARIDPADGYTRYADSVKGRFTISADTSKNTAYLQMNSLRAEDTAVYYCAREGGYGYYAMDYWGQGTLVTVSSA,6.79547305700016,Y52D:T54A:N55D:S97A:W99E:D102Y:F104Y,-14.948270574839762
EVQLVESGGGLVQPGGSLRLSCAASGFNIKDTYIHWVRQAPGKGLEWVARIYPTNGYTRYADSVKGRFTISADTSKNTAYLQMNSLRAEDTAVYYCARGYYQDSQSWGYWGQGTLVTVSSA,6.781202001888262,S97A:W99G:G100Y:G101Y:D102Q:G103D:F104S:Y105Q:A106S:M107W:D108G,-14.931948606804742
EVQLVESGGGLVQPGGSLRLSCAASGFNIKDTYIHWVRQAPGKGLEWVARIYPTNGYTRYADSVKGRFTISADTSKNTAYLQMNSLRAEDTAVYYCARVGGYGYYSYDYWGQGTLVTVSSA,6.772936407657174,S97A:W99V:D102Y:F104Y:A106S:M107Y,-14.943912182708786
EVQLVESGGGLVQPGGSLRLSCAASGFNIKDTYIHWVRQAPGKGLEWVARIYPTNGYTRYADSVKGRFTISADTSKNTAYLQMNSLRAEDTAVYYCASSGRLDLYDFRLWGQGTLVTVSSA,6.768224676024905,S97A:R98S:W99S:G101R:D102L:G103D:F104L:A106D:M107F:D108R:Y109L,-14.919097734348428
EVQLVESGGGLVQPGGSLRLSCAASGFNIKDTYIHWVRQAPGKGLEWVARIYPTNGYTRYADSVKGRFTISADTSKNTAYLQMNSLRAEDTAVYYCATGYGYLLYSDHDWGQGTLVTVSSA,6.766445507285477,S97A:R98T:W99G:G100Y:D102Y:G103L:F104L:A106S:M107D:D108H:Y109D,-14.895671090607049
EVQLVESGGGLVQPGGSLRLSCAASGFNIKDTYIHWVRQAPGKGLEWVARIYPTNGYTRYADSVKGRFTISADTSKNTAYLQMNSLRAEDTAVYYCATGSGGGGFSYGYWGQGTLVTVSSA,6.740167300936516,S97A:R98T:W99G:G100S:D102G:F104G:Y105F:A106S:M107Y:D108G,-14.908243694869844
EVQLVESGGGLVQPGGSLRLSCAASGFNIKDTYIHWVRQAPGKGLEWVARIYPTNGYTRYADSVKGRFTISADTSKNTAYLQMNSLRAEDTAVYYCAQYGRGGYWYFDYWGQGTLVTVSSA,6.724780813217851,S97A:R98Q:W99Y:G101R:D102G:F104Y:Y105W:A106Y:M107F,-14.919456117120273
EVQLVESGGGLVQPGGSLRLSCAASGFNIKDTYIHWVRQAPGKGLEWVARIYPTNGYTRYADSVKGRFTISADTSKNTAYLQMNSLRAEDTAVYYCARSYAFLYGRMDYWGQGTLVTVSSA,6.724688645458189,S97A:W99S:G100Y:G101A:D102F:G103L:F104Y:Y105G:A106R,-14.930685461538774
EVQLVESGGGLVQPGGSLRLSCAASGFNIKDTYIHWVRQAPGKGLEWVARIYPTNGYTRYADSVKGRFTISADTSKNTAYLQMNSLRAEDTAVYYCARYSYYGGGAFDYWGQGTLVTVSSA,6.719194071606333,S97A:W99Y:G100S:G101Y:D102Y:F104G:Y105G:M107F,-14.913741607626685
EVQLVESGGGLVQPGGSLRLSCAASGFNIKDYYIHWVRQAPGKGLEWVARIYPSRGYTRYADSVKGRFTISADTSKNTAYLQMNSLRAEDTAVYYCARHGSEGRYTMDVWGQGTLVTVSSA,6.716517852951029,T32Y:T54S:N55R:S97A:W99H:G101S:D102E:F104R:A106T:Y109V,-14.930555741322156
EVQLVESGGGLVQPGGSLRLSCAASGFNIKDTYIHWVRQAPGKGLEWVARIYPTNGYTRYADSVKGRFTISADTSKNTAYLQMNSLRAEDTAVYYCARDSPYYGSLYLYWGQGTLVTVSSA,6.688097868580511,S97A:W99D:G100S:G101P:D102Y:G103Y:F104G:Y105S:A106L:M107Y:D108L,-14.905870698181165
EVQLVESGGGLVQPGGSLRLSCAASGFNIKDTYIHWVRQAPGKGLEWVARIYPANGYTRYADSVKGRFTISADTSKNTAYLQMNSLRAEDTAVYYCAREGGVGYYSFAYWGQGTLVTVSSA,6.671335038558475,T54A:S97A:W99E:D102V:F104Y:A106S:M107F:D108A,-14.949856618086587
EVQLVESGGGLVQPGGSLRLSCAASGFNIKDTYIHWVRQAPGKGLEWVARIYPTNGYTRYADSVKGRFTISADTSKNTAYLQMNSLRAEDTAVYYCSRYSYSGGHAFAYWGQGTLVTVSSA,6.669992299127241,W99Y:G100S:G101Y:D102S:F104G:Y105H:M107F:D108A,-14.907417789582585
EVQLVESGGGLVQPGGSLRLSCAASGFNIKDTYIHWVRQAPGKGLEWVARIYPTNGYTRYADSVKGRFTISADTSKNTAYLQMNSLRAEDTAVYYCARWYGLGSYGLTYWGQGTLVTVSSA,6.65233829087838,S97A:G100Y:D102L:F104S:A106G:M107L:D108T,-14.922384828031158
EVQLVESGGGLVQPGGSLRLSCAASGFNVSSSYIHWVRQAPGKGLEWVARIYPENGSTRYADSVKGRFTISADTSKNTAYLQMNSLRAEDTAVYYCSRYSYYGGYAFDYWGQGTLVTVSSA,6.648010544564368,I29V:K30S:D31S:T32S:T54E:Y57S:W99Y:G100S:G101Y:D102Y:F104G:M107F,-14.885159396747067
EVQLVESGGGLVQPGGSLRLSCAASGFNIKDTYIHWVRQAPGKGLEWVARIYPTNGYTRYADSVKGRFTISADTSKNTAYLQMNSLRAEDTAVYYCARWEQASVGSFGYWGQGTLVTVSSA,6.646179905102587,S97A:G100E:G101Q:D102A:G103S:F104V:Y105G:A106S:M107F:D108G,-14.927311042371905
EVQLVESGGGLVQPGGSLRLSCAASGFNIKDTYIHWVRQAPGKGLEWVARIYPTNGYTRYADSVKGRFTISADTSKNTAYLQMNSLRAEDTAVYYCARSGGYYHYGFVYWGQGTLVTVSSA,6.642160403462019,S97A:W99S:D102Y:G103Y:F104H:A106G:M107F:D108V,-14.959251631617589
EVQLVESGGGLVQPGGSLRLSCAASGFNIKDTYIHWVRQAPGKGLEWVARIYPSNGYTRYADSVKGRFTISADTSKNTAYLQMNSLRAEDTAVYYCARSSGYYSYSYDYWGQGTLVTVSSA,6.638102255904119,T54S:S97A:W99S:G100S:D102Y:G103Y:F104S:A106S:M107Y,-14.975082079223256
EVQLVESGGGLVQPGGSLRLSCAASGFNIKDTYIHWVRQAPGKGLEWVARIYPTNGYTRYADSVKGRFTISADTSKNTAYLQMNSLRAEDTAVYYCARWRYGGAYQFALWGQGTLVTVSSA,6.637310229273836,S97A:G100R:G101Y:D102G:F104A:A106Q:M107F:D108A:Y109L,-14.906939082836768
EVQLVESGGGLVQPGGSLRLSCAASGFNIKDTYIHWVRQAPGKGLEWVARIYPTNGYTRYADSVKGRFTISADTSKNTAYLQMNSLRAEDTAVYYCSRWGTDGVYAMDYWGQGTLVTVSSA,6.63712186421107,G101T:F104V,-14.9165325402692
EVQLVESGGGLVQPGGSLRLSCAASGFNIKDTYIHWVRQAPGKGLEWVARIYPTNGYTRYADSVKGRFTISADTSKNTAYLQMNSLRAEDTAVYYCARDGGMYRYGLYGWGQGTLVTVSSA,6.635824367229381,S97A:W99D:D102M:G103Y:F104R:A106G:M107L:D108Y:Y109G,-14.919747368155
EVQLVESGGGLVQPGGSLRLSCAASGFNIKDTYIHWVRQAPGKGLEWVARIYPTNGYTRYADSVKGRFTISADTSKNTAYLQMNSLRAEDTAVYYCSRWDGDGNYAMDYWGQGTLVTVSSA,6.621093599976739,G100D:F104N,-14.91719199477087
EVQLVESGGGLVQPGGSLRLSCAASGFNIKDTYIHWVRQAPGKGLEWVARIYPTNGYTRYADSVKGRFTISADTSKNTAYLQMNSLRAEDTAVYYCARYGGGPSYRLSYWGQGTLVTVSSA,6.613750803291077,S97A:W99Y:D102G:G103P:F104S:A106R:M107L:D108S,-14.926620942999417
EVQLVESGGGLVQPGGSLRLSCAASGFNIKDTYIHWVRQAPGKGLEWVARIYPTNGYTRYADSVKGRFTISADTSKNTAYLQMNSLRAEDTAVYYCARWSGGSLYALDYWGQGTLVTVSSA,6.600845666041783,S97A:G100S:D102G:G103S:F104L:M107L,-14.934676646473326
EVQLVESGGGLVQPGGSLRLSCAASGFNIKDTYIHWVRQAPGKGLEWVARIYPTNGYTRYADSVKGRFTISADTSKNTAYLQMNSLRAEDTAVYYCSRKGGDGFYGMDYWGQGTLVTVSSA,6.596553451224123,W99K:A106G,-14.911101534511742
EVQLVESGGGLVQPGGSLRLSCAASGFNIKDTYIHWVRQAPGKGLEWVARIYPTNGYTRYADSVKGRFTISADTSKNTAYLQMNSLRAEDTAVYYCARGHYSLGYSFDFWGQGTLVTVSSA,6.591760034688151,S97A:W99G:G100H:G101Y:D102S:G103L:F104G:A106S:M107F:Y109F,-14.938426988869926
EVQLVESGGGLVQPGGSLRLSCAASGFNIKDTYIHWVRQAPGKGLEWVARIYPTNGYTRYADSVKGRFTISADTSKNTAYLQMNSLRAEDTAVYYCSRRGGDYFYAMDYWGQGTLVTVSSA,6.591353074344235,W99R:G103Y,-14.923410678905833
EVQLVESGGGLVQPGGSLRLSCAASGFNIKDTYIHWVRQAPGKGLEWVARIYPTNGYTRYADSVKGRFTISADTSKNTAYLQMNSLRAEDTAVYYCARDGGIAYYYFAYWGQGTLVTVSSA,6.589982391796948,S97A:W99D:D102I:G103A:F104Y:A106Y:M107F:D108A,-14.958297014209823
EVQLVESGGGLVQPGGSLRLSCAASGFNIKDTYIHWVRQAPGKGLEWVARIYPTNGYTRYADSVKGRFTISADTSKNTAYLQMNSLRAEDTAVYYCARYGGRSSYYFDYWGQGTLVTVSSA,6.589864140580731,S97A:W99Y:D102R:G103S:F104S:A106Y:M107F,-14.967046914069394
EVQLVESGGGLVQPGGSLRLSCAASGFNIKDTYIHWVRQAPGKGLEWVARIYPTNGYTRYADSVKGRFTISADTSKNTAYLQMNSLRAEDTAVYYCSRSGGDQFYAMDYWGQGTLVTVSSA,6.573179800036645,W99S:G103Q,-14.938872925693364
EVQLVESGGGLVQPGGSLRLSCAASGFNIKDTYIHWVRQAPGKGLEWVARIDPENGYTRYADSVKGRFTISADTSKNTAYLQMNSLRAEDTAVYYCARVGGYGYYYYDYWGQGTLVTVSSA,6.556987488783215,Y52D:T54E:S97A:W99V:D102Y:F104Y:A106Y:M107Y,-14.944709316520564
EVQLVESGGGLVQPGGSLRLSCAASGFNIKDTYIHWVRQAPGKGLEWVARIYPTNGYTRYADSVKGRFTISADTSKNTAYLQMNSLRAEDTAVYYCARDGIYGYGGFAYWGQGTLVTVSSA,6.556674416046255,S97A:W99D:G101I:D102Y:F104Y:Y105G:A106G:M107F:D108A,-14.920872526545134
EVQLVESGGGLVQPGGSLRLSCAASGFNIKDTYIHWVRQAPGKGLEWVARIYPTNGYTRYADSVKGRFTISADTSKNTAYLQMNSLRAEDTAVYYCARDVYVGSPVFDYWGQGTLVTVSSA,6.5562364930224994,S97A:W99D:G100V:G101Y:D102V:F104S:Y105P:A106V:M107F,-14.94358395579522
EVQLVESGGGLVQPGGSLRLSCAASGFNIKDTYIHWVRQAPGKGLEWVARIYPTNGYTRYADSVKGRFTISADTSKNTAYLQMNSLRAEDTAVYYCARSNNWYSYSFQFWGQGTLVTVSSA,6.555955204081924,S97A:W99S:G100N:G101N:D102W:G103Y:F104S:A106S:M107F:D108Q:Y109F,-14.955446300448891
EVQLVESGGGLVQPGGSLRLSCAASGFNIKDTYIHWVRQAPGKGLEWVARIYPTNGYTRYADSVKGRFTISADTSKNTAYLQMNSLRAEDTAVYYCSRWGADGFTAMDYWGQGTLVTVSSA,6.551649298004096,G101A:Y105T,-14.908299136034895
EVQLVESGGGLVQPGGSLRLSCAASGFNIKDTYIHWVRQAPGKGLEWVARIYPTNGYTRYADSVKGRFTISADTSKNTAYLQMNSLRAEDTAVYYCAYMGSHTIYSFEHWGQGTLVTVSSA,6.521433504406157,S97A:R98Y:W99M:G101S:D102H:G103T:F104I:A106S:M107F:D108E:Y109H,-14.93617848400608
EVQLVESGGGLVQPGGSLRLSCAASGFNIKDTYIHWVRQAPGKGLEWVARIYPTNGYTRYADSVKGRFTISADTSKNTAYLQMNSLRAEDTAVYYCSRWGLDGVYAMDYWGQGTLVTVSSA,6.520323937131855,G101L:F104V,-14.915320007663775
EVQLVESGGGLVQPGGSLRLSCAASGFNIKDTYIHWVRQAPGKGLEWVARIYPTNGYTRYADSVKGRFTISADTSKNTAYLQMNSLRAEDTAVYYCARSGGGSYYYYDYWGQGTLVTVSSA,6.512112511761912,S97A:W99S:D102G:G103S:F104Y:A106Y:M107Y,-14.931079418281989
EVQLVESGGGLVQPGGSLRLSCAASGFNIKDTYIHWVRQAPGKGLEWVARIYPTNGYTRYADSVKGRFTISADTSKNTAYLQMNSLRAEDTAVYYCSRWGGDGFTFMDYWGQGTLVTVSSA,6.5074072167442925,Y105T:A106F,-14.924763550745531
EVQLVESGGGLVQPGGSLRLSCAASGFNIKDTYIHWVRQAPGKGLEWVARIYPTNGYTRYADSVKGRFTISADTSKNTAYLQMNSLRAEDTAVYYCATSGTASWQHYGVWGQGTLVTVSSA,6.4922115705718575,S97A:R98T:W99S:G101T:D102A:G103S:F104W:Y105Q:A106H:M107Y:D108G:Y109V,-14.876451835019662
EVQLVESGGGLVQPGGSLRLSCAASGFNIKDTYIHWVRQAPGKGLEWVARIYPTNGYTRYADSVKGRFTISADTSKNTAYLQMNSLRAEDTAVYYCARLGASHGYLYDDWGQGTLVTVSSA,6.484695879289678,S97A:W99L:G101A:D102S:G103H:F104G:A106L:M107Y:Y109D,-14.883257765301463
EVQLVESGGGLVQPGGSLRLSCAASGFNIKDTYIHWVRQAPGKGLEWVARIYPTNGYTRYADSVKGRFTISADTSKNTAYLQMNSLRAEDTAVYYCARSTGSGFYSYDYWGQGTLVTVSSA,6.481525543233364,S97A:W99S:G100T:D102S:A106S:M107Y,-14.954069484007332
EVQLVESGGGLVQPGGSLRLSCAASGFNIKDTYIHWVRQAPGKGLEWVARIYPTNGYTRYADSVKGRFTISADTSKNTAYLQMNSLRAEDTAVYYCARSGGYYTYGFDYWGQGTLVTVSSA,6.471533245943799,S97A:W99S:D102Y:G103Y:F104T:A106G:M107F,-14.9629110710988
EVQLVESGGGLVQPGGSLRLSCAASGFNIKDTYIHWVRQAPGKGLEWVARIYPSNGYTRYADSVKGRFTISADTSKNTAYLQMNSLRAEDTAVYYCARSGYYYSYSFDYWGQGTLVTVSSA,6.458970211449147,T54S:S97A:W99S:G101Y:D102Y:G103Y:F104S:A106S:M107F,-14.95178096274047
EVQLVESGGGLVQPGGSLRLSCAASGFNIKDTYIHWVRQAPGKGLEWVARIYPTNGYTRYADSVKGRFTISADTSKNTAYLQMNSLRAEDTAVYYCTRYSYYGYHAMDYWGQGTLVTVSSA,6.451549158419995,S97T:W99Y:G100S:G101Y:D102Y:F104Y:Y105H,-14.907795104559929
EVQLVESGGGLVQPGGSLRLSCAASGFNIKDTYIHWVRQAPGKGLEWVARIYPTNGYTRYADSVKGRFTISADTSKNTAYLQMNSLRAEDTAVYYCARDYDFGLSVGAVWGQGTLVTVSSA,6.44660248987612,S97A:W99D:G100Y:G101D:D102F:F104L:Y105S:A106V:M107G:D108A:Y109V,-14.883442160593125
EVQLVESGGGLVQPGGSLRLSCAASGFNIKDTYIHWVRQAPGKGLEWVARIYPTNGYTRYADSVKGRFTISADTSKNTAYLQMNSLRAEDTAVYYCSRYSYSGGGSFDYWGQGTLVTVSSA,6.441471423037927,W99Y:G100S:G101Y:D102S:F104G:Y105G:A106S:M107F,-14.908550882756936
EVQLVESGGGLVQPGGSLRLSCAASGFNIKDTYIHWVRQAPGKGLEWVARIYPTNGYTRYADSVKGRFTISADTSKNTAYLQMNSLRAEDTAVYYCARDGGGGVYAFTYWGQGTLVTVSSA,6.43937612545007,S97A:W99D:D102G:F104V:M107F:D108T,-14.948512559891965
EVQLVESGGGLVQPGGSLRLSCAASGFNIKDTYIHWVRQAPGKGLEWVARIYPTNGYTRYADSVKGRFTISADTSKNTAYLQMNSLRAEDTAVYYCARYSGDSYYYYDYWGQGTLVTVSSA,6.436257941704293,S97A:W99Y:G100S:G103S:F104Y:A106Y:M107Y,-14.952607792355549
EVQLVESGGGLVQPGGSLRLSCAASGFNIKDTYIHWVRQAPGKGLEWVARIYPTNGYTRYADSVKGRFTISADTSKNTAYLQMNSLRAEDTAVYYCARYHYRTIGSFGYWGQGTLVTVSSA,6.435333935747911,S97A:W99Y:G100H:G101Y:D102R:G103T:F104I:Y105G:A106S:M107F:D108G,-14.923456985295008
EVQLVESGGGLVQPGGSLRLSCAASGFNIKDTYIHWVRQAPGKGLEWVARIYPTNGYTRYADSVKGRFTISADTSKNTAYLQMNSLRAEDTAVYYCAWASGYGGYGMDYWGQGTLVTVSSA,6.433586079379844,S97A:R98W:W99A:G100S:D102Y:F104G:A106G,-14.931056432158227
EVQLVESGGGLVQPGGSLRLSCAASGFNIKDTYIHWVRQAPGKGLEWVARIYPTNGYTRYADSVKGRFTISADTSKNTAYLQMNSLRAEDTAVYYCARYRDGYDYYFDYWGQGTLVTVSSA,6.418824322981798,S97A:W99Y:G100R:G101D:D102G:G103Y:F104D:A106Y:M107F,-14.943910187143858
EVQLVESGGGLVQPGGSLRLSCAASGFNIKDTYIHWVRQAPGKGLEWVARIYPTNGYTRYADSVKGRFTISADTSKNTAYLQMNSLRAEDTAVYYCSRWGGDGFQHMDYWGQGTLVTVSSA,6.404514801016897,Y105Q:A106H,-14.923245730675006
EVQLVESGGGLVQPGGSLRLSCAASGFNIKDTWIHWVRQAPGKGLEWVARIDPANGYTRYADSVKGRFTISADTSKNTAYLQMNSLRAEDTAVYYCARVGGRGYYYYDYWGQGTLVTVSSA,6.404349487748598,Y33W:Y52D:T54A:S97A:W99V:D102R:F104Y:A106Y:M107Y,-14.940470217676848
EVQLVESGGGLVQPGGSLRLSCAASGFNIKDTYIHWVRQAPGKGLEWVARIYPTNGYTRYADSVKGRFTISADTSKNTAYLQMNSLRAEDTAVYYCARDGGRGRYAMDYWGQGTLVTVSSA,6.395363613701377,S97A:W99D:D102R:F104R,-14.959236169600784
EVQLVESGGGLVQPGGSLRLSCAASGFNIKDTYIHWVRQAPGKGLEWVARIYPTNGYTRYADSVKGRFTISADTSKNTAYLQMNSLRAEDTAVYYCARYSGSSYYYYDYWGQGTLVTVSSA,6.374019126688331,S97A:W99Y:G100S:D102S:G103S:F104Y:A106Y:M107Y,-14.952059432792453
EVQLVESGGGLVQPGGSLRLSCAASGFNIKDTYIHWVRQAPGKGLEWVARIYPTNGYTRYADSVKGRFTISADTSKNTAYLQMNSLRAEDTAVYYCARYGGSSNYYYDYWGQGTLVTVSSA,6.35591608142317,S97A:W99Y:D102S:G103S:F104N:A106Y:M107Y,-14.968167347561748
EVQLVESGGGLVQPGGSLRLSCAASGFNIKDTYIHWVRQAPGKGLEWVARIYPTNGYTRYADSVKGRFTISADTSKNTAYLQMNSLRAEDTAVYYCATGLSPSGSNGPYWGQGTLVTVSSA,6.352362787729886,S97A:R98T:W99G:G100L:G101S:D102P:G103S:F104G:Y105S:A106N:M107G:D108P,-14.863144583546363
EVQLVESGGGLVQPGGSLRLSCAASGFNIKDTYIHWVRQAPGKGLEWVARIYPTNGYTRYADSVKGRFTISADTSKNTAYLQMNSLRAEDTAVYYCVRSGYDYYSWFAYWGQGTLVTVSSA,6.332229614493109,S97V:W99S:G101Y:G103Y:F104Y:Y105S:A106W:M107F:D108A,-14.928018218279933
EVQLVESGGGLVQPGGSLRLSCAASGFNIKDTYIHWVRQAPGKGLEWVARIYPANGYTRYADSVKGRFTISADTSKNTAYLQMNSLRAEDTAVYYCASSGGGYSYYYTYWGQGTLVTVSSA,6.3225938180200565,T54A:S97A:R98S:W99S:D102G:G103Y:F104S:A106Y:M107Y:D108T,-14.910540815375478
EVQLVESGGGLVQPGGSLRLSCAASGFNIKDTYIHWVRQAPGKGLEWVARIYPTNGYTRYADSVKGRFTISADTSKNTAYLQMNSLRAEDTAVYYCARYSYYGGGYFDYWGQGTLVTVSSA,6.3209811505990245,S97A:W99Y:G100S:G101Y:D102Y:F104G:Y105G:A106Y:M107F,-14.91535978392488
EVQLVESGGGLVQPGGSLRLSCAASGFNIKDTYIHWVRQAPGKGLEWVARIYPTNGYTRYADSVKGRFTISADTSKNTAYLQMNSLRAEDTAVYYCARSYGSGSYSFDYWGQGTLVTVSSA,6.305640532097788,S97A:W99S:G100Y:D102S:F104S:A106S:M107F,-14.946955202452973
EVQLVESGGGLVQPGGSLRLSCAASGFNIKDTYIHWVRQAPGKGLEWVARIYPTNGYTRYADSVKGRFTISADTSKNTAYLQMNSLRAEDTAVYYCARGYAYYVAGREYWGQGTLVTVSSA,6.304518323509803,S97A:W99G:G100Y:G101A:D102Y:G103Y:F104V:Y105A:A106G:M107R:D108E,-14.911809680147021
EVQLVESGGGLVQPGGSLRLSCAASGFNIKDTYIHWVRQAPGKGLEWVARIYPTNGYTRYADSVKGRFTISADTSKNTAYLQMNSLRAEDTAVYYCSRYSYYGGGGFDYWGQGTLVTVSSA,6.302997456541026,W99Y:G100S:G101Y:D102Y:F104G:Y105G:A106G:M107F,-14.901464622607355
EVQLVESGGGLVQPGGSLRLSCAASGFNIKDTYIHWVRQAPGKGLEWVARIYPTSGYTRYADSVKGRFTISADTSKNTAYLQMNSLRAEDTAVYYCASDGGVSSYSFDYWGQGTLVTVSSA,6.265640286465304,N55S:S97A:R98S:W99D:D102V:G103S:F104S:A106S:M107F,-14.948710883551978
EVQLVESGGGLVQPGGSLRLSCAASGFNIKDTYIHWVRQAPGKGLEWVARIYPANGYTRYADSVKGRFTISADTSKNTAYLQMNSLRAEDTAVYYCASSGGSSSYYYNYWGQGTLVTVSSA,6.256631364710342,T54A:S97A:R98S:W99S:D102S:G103S:F104S:A106Y:M107Y:D108N,-14.927800923286563
EVQLVESGGGLVQPGGSLRLSCAASGFNIKDTYIHWVRQAPGKGLEWVARIYPTNGYTRYADSVKGRFTISADTSKNTAYLQMNSLRAEDTAVYYCARSRGSSSYMMDYWGQGTLVTVSSA,6.247068488349481,S97A:W99S:G100R:D102S:G103S:F104S:A106M,-14.962829319211751
EVQLVESGGGLVQPGGSLRLSCAASGFNIKDTYIHWVRQAPGKGLEWVARIYPTNGYTRYADSVKGRFTISADTSKNTAYLQMNSLRAEDTAVYYCARDRGVSGYYLYYWGQGTLVTVSSA,6.246593145685108,S97A:W99D:G100R:D102V:G103S:F104G:A106Y:M107L:D108Y,-14.934486236103938
EVQLVESGGGLVQPGGSLRLSCAASGFNIKDTYIHWVRQAPGKGLEWVARIYPTNGYTRYADSVKGRFTISADTSKNTAYLQMNSLRAEDTAVYYCARNYYGAAYYFDYWGQGTLVTVSSA,6.244208963631403,S97A:W99N:G100Y:G101Y:D102G:G103A:F104A:A106Y:M107F,-14.930755996815126
EVQLVESGGGLVQPGGSLRLSCAASGFNIKDTYIHWVRQAPGKGLEWVARIYPSSGYTRYADSVKGRFTISADTSKNTAYLQMNSLRAEDTAVYYCASSGGRYYYYYDYWGQGTLVTVSSA,6.228758034539023,T54S:N55S:S97A:R98S:W99S:D102R:G103Y:F104Y:A106Y:M107Y,-14.91956243699934
EVQLVESGGGLVQPGGSLRLSCAASGFNIKDTYIHWVRQAPGKGLEWVARIYPTNGYTRYADSVKGRFTISADTSKNTAYLQMNSLRAEDTAVYYCARTDIIYSGHFAYWGQGTLVTVSSA,6.220252037085032,S97A:W99T:G100D:G101I:D102I:G103Y:F104S:Y105G:A106H:M107F:D108A,-14.915069641078713
EVQLVESGGGLVQPGGSLRLSCAASGFNIKDTYIHWVRQAPGKGLEWVARIYPTNGYTRYADSVKGRFTISADTSKNTAYLQMNSLRAEDTAVYYCARSGGSGYYSYNYWGQGTLVTVSSA,6.21965387989447,S97A:W99S:D102S:F104Y:A106S:M107Y:D108N,-14.939838865195448
EVQLVESGGGLVQPGGSLRLSCAASGFNIKDTYIHWVRQAPGKGLEWVARIYPTNGYTRYADSVKGRFTISADTSKNTAYLQMNSLRAEDTAVYYCARFMGGGYTSSDYWGQGTLVTVSSA,6.195724232870906,S97A:W99F:G100M:D102G:F104Y:Y105T:A106S:M107S,-14.914129657728166
EVQLVESGGGLVQPGGSLRLSCAASGFNFKDTYIHWVRQAPGKGLEWVARIYPANGYTRYADSVKGRFTISADTSKNTAYLQMNSLRAEDTAVYYCASDGGSYSYAFDYWGQGTLVTVSSA,6.192302649192609,I29F:T54A:S97A:R98S:W99D:D102S:G103Y:F104S:M107F,-14.9421052099193
EVQLVESGGGLVQPGGSLRLSCAASGFNIKDTYIHWVRQAPGKGLEWVARIYPTNGYTRYADSVKGRFTISADTSKNTAYLQMNSLRAEDTAVYYCARSSGSSYYGFDYWGQGTLVTVSSA,6.175249543960697,S97A:W99S:G100S:D102S:G103S:F104Y:A106G:M107F,-14.940185365890803
EVQLVESGGGLVQPGGSLRLSCAASGFNIKDTYIHWVRQAPGKGLEWVARIYPEDGSTRYADSVKGRFTISADTSKNTAYLQMNSLRAEDTAVYYCARSGGSSTYAYDYWGQGTLVTVSSA,6.174457047415913,T54E:N55D:Y57S:S97A:W99S:D102S:G103S:F104T:M107Y,-14.949218213648308
EVQLVESGGGLVQPGGSLRLSCAASGFNIKDTYIHWVRQAPGKGLEWVARIYPTNGYTRYADSVKGRFTISADTSKNTAYLQMNSLRAEDTAVYYCARSGGSSFYGMDYWGQGTLVTVSSA,6.167471927665727,S97A:W99S:D102S:G103S:A106G,-14.945815008583844
EVQLVESGGGLVQPGGSLRLSCAASGFNIKDTYIHWVRQAPGKGLEWVARIYPTNGYTRYADSVKGRFTISADTSKNTAYLQMNSLRAEDTAVYYCARGYYDTSQSHAYWGQGTLVTVSSA,6.147032308971181,S97A:W99G:G100Y:G101Y:G103T:F104S:Y105Q:A106S:M107H:D108A,-14.928901829622797
EVQLVESGGGLVQPGGSLRLSCAASGFNIKDTYIHWVRQAPGKGLEWVARIYSSDGYTRYADSVKGRFTISADTSKNTAYLQMNSLRAEDTAVYYCARSGGSSYYYYDYWGQGTLVTVSSA,6.091713407874497,P53S:T54S:N55D:S97A:W99S:D102S:G103S:F104Y:A106Y:M107Y,-14.93912570133798
EVQLVESGGGLVQPGGSLRLSCAASGFNIKDTYIHWVRQAPGKGLEWVARIYPTNGYTRYADSVKGRFTISADTSKNTAYLQMNSLRAEDTAVYYCARYSGSGGNAFAYWGQGTLVTVSSA,6.063712511489185,S97A:W99Y:G100S:D102S:F104G:Y105N:M107F:D108A,-14.925059484037877
EVQLVESGGGLVQPGGSLRLSCAASGFNIKDTYIHWVRQAPGKGLEWVARIYPTNGYTRYADSVKGRFTISADTSKNTAYLQMNSLRAEDTAVYYCARTGGSSYYAYDYWGQGTLVTVSSA,6.045159541100713,S97A:W99T:D102S:G103S:F104Y:M107Y,-14.92874716118937
EVQLVESGGGLVQPGGSLRLSCAASGFNIKDTYIHWVRQAPGKGLEWVARIYPSNGYTRYADSVKGRFTISADTSKNTAYLQMNSLRAEDTAVYYCARYRGSSSYYFDYWGQGTLVTVSSA,6.042617819126254,T54S:S97A:W99Y:G100R:D102S:G103S:F104S:A106Y:M107F,-14.981114928499698
EVQLVESGGGLVQPGGSLRLSCAASGFNIKDTYIHWVRQAPGKGLEWVARIYPTNGYTRYADSVKGRFTISADTSKNTAYLQMNSLRAEDTAVYYCARHYYGWSSGYDYWGQGTLVTVSSA,6.018022920110226,S97A:W99H:G100Y:G101Y:D102G:G103W:F104S:Y105S:A106G:M107Y,-14.903660838493973
EVQLVESGGGLVQPGGSLRLSCAASGFNIKDTYIHWVRQAPGKGLEWVARIYPTNGYTRYADSVKGRFTISADTSKNTAYLQMNSLRAEDTAVYYCARSAGIGYYAMDYWGQGTLVTVSSA,6.0024738249901,S97A:W99S:G100A:D102I:F104Y,-14.93846658338938
EVQLVESGGGLVQPGGSLRLSCAASGFNIKDTYIHWVRQAPGKGLEWVARIYPTNGYTRYADSVKGRFTISADTSKNTAYLQMNSLRAEDTAVYYCSRYGYSGYGAFDYWGQGTLVTVSSA,5.977951235241623,W99Y:G101Y:D102S:F104Y:Y105G:M107F,-14.918576914245927
EVQLVESGGGLVQPGGSLRLSCAASGFNIKDTYIHWVRQAPGKGLEWVARIYPTNGYTRYADSVKGRFTISADTSKNTAYLQMNSLRAEDTAVYYCARSGGSYSYSFDVWGQGTLVTVSSA,5.972523996263773,S97A:W99S:D102S:G103Y:F104S:A106S:M107F:Y109V,-14.936613958567786
EVQLVESGGGLVQPGGSLRLSCAASGFNIKDTYIHWVRQAPGKGLEWVARIYPTNGYTRYADSVKGRFTISADTSKNTAYLQMNSLRAEDTAVYYCARSGGSSYYYYDYWGQGTLVTVSSA,5.971807089838353,S97A:W99S:D102S:G103S:F104Y:A106Y:M107Y,-14.94370112847368
EVQLVESGGGLVQPGGSLRLSCAASGFNISDYYIHWVRQAPGKGLEWVARIYPSSGYTRYADSVKGRFTISADTSKNTAYLQMNSLRAEDTAVYYCARDGGVGSYSMDVWGQGTLVTVSSA,5.878446721160414,K30S:T32Y:T54S:N55S:S97A:W99D:D102V:F104S:A106S:Y109V,-14.930091981838286
EVQLVESGGGLVQPGGSLRLSCAASGFNIKDTYIHWVRQAPGKGLEWVARIYPTNGYTRYADSVKGRFTISADTSKNTAYLQMNSLRAEDTAVYYCARSGGRYTYGFDYWGQGTLVTVSSA,5.851505315338953,S97A:W99S:D102R:G103Y:F104T:A106G:M107F,-14.95536349394665
EVQLVESGGGLVQPGGSLRLSCAASGFNIKDTYIHWVRQAPGKGLEWVARIYPTNGYTRYADSVKGRFTISADTSKNTAYLQMNSLRAEDTAVYYCASSGGSSSYSYSYWGQGTLVTVSSA,5.799149501908922,S97A:R98S:W99S:D102S:G103S:F104S:A106S:M107Y:D108S,-14.92111478811595
EVQLVESGGGLVQPGGSLRLSCAASGFNIKDTYIHWVRQAPGKGLEWVARIYPADGYTRYADSVKGRFTISADTSKNTAYLQMNSLRAEDTAVYYCASSGGSSYYYYDYWGQGTLVTVSSA,5.77660011805128,T54A:N55D:S97A:R98S:W99S:D102S:G103S:F104Y:A106Y:M107Y,-14.925084851199946
EVQLVESGGGLVQPGGSLRLSCAASGFNVKDTYIHWVRQAPGKGLEWVARIYPSDGYTRYADSVKGRFTISADTSKNTAYLQMNSLRAEDTAVYYCASSGGSSYYYYDYWGQGTLVTVSSA,5.769934448793953,I29V:T54S:N55D:S97A:R98S:W99S:D102S:G103S:F104Y:A106Y:M107Y,-14.922340336454827
EVQLVESGGGLVQPGGSLRLSCAASGFNIKDTYIHWVRQAPGKGLEWVARIYPTNGYTRYADSVKGRFTISADTSKNTAYLQMNSLRAEDTAVYYCASSGGSSSYSYYYWGQGTLVTVSSA,5.763256220640341,S97A:R98S:W99S:D102S:G103S:F104S:A106S:M107Y:D108Y,-14.914850904692553
EVQLVESGGGLVQPGGSLRLSCAASGFNIKDTYIHWVRQAPGKGLEWVARIYPTNGYTRYADSVKGRFTISADTSKNTAYLQMNSLRAEDTAVYYCARSGGSGYYYYDYWGQGTLVTVSSA,5.737451620218279,S97A:W99S:D102S:F104Y:A106Y:M107Y,-14.939715350198517
EVQLVESGGGLVQPGGSLRLSCAASGFNIKDTYIHWVRQAPGKGLEWVARIYPTNGYTRYADSVKGRFTISADTSKNTAYLQMNSLRAEDTAVYYCARYSSSGGSAFDYWGQGTLVTVSSA,5.701939852521577,S97A:W99Y:G100S:G101S:D102S:F104G:Y105S:M107F,-14.918635409756966
EVQLVESGGGLVQPGGSLRLSCAASGFNIKDTYIHWVRQAPGKGLEWVARIYPTNGYTRYADSVKGRFTISADTSKNTAYLQMNSLRAEDTAVYYCARVGGRGYYAYDYWGQGTLVTVSSA,5.640847788553105,S97A:W99V:D102R:F104Y:M107Y,-14.931047307260641
EVQLVESGGGLVQPGGSLRLSCAASGFNIKDTYIHWVRQAPGKGLEWVARIYPTNGYTRYADSVKGRFTISADTSKNTAYLQMNSLRAEDTAVYYCAVSGGSSSYSYQYWGQGTLVTVSSA,5.615972922206005,S97A:R98V:W99S:D102S:G103S:F104S:A106S:M107Y:D108Q,-14.929006995435332
EVQLVESGGGLVQPGGSLRLSCAASGFNIKDTYIHWVRQAPGKGLEWVARIYPTNGYTRYADSVKGRFTISADTSKNTAYLQMNSLRAEDTAVYYCARDGGSGYYAYDYWGQGTLVTVSSA,5.597927856364727,S97A:W99D:D102S:F104Y:M107Y,-14.937334340725416
