,mut_heavy_chain_seq,binding_score,EpitopeSASA (mut)
0,EVQLVESGGGLVQPGGSLRLSCAASGFNIKDTYIHWVRQAPGKGLEWVARIYPTNGYTRYADSVKGRFTISADTSKNTAYLQMNSLRAEDTAVYYCARWGGYGFYAMDYWGQGTLVTVSSA,9.2518119729938,0.9992663491957239
1,EVQLVESGGGLVQPGGSLRLSCAASGFNIKDTYIHWVRQAPGKGLEWVARIYPTNGYTRYADSVKGRFTISADTSKNTAYLQMNSLRAEDTAVYYCTRWYYFIYYYMDVWGQGTLVTVSSA,9.060480747381382,2.622305323149802
2,EVQLVESGGGLVQPGGSLRLSCAASGFNIKDTYIHWVRQAPGKGLEWVARIYPTNGYTRYADSVKGRFTISADTSKNTAYLQMNSLRAEDTAVYYCTRYFFNGWYYFDVWGQGTLVTVSSA,9.0268721464003,2.028569799682989
3,EVQLVESGGGLVQPGGSLRLSCAASGFNIKDTYIHWVRQAPGKGLEWVARIYPTNGYTRYADSVKGRFTISADTSKNTAYLQMNSLRAEDTAVYYCARYYGYGGYWFAYWGQGTLVTVSSA,9.008773924307503,0.9481911469184161
4,EVQLVESGGGLVQPGGSLRLSCAASGFNIKDTYIHWVRQAPGKGLEWVARIYPTNGYTRYADSVKGRFTISADTSKNTAYLQMNSLRAEDTAVYYCSRWGGWGFYSMDYWGQGTLVTVSSA,8.97061622231479,2.1803243126317664
5,EVQLVESGGGLVQPGGSLRLSCAASGFNIKDTYIHWVRQAPGKGLEWVARIYPTNGYTRYADSVKGRFTISADTSKNTAYLQMNSLRAEDTAVYYCSRWHGYGFYAMDYWGQGTLVTVSSA,8.694648630553376,0.9992663491957239
6,EVQLVESGGGLVQPGGSLRLSCAASGFNIKDTYIHWVRQAPGKGLEWVARIYPTNGYTRYADSVKGRFTISADTSKNTAYLQMNSLRAEDTAVYYCTRWLEGLSYFMDYWGQGTLVTVSSA,8.619788758288394,2.525442819252553
7,EVQLVESGGGLVQPGGSLRLSCAASGFNIKDTYIHWVRQAPGKGLEWVARIYPTNGYTRYADSVKGRFTISADTSKNTAYLQMNSLRAEDTAVYYCTRYGGRGAYYFDVWGQGTLVTVSSA,8.595166283380062,1.0078268264029484
8,EVQLVESGGGLVQPGGSLRLSCAASGFNIKDTYIHWVRQAPGKGLEWVARIYPTNGYTRYADSVKGRFTISADTSKNTAYLQMNSLRAEDTAVYYCARWPFYGPYNYDYWGQGTLVTVSSA,8.578396073130168,2.159435703506959
9,EVQLVESGGGLVQPGGSLRLSCAASGFNIKDTYIHWVRQAPGKGLEWVARIYPTNGYTRYADSVKGRFTISADTSKNTAYLQMNSLRAEDTAVYYCARWIDGYSYFMDYWGQGTLVTVSSA,8.578396073130168,2.0403428158345296
10,EVQLVESGGGLVQPGGSLRLSCAASGFNIKDTYIHWVRQAPGKGLEWVARIYPTNGYTRYADSVKGRFTISADTSKNTAYLQMNSLRAEDTAVYYCTRYYYGGPYYFDYWGQGTLVTVSSA,8.52432881167557,2.145210074738089
11,EVQLVESGGGLVQPGGSLRLSCAASGFNIKDTYIHWVRQAPGKGLEWVARIYPTNGYTRYADSVKGRFTISADTSKNTAYLQMNSLRAEDTAVYYCARYGLGDWYYFAYWGQGTLVTVSSA,8.522878745280337,2.4210596475799493
12,EVQLVESGGGLVQPGGSLRLSCAASGFNIKDTYIHWVRQAPGKGLEWVARIYPTNGYTRYADSVKGRFTISADTSKNTAYLQMNSLRAEDTAVYYCARYEAYGLYPFGYWGQGTLVTVSSA,8.469800301796917,2.0643369596619943
13,EVQLVESGGGLVQPGGSLRLSCAASGFNIKDTYIHWVRQAPGKGLEWVARIYPTNGYTRYADSVKGRFTISADTSKNTAYLQMNSLRAEDTAVYYCARWLGEGYYNFDYWGQGTLVTVSSA,8.465973893943865,0.9992663491957239
14,EVQLVESGGGLVQPGGSLRLSCAASGFNIKDTYIHWVRQAPGKGLEWVARIYPTNGYTRYADSVKGRFTISADTSKNTAYLQMNSLRAEDTAVYYCSRWGGRGFYAMDYWGQGTLVTVSSA,8.455931955649724,0.9992663491957239
15,EVQLVESGGGLVQPGGSLRLSCAASGFNIKDTYIHWVRQAPGKGLEWVARIYPTNGYTRYADSVKGRFTISADTSKNTAYLQMNSLRAEDTAVYYCANDIYIQGYDLNRWGQGTLVTVSSA,8.399027104313252,2.690093969878414
16,EVQLVESGGGLVQPGGSLRLSCAASGFNIKDTYIHWVRQAPGKGLEWVARIYPTNGYTRYADSVKGRFTISADTSKNTAYLQMNSLRAEDTAVYYCARWTAGYTYYMDYWGQGTLVTVSSA,8.388276691992658,2.3217589561477956
17,EVQLVESGGGLVQPGGSLRLSCAASGFNIKDTYIHWVRQAPGKGLEWVARIYPTNGYTRYADSVKGRFTISADTSKNTAYLQMNSLRAEDTAVYYCTRWGYYGYYAMDYWGQGTLVTVSSA,8.341035157335565,2.1695881226295324
18,EVQLVESGGGLVQPGGSLRLSCAASGFNIKDTYIHWVRQAPGKGLEWVARIYPTNGYTRYADSVKGRFTISADTSKNTAYLQMNSLRAEDTAVYYCARWWYYGYYYFDVWGQGTLVTVSSA,8.330683119433887,0.9992663491957239
19,EVQLVESGGGLVQPGGSLRLSCAASGFNIKDTYIHWVRQAPGKGLEWVARIYPTNGYTRYADSVKGRFTISADTSKNTAYLQMNSLRAEDTAVYYCARWPGYGSYYMDVWGQGTLVTVSSA,8.316052869248487,2.128076313959974
20,EVQLVESGGGLVQPGGSLRLSCAASGFNIKDTYIHWVRQAPGKGLEWVARIYPTNGYTRYADSVKGRFTISADTSKNTAYLQMNSLRAEDTAVYYCSRWGGPGLYAMDYWGQGTLVTVSSA,8.296708621881338,2.092261601580421
21,EVQLVESGGGLVQPGGSLRLSCAASGFNIKDTYIHWVRQAPGKGLEWVARIYPTNGYTRYADSVKGRFTISADTSKNTAYLQMNSLRAEDTAVYYCARWRGDGFYAMDYWGQGTLVTVSSA,8.29413628771608,0.9992663491957239
22,EVQLVESGGGLVQPGGSLRLSCAASGFNIKDTYIHWVRQAPGKGLEWVARIYPTNGYTRYADSVKGRFTISADTSKNTAYLQMNSLRAEDTAVYYCVRYYGDGGYYFDYWGQGTLVTVSSA,8.271646217978772,0.9992663491957239
23,EVQLVESGGGLVQPGGSLRLSCAASGFNIKDTYIHWVRQAPGKGLEWVARIYPTNGYTRYADSVKGRFTISADTSKNTAYLQMNSLRAEDTAVYYCARWYYYGYYYFDVWGQGTLVTVSSA,8.247183568811728,2.2157511576579583
24,EVQLVESGGGLVQPGGSLRLSCAASGFNIKDTYIHWVRQAPGKGLEWVARIYPTNGYTRYADSVKGRFTISADTSKNTAYLQMNSLRAEDTAVYYCARWYYLGYYYFDYWGQGTLVTVSSA,8.201349354554731,2.2072047847526846
25,EVQLVESGGGLVQPGGSLRLSCAASGFNIKDTYIHWVRQAPGKGLEWVARIYPTNGYTRYADSVKGRFTISADTSKNTAYLQMNSLRAEDTAVYYCARWWYGGYYYFDYWGQGTLVTVSSA,8.191114132640188,2.209167781503915
26,EVQLVESGGGLVQPGGSLRLSCAASGFNIKDTYIHWVRQAPGKGLEWVARIYPTNGYTRYADSVKGRFTISADTSKNTAYLQMNSLRAEDTAVYYCARWLYYGYYYFDYWGQGTLVTVSSA,8.187086643357144,2.209167781503915
27,EVQLVESGGGLVQPGGSLRLSCAASGFNIKDTYIHWVRQAPGKGLEWVARIYPTNGYTRYADSVKGRFTISADTSKNTAYLQMNSLRAEDTAVYYCARWWYGGYYYMDYWGQGTLVTVSSA,8.174573882232178,0.9992663491957239
28,EVQLVESGGGLVQPGGSLRLSCAASGFNIKDTYIHWVRQAPGKGLEWVARIYPTNGYTRYADSVKGRFTISADTSKNTAYLQMNSLRAEDTAVYYCVRYGGWGFWYFDYWGQGTLVTVSSA,8.170053304058364,2.0685292534513593
29,EVQLVESGGGLVQPGGSLRLSCAASGFNIKDTYIHWVRQAPGKGLEWVARIYPTNGYTRYADSVKGRFTISADTSKNTAYLQMNSLRAEDTAVYYCTRYYYYGSYHFDYWGQGTLVTVSSA,8.16621562534352,2.1804805062757726
30,EVQLVESGGGLVQPGGSLRLSCAASGFNIKDTYIHWVRQAPGKGLEWVARIYPTNGYTRYADSVKGRFTISADTSKNTAYLQMNSLRAEDTAVYYCARWGYSGWYVMDYWGQGTLVTVSSA,8.159266765388193,2.086577328540841
31,EVQLVESGGGLVQPGGSLRLSCAASGFNIKDTYIHWVRQAPGKGLEWVARIYPTNGYTRYADSVKGRFTISADTSKNTAYLQMNSLRAEDTAVYYCARWEGIGGYYFVYWGQGTLVTVSSA,8.153044674980176,2.2848466251377078
32,EVQLVESGGGLVQPGGSLRLSCAASGFNIKDTYIHWVRQAPGKGLEWVARIYPTNGYTRYADSVKGRFTISADTSKNTAYLQMNSLRAEDTAVYYCARWYYGYYYYFDVWGQGTLVTVSSA,8.152427340857887,2.14269832453068
33,EVQLVESGGGLVQPGGSLRLSCAASGFNIKDTYIHWVRQAPGKGLEWVARIYPTNGYTRYADSVKGRFTISADTSKNTAYLQMNSLRAEDTAVYYCARYFYDYYYYFDFWGQGTLVTVSSA,8.148130399270233,2.1968926820421952
34,EVQLVESGGGLVQPGGSLRLSCAASGFNIKDTYIHWVRQAPGKGLEWVARIYPTNGYTRYADSVKGRFTISADTSKNTAYLQMNSLRAEDTAVYYCARYGDGYYYYFAYWGQGTLVTVSSA,8.136082623042139,2.0900942224034758
35,EVQLVESGGGLVQPGGSLRLSCAASGFNIKDTYIHWVRQAPGKGLEWVARIYPTNGYTRYADSVKGRFTISADTSKNTAYLQMNSLRAEDTAVYYCARYGGSYFYYYSYWGQGTLVTVSSA,8.136082623042139,2.14503114955223
36,EVQLVESGGGLVQPGGSLRLSCAASGFNIKDTYIHWVRQAPGKGLEWVARIYPTNGYTRYADSVKGRFTISADTSKNTAYLQMNSLRAEDTAVYYCARWYGYGGYYFDYWGQGTLVTVSSA,8.129011186239424,0.9992663491957239
37,EVQLVESGGGLVQPGGSLRLSCAASGFNIKDTYIHWVRQAPGKGLEWVARIYPTNGYTRYADSVKGRFTISADTSKNTAYLQMNSLRAEDTAVYYCTRNYYDYYYYFDYWGQGTLVTVSSA,8.122628654130226,2.426366834664396
38,EVQLVESGGGLVQPGGSLRLSCAASGFNIKDTYIHWVRQAPGKGLEWVARIYPTNGYTRYADSVKGRFTISADTSKNTAYLQMNSLRAEDTAVYYCARWKGYGHYYMDYWGQGTLVTVSSA,8.114073660198569,0.9992663491957239
39,EVQLVESGGGLVQPGGSLRLSCAASGFNIKDTYIHWVRQAPGKGLEWVARIYPTNGYTRYADSVKGRFTISADTSKNTAYLQMNSLRAEDTAVYYCARWYYGHYYYMDYWGQGTLVTVSSA,8.10902040301031,2.510743138771738
40,EVQLVESGGGLVQPGGSLRLSCAASGFNIKDTYIHWVRQAPGKGLEWVARIYPTNGYTRYADSVKGRFTISADTSKNTAYLQMNSLRAEDTAVYYCARWGYDYYYMMDVWGQGTLVTVSSA,8.09963287134353,2.0867469348310923
41,EVQLVESGGGLVQPGGSLRLSCAASGFNIKDTYIHWVRQAPGKGLEWVARIYPTNGYTRYADSVKGRFTISADTSKNTAYLQMNSLRAEDTAVYYCARYYGYGGYYFDYWGQGTLVTVSSA,8.094204119632131,0.9992663491957239
42,EVQLVESGGGLVQPGGSLRLSCAASGFNIKDTYIHWVRQAPGKGLEWVARIYPTNGYTRYADSVKGRFTISADTSKNTAYLQMNSLRAEDTAVYYCARWGGPGYYAFVWWGQGTLVTVSSA,8.092588639225413,0.9992663491957239
43,EVQLVESGGGLVQPGGSLRLSCAASGFNIKDTYIHWVRQAPGKGLEWVARIYPTNGYTRYADSVKGRFTISADTSKNTAYLQMNSLRAEDTAVYYCARWRQDGAYYLDYWGQGTLVTVSSA,8.090979145788845,0.9992663491957239
44,EVQLVESGGGLVQPGGSLRLSCAASGFNIKDTYIHWVRQAPGKGLEWVARIYPTNGYTRYADSVKGRFTISADTSKNTAYLQMNSLRAEDTAVYYCARYYGYGGYWYDTWGQGTLVTVSSA,8.086716098239581,0.9481911469184161
45,EVQLVESGGGLVQPGGSLRLSCAASGFNIKDTYIHWVRQAPGKGLEWVARIYPTNGYTRYADSVKGRFTISADTSKNTAYLQMNSLRAEDTAVYYCARWVYGYYYYFDYWGQGTLVTVSSA,8.086186147616283,2.1185425623166316
46,EVQLVESGGGLVQPGGSLRLSCAASGFNIKDTYIHWVRQAPGKGLEWVARIYPTNGYTRYADSVKGRFTISADTSKNTAYLQMNSLRAEDTAVYYCARWYYYGGYYFDYWGQGTLVTVSSA,8.081445469449726,2.237709034587206
47,EVQLVESGGGLVQPGGSLRLSCAASGFNIKDTYIHWVRQAPGKGLEWVARIYPTNGYTRYADSVKGRFTISADTSKNTAYLQMNSLRAEDTAVYYCARNYYDLYYYFDYWGQGTLVTVSSA,8.075204004202089,2.4472516786499723
48,EVQLVESGGGLVQPGGSLRLSCAASGFNIKDTYIHWVRQAPGKGLEWVARIYPTNGYTRYADSVKGRFTISADTSKNTAYLQMNSLRAEDTAVYYCARYYYDYYYYFDYWGQGTLVTVSSA,8.073657553374344,2.1733483428968663
49,EVQLVESGGGLVQPGGSLRLSCAASGFNIKDTYIHWVRQAPGKGLEWVARIYPTNGYTRYADSVKGRFTISADTSKNTAYLQMNSLRAEDTAVYYCARWGYGGAYYMDYWGQGTLVTVSSA,8.073143291050307,2.1868884784100935
50,EVQLVESGGGLVQPGGSLRLSCAASGFNIKDTYIHWVRQAPGKGLEWVARIYPTNGYTRYADSVKGRFTISADTSKNTAYLQMNSLRAEDTAVYYCARWYYYGYYYMDVWGQGTLVTVSSA,8.0695604052333,2.205711108103297
51,EVQLVESGGGLVQPGGSLRLSCAASGFNIKDTYIHWVRQAPGKGLEWVARIYPTNGYTRYADSVKGRFTISADTSKNTAYLQMNSLRAEDTAVYYCTSIFSGGYYGLDSWGQGTLVTVSSA,8.067019178076801,0.9992663491957239
52,EVQLVESGGGLVQPGGSLRLSCAASGFNIKDTYIHWVRQAPGKGLEWVARIYPTNGYTRYADSVKGRFTISADTSKNTAYLQMNSLRAEDTAVYYCARWYYYGAYYFDYWGQGTLVTVSSA,8.061480274823507,2.2085145840624336
53,EVQLVESGGGLVQPGGSLRLSCAASGFNIKDTYIHWVRQAPGKGLEWVARIYPTNGYTRYADSVKGRFTISADTSKNTAYLQMNSLRAEDTAVYYCTRYGSFHYYYFDVWGQGTLVTVSSA,8.05898575629443,2.391672609225827
54,EVQLVESGGGLVQPGGSLRLSCAASGFNIKDTYIHWVRQAPGKGLEWVARIYPTNGYTRYADSVKGRFTISADTSKNTAYLQMNSLRAEDTAVYYCARWGGYGYYYMDVWGQGTLVTVSSA,8.056505484093897,0.9992663491957239
55,EVQLVESGGGLVQPGGSLRLSCAASGFNIKDTYIHWVRQAPGKGLEWVARIYPTNGYTRYADSVKGRFTISADTSKNTAYLQMNSLRAEDTAVYYCTRFIDNGPYYFDYWGQGTLVTVSSA,8.049635145623878,2.1908374454476442
56,EVQLVESGGGLVQPGGSLRLSCAASGFNIKDTYIHWVRQAPGKGLEWVARIYPTNGYTRYADSVKGRFTISADTSKNTAYLQMNSLRAEDTAVYYCARYLSAVYYYMDHWGQGTLVTVSSA,8.041914151478915,2.5194291974139533
57,EVQLVESGGGLVQPGGSLRLSCAASGFNIKDTYIHWVRQAPGKGLEWVARIYPTNGYTRYADSVKGRFTISADTSKNTAYLQMNSLRAEDTAVYYCTRYASGYFYAFDYWGQGTLVTVSSA,8.03905380426617,2.206734361674001
58,EVQLVESGGGLVQPGGSLRLSCAASGFNIKDTYIHWVRQAPGKGLEWVARIYPTNGYTRYADSVKGRFTISADTSKNTAYLQMNSLRAEDTAVYYCTLWGLPMMYVYFFWGQGTLVTVSSA,8.036212172654444,2.414788867415796
59,EVQLVESGGGLVQPGGSLRLSCAASGFNIKDTYIHWVRQAPGKGLEWVARIYPTNGYTRYADSVKGRFTISADTSKNTAYLQMNSLRAEDTAVYYCARWLYYGLYYFDVWGQGTLVTVSSA,8.03526907894637,2.0878358031265196
60,EVQLVESGGGLVQPGGSLRLSCAASGFNIKDTYIHWVRQAPGKGLEWVARIYPTNGYTRYADSVKGRFTISADTSKNTAYLQMNSLRAEDTAVYYCARWGEFGPYYFDYWGQGTLVTVSSA,8.034328028779893,2.19124017858126
61,EVQLVESGGGLVQPGGSLRLSCAASGFNIKDTYIHWVRQAPGKGLEWVARIYPTNGYTRYADSVKGRFTISADTSKNTAYLQMNSLRAEDTAVYYCARWTERGFYSFDIWGQGTLVTVSSA,8.032452023781138,2.1079815722463033
62,EVQLVESGGGLVQPGGSLRLSCAASGFNIKDTYIHWVRQAPGKGLEWVARIYPTNGYTRYADSVKGRFTISADTSKNTAYLQMNSLRAEDTAVYYCARWGYYGYYYFDVWGQGTLVTVSSA,8.0195421077239,2.2100225919655285
63,EVQLVESGGGLVQPGGSLRLSCAASGFNIKDTYIHWVRQAPGKGLEWVARIYPTNGYTRYADSVKGRFTISADTSKNTAYLQMNSLRAEDTAVYYCARYYGYGGYYMDYWGQGTLVTVSSA,8.003926345514724,0.9992663491957239
64,EVQLVESGGGLVQPGGSLRLSCAASGFNIKDTYIHWVRQAPGKGLEWVARIYPTNGYTRYADSVKGRFTISADTSKNTAYLQMNSLRAEDTAVYYCAKFAYYGPYHFDPWGQGTLVTVSSA,7.99481948749622,2.0671581899547817
65,EVQLVESGGGLVQPGGSLRLSCAASGFNIKDTYIHWVRQAPGKGLEWVARIYPTNGYTRYADSVKGRFTISADTSKNTAYLQMNSLRAEDTAVYYCARWYGYGYYFMDVWGQGTLVTVSSA,7.9931062920521,1.7070278171804159
66,EVQLVESGGGLVQPGGSLRLSCAASGFNIKDTYIHWVRQAPGKGLEWVARIYPTNGYTRYADSVKGRFTISADTSKNTAYLQMNSLRAEDTAVYYCARWGGGGYYFMDYWGQGTLVTVSSA,7.978810700930062,0.9992663491957239
67,EVQLVESGGGLVQPGGSLRLSCAASGFNIKDTYIHWVRQAPGKGLEWVARIYPTNGYTRYADSVKGRFTISADTSKNTAYLQMNSLRAEDTAVYYCARWYGFGGYYFDYWGQGTLVTVSSA,7.971022294791222,0.9992663491957239
68,EVQLVESGGGLVQPGGSLRLSCAASGFNIKDTYIHWVRQAPGKGLEWVARIYPTNGYTRYADSVKGRFTISADTSKNTAYLQMNSLRAEDTAVYYCARWLGSGYYWFDYWGQGTLVTVSSA,7.962573502059376,0.9992663491957239
69,EVQLVESGGGLVQPGGSLRLSCAASGFNIKDTYIHWVRQAPGKGLEWVARIYPTNGYTRYADSVKGRFTISADTSKNTAYLQMNSLRAEDTAVYYCARWYYYGRYYFDYWGQGTLVTVSSA,7.958607314841775,1.7996444467911452
70,EVQLVESGGGLVQPGGSLRLSCAASGFNIKDTYIHWVRQAPGKGLEWVARIYPTNGYTRYADSVKGRFTISADTSKNTAYLQMNSLRAEDTAVYYCTPYDVLGSYYFRVWGQGTLVTVSSA,7.94692155651658,2.1820160186906565
71,EVQLVESGGGLVQPGGSLRLSCAASGFNIKDTYIHWVRQAPGKGLEWVARIYPTNGYTRYADSVKGRFTISADTSKNTAYLQMNSLRAEDTAVYYCTRWGGYGYYAMDYWGQGTLVTVSSA,7.946537395074545,0.9992663491957239
72,EVQLVESGGGLVQPGGSLRLSCAASGFNIKDTYIHWVRQAPGKGLEWVARIYPTNGYTRYADSVKGRFTISADTSKNTAYLQMNSLRAEDTAVYYCSRYYAGGWYYFDYWGQGTLVTVSSA,7.929962133392245,0.9992663491957239
73,EVQLVESGGGLVQPGGSLRLSCAASGFNIKDTYIHWVRQAPGKGLEWVARIYPTNGYTRYADSVKGRFTISADTSKNTAYLQMNSLRAEDTAVYYCARWYGGGYYYMDYWGQGTLVTVSSA,7.926648297613099,0.9992663491957239
74,EVQLVESGGGLVQPGGSLRLSCAASGFNIKDTYIHWVRQAPGKGLEWVARIYPTNGYTRYADSVKGRFTISADTSKNTAYLQMNSLRAEDTAVYYCTRYGGYGYYYMDYWGQGTLVTVSSA,7.920818753952375,2.201342260989048
75,EVQLVESGGGLVQPGGSLRLSCAASGFNIKDTYIHWVRQAPGKGLEWVARIYPTNGYTRYADSVKGRFTISADTSKNTAYLQMNSLRAEDTAVYYCTRYRGPYYYYFDPWGQGTLVTVSSA,7.918292729902651,2.2125085370904864
76,EVQLVESGGGLVQPGGSLRLSCAASGFNIKDTYIHWVRQAPGKGLEWVARIYPTNGYTRYADSVKGRFTISADTSKNTAYLQMNSLRAEDTAVYYCVRWGVGAYYNFDYWGQGTLVTVSSA,7.91721462968355,2.518200867279438
77,EVQLVESGGGLVQPGGSLRLSCAASGFNIKDTYIHWVRQAPGKGLEWVARIYPTNGYTRYADSVKGRFTISADTSKNTAYLQMNSLRAEDTAVYYCTRYDYDYYYYFDYWGQGTLVTVSSA,7.913284336055118,2.08914399900598
78,EVQLVESGGGLVQPGGSLRLSCAASGFNIKDTYIHWVRQAPGKGLEWVARIYPTNGYTRYADSVKGRFTISADTSKNTAYLQMNSLRAEDTAVYYCARWYYYGGYYFDVWGQGTLVTVSSA,7.903437561625864,2.3094911435053778
79,EVQLVESGGGLVQPGGSLRLSCAASGFNIKDTYIHWVRQAPGKGLEWVARIYPTNGYTRYADSVKGRFTISADTSKNTAYLQMNSLRAEDTAVYYCARWRYGYYYYMDYWGQGTLVTVSSA,7.893809102736585,2.1981027500899275
80,EVQLVESGGGLVQPGGSLRLSCAASGFNIKDTYIHWVRQAPGKGLEWVARIYPTNGYTRYADSVKGRFTISADTSKNTAYLQMNSLRAEDTAVYYCTRWAFDGVYYMDYWGQGTLVTVSSA,7.891434976267166,2.0300239889334124
81,EVQLVESGGGLVQPGGSLRLSCAASGFNIKDTYIHWVRQAPGKGLEWVARIYPTNGYTRYADSVKGRFTISADTSKNTAYLQMNSLRAEDTAVYYCTRYYYGLYYYMDVWGQGTLVTVSSA,7.888065723667318,2.827879496435192
82,EVQLVESGGGLVQPGGSLRLSCAASGFNIKDTYIHWVRQAPGKGLEWVARIYPTNGYTRYADSVKGRFTISADTSKNTAYLQMNSLRAEDTAVYYCARWRGDGGYYFDYWGQGTLVTVSSA,7.882728704344236,0.9992663491957239
83,EVQLVESGGGLVQPGGSLRLSCAASGFNIKDTYIHWVRQAPGKGLEWVARIYPTNGYTRYADSVKGRFTISADTSKNTAYLQMNSLRAEDTAVYYCVRYGFDGSYYFDPWGQGTLVTVSSA,7.880744110722063,2.0868377550714357
84,EVQLVESGGGLVQPGGSLRLSCAASGFNIKDTYIHWVRQAPGKGLEWVARIYPTNGYTRYADSVKGRFTISADTSKNTAYLQMNSLRAEDTAVYYCARYVGLGGYPLGYWGQGTLVTVSSA,7.879097182385473,2.136535869573381
85,EVQLVESGGGLVQPGGSLRLSCAASGFNIKDTYIHWVRQAPGKGLEWVARIYPTNGYTRYADSVKGRFTISADTSKNTAYLQMNSLRAEDTAVYYCARWYYYGYYAMDVWGQGTLVTVSSA,7.875169850586141,2.2101710143714146
86,EVQLVESGGGLVQPGGSLRLSCAASGFNIKDTYIHWVRQAPGKGLEWVARIYPTNGYTRYADSVKGRFTISADTSKNTAYLQMNSLRAEDTAVYYCARWGYYGNYYFDYWGQGTLVTVSSA,7.872895201635193,2.0593922054296954
87,EVQLVESGGGLVQPGGSLRLSCAASGFNIKDTYIHWVRQAPGKGLEWVARIYPTNGYTRYADSVKGRFTISADTSKNTAYLQMNSLRAEDTAVYYCVRWGGYGYYAMDYWGQGTLVTVSSA,7.870310107800699,0.9992663491957239
88,EVQLVESGGGLVQPGGSLRLSCAASGFNIKDTYIHWVRQAPGKGLEWVARIYPTNGYTRYADSVKGRFTISADTSKNTAYLQMNSLRAEDTAVYYCARWRGYGSYAMDVWGQGTLVTVSSA,7.866461091629783,2.128076313959974
89,EVQLVESGGGLVQPGGSLRLSCAASGFNIKDTYIHWVRQAPGKGLEWVARIYPTNGYTRYADSVKGRFTISADTSKNTAYLQMNSLRAEDTAVYYCARWWYGGYYFFDYWGQGTLVTVSSA,7.863279432843593,2.209167781503915
90,EVQLVESGGGLVQPGGSLRLSCAASGFNIKDTYIHWVRQAPGKGLEWVARIYPTNGYTRYADSVKGRFTISADTSKNTAYLQMNSLRAEDTAVYYCARYGSSYYYYFDYWGQGTLVTVSSA,7.856985199745905,2.21429629607689
91,EVQLVESGGGLVQPGGSLRLSCAASGFNIKDTYIHWVRQAPGKGLEWVARIYPTNGYTRYADSVKGRFTISADTSKNTAYLQMNSLRAEDTAVYYCARHFGVASYSFDYWGQGTLVTVSSA,7.856360764725457,2.5159762503356586
92,EVQLVESGGGLVQPGGSLRLSCAASGFNIKDTYIHWVRQAPGKGLEWVARIYPTNGYTRYADSVKGRFTISADTSKNTAYLQMNSLRAEDTAVYYCARYGGYGGYYFDYWGQGTLVTVSSA,7.853871964321762,0.9992663491957239
93,EVQLVESGGGLVQPGGSLRLSCAASGFNIKDTYIHWVRQAPGKGLEWVARIYPTNGYTRYADSVKGRFTISADTSKNTAYLQMNSLRAEDTAVYYCAKYGATGWYYFDYWGQGTLVTVSSA,7.850165303284215,0.9615365603613639
94,EVQLVESGGGLVQPGGSLRLSCAASGFNIKDTYIHWVRQAPGKGLEWVARIYPTNGYTRYADSVKGRFTISADTSKNTAYLQMNSLRAEDTAVYYCARYGYYGPYYFDYWGQGTLVTVSSA,7.844663962534939,2.1842230301945147
95,EVQLVESGGGLVQPGGSLRLSCAASGFNIKDTYIHWVRQAPGKGLEWVARIYPTNGYTRYADSVKGRFTISADTSKNTAYLQMNSLRAEDTAVYYCTRYGYGGPYWFDYWGQGTLVTVSSA,7.843450848668219,2.0412684496578315
96,EVQLVESGGGLVQPGGSLRLSCAASGFNIKDTYIHWVRQAPGKGLEWVARIYPTNGYTRYADSVKGRFTISADTSKNTAYLQMNSLRAEDTAVYYCARYRGVWYYDFDNWGQGTLVTVSSA,7.838631997765025,2.2119904267387644
97,EVQLVESGGGLVQPGGSLRLSCAASGFNIKDTYIHWVRQAPGKGLEWVARIYPTNGYTRYADSVKGRFTISADTSKNTAYLQMNSLRAEDTAVYYCARYLQLGPYYFDYWGQGTLVTVSSA,7.832682665251823,2.12634889208739
98,EVQLVESGGGLVQPGGSLRLSCAASGFNIKDTYIHWVRQAPGKGLEWVARIYPTNGYTRYADSVKGRFTISADTSKNTAYLQMNSLRAEDTAVYYCARWYYGYYYWFDVWGQGTLVTVSSA,7.826813731587726,2.1428072112449845
99,EVQLVESGGGLVQPGGSLRLSCAASGFNIKDTYIHWVRQAPGKGLEWVARIYPTNGYTRYADSVKGRFTISADTSKNTAYLQMNSLRAEDTAVYYCARWWGGGAYYFDYWGQGTLVTVSSA,7.826813731587726,0.9992663491957239
100,EVQLVESGGGLVQPGGSLRLSCAASGFNIKDTYIHWVRQAPGKGLEWVARIYPTNGYTRYADSVKGRFTISADTSKNTAYLQMNSLRAEDTAVYYCAKYLGQEAYAYFSWGQGTLVTVSSA,7.826813731587726,2.4776067625667184
101,EVQLVESGGGLVQPGGSLRLSCAASGFNIKDTYIHWVRQAPGKGLEWVARIYPTNGYTRYADSVKGRFTISADTSKNTAYLQMNSLRAEDTAVYYCARWDSGGPYYFDSWGQGTLVTVSSA,7.812479279163537,2.1908374454476442
102,EVQLVESGGGLVQPGGSLRLSCAASGFNIKDTYIHWVRQAPGKGLEWVARIYPTNGYTRYADSVKGRFTISADTSKNTAYLQMNSLRAEDTAVYYCARYGSRYYYYFDYWGQGTLVTVSSA,7.804100347590766,2.21429629607689
103,EVQLVESGGGLVQPGGSLRLSCAASGFNIKDTYIHWVRQAPGKGLEWVARIYPTNGYTRYADSVKGRFTISADTSKNTAYLQMNSLRAEDTAVYYCARYGSGYYYYFDYWGQGTLVTVSSA,7.804100347590766,2.14183468734618
104,EVQLVESGGGLVQPGGSLRLSCAASGFNIKDTYIHWVRQAPGKGLEWVARIYPTNGYTRYADSVKGRFTISADTSKNTAYLQMNSLRAEDTAVYYCARWLAGYNYYFDVWGQGTLVTVSSA,7.802995271976954,2.2553698178990604
105,EVQLVESGGGLVQPGGSLRLSCAASGFNIKDTYIHWVRQAPGKGLEWVARIYPTNGYTRYADSVKGRFTISADTSKNTAYLQMNSLRAEDTAVYYCARYTYFGSFDFDYWGQGTLVTVSSA,7.802443786846464,2.0422235459502507
106,EVQLVESGGGLVQPGGSLRLSCAASGFNIKDTYIHWVRQAPGKGLEWVARIYPTNGYTRYADSVKGRFTISADTSKNTAYLQMNSLRAEDTAVYYCARWLRALGYYMDYWGQGTLVTVSSA,7.79997073344623,2.1445062789708498
107,EVQLVESGGGLVQPGGSLRLSCAASGFNIKDTYIHWVRQAPGKGLEWVARIYPTNGYTRYADSVKGRFTISADTSKNTAYLQMNSLRAEDTAVYYCVRWYGYGYYYMDYWGQGTLVTVSSA,7.795608668080701,0.9992663491957239
108,EVQLVESGGGLVQPGGSLRLSCAASGFNIKDTYIHWVRQAPGKGLEWVARIYPTNGYTRYADSVKGRFTISADTSKNTAYLQMNSLRAEDTAVYYCARWYYGYAYYMDYWGQGTLVTVSSA,7.791289980093599,2.0987365734776033
109,EVQLVESGGGLVQPGGSLRLSCAASGFNIKDTYIHWVRQAPGKGLEWVARIYPTNGYTRYADSVKGRFTISADTSKNTAYLQMNSLRAEDTAVYYCARYWGLGGYYFDHWGQGTLVTVSSA,7.783042792638903,0.9481911469184161
110,EVQLVESGGGLVQPGGSLRLSCAASGFNIKDTYIHWVRQAPGKGLEWVARIYPTNGYTRYADSVKGRFTISADTSKNTAYLQMNSLRAEDTAVYYCVRYGFYGYYYFDYWGQGTLVTVSSA,7.782516055786094,2.0185028423390374
111,EVQLVESGGGLVQPGGSLRLSCAASGFNIKDTYIHWVRQAPGKGLEWVARIYPTNGYTRYADSVKGRFTISADTSKNTAYLQMNSLRAEDTAVYYCARWLAFGYYAMDYWGQGTLVTVSSA,7.775466937393914,0.9992663491957239
112,EVQLVESGGGLVQPGGSLRLSCAASGFNIKDTYIHWVRQAPGKGLEWVARIYPTNGYTRYADSVKGRFTISADTSKNTAYLQMNSLRAEDTAVYYCAKYINAYSYAFFDWGQGTLVTVSSA,7.770830297460899,2.212591527069663
113,EVQLVESGGGLVQPGGSLRLSCAASGFNIKDTYIHWVRQAPGKGLEWVARIYPTNGYTRYADSVKGRFTISADTSKNTAYLQMNSLRAEDTAVYYCARYSGYGLYPYAYWGQGTLVTVSSA,7.759201228882668,0.9992663491957239
114,EVQLVESGGGLVQPGGSLRLSCAASGFNIKDTYIHWVRQAPGKGLEWVARIYPTNGYTRYADSVKGRFTISADTSKNTAYLQMNSLRAEDTAVYYCAKYAYYGDFWGSVWGQGTLVTVSSA,7.757707095017069,2.0233040177580217
115,EVQLVESGGGLVQPGGSLRLSCAASGFNIKDTYIHWVRQAPGKGLEWVARIYPTNGYTRYADSVKGRFTISADTSKNTAYLQMNSLRAEDTAVYYCTRYEYQDYYHFDYWGQGTLVTVSSA,7.733768303310107,2.4330008855147924
116,EVQLVESGGGLVQPGGSLRLSCAASGFNIKDTYIHWVRQAPGKGLEWVARIYPSNGYTRYADSVKGRFTISADTSKNTAYLQMNSLRAEDTAVYYCARYGGSYAYYFYYWGQGTLVTVSSA,7.730487055782084,2.1540349262229554
117,EVQLVESGGGLVQPGGSLRLSCAASGFNIKDTYIHWVRQAPGKGLEWVARIYPTNGYTRYADSVKGRFTISADTSKNTAYLQMNSLRAEDTAVYYCARWYGQVFYAMDYWGQGTLVTVSSA,7.729554091982037,2.69337356209241
118,EVQLVESGGGLVQPGGSLRLSCAASGFNIKDTYIHWVRQAPGKGLEWVARIYPTNGYTRYADSVKGRFTISADTSKNTAYLQMNSLRAEDTAVYYCARYYGVGPYSMDVWGQGTLVTVSSA,7.721246399047171,2.285101117605527
119,EVQLVESGGGLVQPGGSLRLSCAASGFNIKDTYIHWVRQAPGKGLEWVARIYPTNGYTRYADSVKGRFTISADTSKNTAYLQMNSLRAEDTAVYYCARWGYGGYYYFDYWGQGTLVTVSSA,7.718966632752273,2.1818431330699273
120,EVQLVESGGGLVQPGGSLRLSCAASGFNIKDTYIHWVRQAPGKGLEWVARIYPTNGYTRYADSVKGRFTISADTSKNTAYLQMNSLRAEDTAVYYCASYGLDGYYYFDVWGQGTLVTVSSA,7.7146677723561154,2.1256960794380326
121,EVQLVESGGGLVQPGGSLRLSCAASGFNIKDTYIHWVRQAPGKGLEWVARIYPTNGYTRYADSVKGRFTISADTSKNTAYLQMNSLRAEDTAVYYCARWNYYGYYYFDYWGQGTLVTVSSA,7.712646227285253,2.204510325189808
122,EVQLVESGGGLVQPGGSLRLSCAASGFNIKDTYIHWVRQAPGKGLEWVARIYPTNGYTRYADSVKGRFTISADTSKNTAYLQMNSLRAEDTAVYYCARWGYDYYYAMDYWGQGTLVTVSSA,7.712198270069774,2.4067836515083423
123,EVQLVESGGGLVQPGGSLRLSCAASGFNIKDTYIHWVRQAPGKGLEWVARIYPTNGYTRYADSVKGRFTISADTSKNTAYLQMNSLRAEDTAVYYCARYYSYGQYAFDPWGQGTLVTVSSA,7.711750774428014,0.9992663491957239
124,EVQLVESGGGLVQPGGSLRLSCAASGFNIKDTYIHWVRQAPGKGLEWVARIYPTNGYTRYADSVKGRFTISADTSKNTAYLQMNSLRAEDTAVYYCARYGGGGRYYFDYWGQGTLVTVSSA,7.707743928643524,2.024514868941435
125,EVQLVESGGGLVQPGGSLRLSCAASGFNIKDTYIHWVRQAPGKGLEWVARIYPTNGYTRYADSVKGRFTISADTSKNTAYLQMNSLRAEDTAVYYCARYWYGGYYYFDYWGQGTLVTVSSA,7.706416486503883,2.2258625442056097
126,EVQLVESGGGLVQPGGSLRLSCAASGFNIKDTYIHWVRQAPGKGLEWVARIYPTNGYTRYADSVKGRFTISADTSKNTAYLQMNSLRAEDTAVYYCTRWLYYSAYYFDFWGQGTLVTVSSA,7.704432900037521,2.5327327730314755
127,EVQLVESGGGLVQPGGSLRLSCAASGFNIKDTYIHWVRQAPGKGLEWVARIYPTNGYTRYADSVKGRFTISADTSKNTAYLQMNSLRAEDTAVYYCARYAHYGPYYFDFWGQGTLVTVSSA,7.703334809738469,2.199251715689744
128,EVQLVESGGGLVQPGGSLRLSCAASGFNIKDTYIHWVRQAPGKGLEWVARIYPTNGYTRYADSVKGRFTISADTSKNTAYLQMNSLRAEDTAVYYCVRYGSDVYYYFDIWGQGTLVTVSSA,7.701802132890185,2.6934918875430163
129,EVQLVESGGGLVQPGGSLRLSCAASGFNIKDTYIHWVRQAPGKGLEWVARIYPTNGYTRYADSVKGRFTISADTSKNTAYLQMNSLRAEDTAVYYCARWLTGLSYNWDYWGQGTLVTVSSA,7.698752911363789,2.540807584167457
130,EVQLVESGGGLVQPGGSLRLSCAASGFNIKDTYIHWVRQAPGKGLEWVARIYPTNGYTRYADSVKGRFTISADTSKNTAYLQMNSLRAEDTAVYYCARWYYGGYYAMDYWGQGTLVTVSSA,7.696803942579511,2.2073455705120764
131,EVQLVESGGGLVQPGGSLRLSCAASGFNIKDTYIHWVRQAPGKGLEWVARIYPTNGYTRYADSVKGRFTISADTSKNTAYLQMNSLRAEDTAVYYCARYYGYGYYYFHYWGQGTLVTVSSA,7.695078838099108,1.6519199573754744
132,EVQLVESGGGLVQPGGSLRLSCAASGFNIKDTYIHWVRQAPGKGLEWVARIYPTNGYTRYADSVKGRFTISADTSKNTAYLQMNSLRAEDTAVYYCARWGSIGYYAFDHWGQGTLVTVSSA,7.688246138944246,2.2179515896279707
133,EVQLVESGGGLVQPGGSLRLSCAASGFNIKDTYIHWVRQAPGKGLEWVARIYPTNGYTRYADSVKGRFTISADTSKNTAYLQMNSLRAEDTAVYYCARWGGYGGYYFDYWGQGTLVTVSSA,7.686343653381969,0.9992663491957239
134,EVQLVESGGGLVQPGGSLRLSCAASGFNIKDTYIHWVRQAPGKGLEWVARIYPTNGYTRYADSVKGRFTISADTSKNTAYLQMNSLRAEDTAVYYCARYGNYYYYYFDYWGQGTLVTVSSA,7.67778070526608,2.2104409589888037
135,EVQLVESGGGLVQPGGSLRLSCAASGFNIKDTYIHWVRQAPGKGLEWVARIYPTNGYTRYADSVKGRFTISADTSKNTAYLQMNSLRAEDTAVYYCARWGYGYSYYFDVWGQGTLVTVSSA,7.675717544702308,2.163200572166244
136,EVQLVESGGGLVQPGGSLRLSCAASGFNIKDTYIHWVRQAPGKGLEWVARIYPTNGYTRYADSVKGRFTISADTSKNTAYLQMNSLRAEDTAVYYCARYTSVGIYAFNYWGQGTLVTVSSA,7.667561540084395,2.33898293227143
137,EVQLVESGGGLVQPGGSLRLSCAASGFNIKDTYIHWVRQAPGKGLEWVARIYPTNGYTRYADSVKGRFTISADTSKNTAYLQMNSLRAEDTAVYYCARWPYGYYYYMDYWGQGTLVTVSSA,7.659952682338607,2.041127134467252
138,EVQLVESGGGLVQPGGSLRLSCAASGFNIKDTYIHWVRQAPGKGLEWVARIYPTNGYTRYADSVKGRFTISADTSKNTAYLQMNSLRAEDTAVYYCTRWNYDGAYFFDYWGQGTLVTVSSA,7.658961368322477,2.119905851001951
139,EVQLVESGGGLVQPGGSLRLSCAASGFNIKDTYIHWVRQAPGKGLEWVARIYPTNGYTRYADSVKGRFTISADTSKNTAYLQMNSLRAEDTAVYYCARYRGRGFYSFDYWGQGTLVTVSSA,7.658367664221946,2.156723369577297
140,EVQLVESGGGLVQPGGSLRLSCAASGFNIKDTYIHWVRQAPGKGLEWVARIYPTNGYTRYADSVKGRFTISADTSKNTAYLQMNSLRAEDTAVYYCARWYWYGAYYFDYWGQGTLVTVSSA,7.657577319177794,0.9992663491957239
141,EVQLVESGGGLVQPGGSLRLSCAASGFNIKDTYIHWVRQAPGKGLEWVARIYPTNGYTRYADSVKGRFTISADTSKNTAYLQMNSLRAEDTAVYYCARWGYYGYYWFDYWGQGTLVTVSSA,7.654626269440912,2.1853617543809416
142,EVQLVESGGGLVQPGGSLRLSCAASGFNIKDTYIHWVRQAPGKGLEWVARIYPTNGYTRYADSVKGRFTISADTSKNTAYLQMNSLRAEDTAVYYCARHYYYGYYYFDVWGQGTLVTVSSA,7.645891560852599,2.2209621322850763
143,EVQLVESGGGLVQPGGSLRLSCAASGFNIKDTYIHWVRQAPGKGLEWVARIYPTNGYTRYADSVKGRFTISADTSKNTAYLQMNSLRAEDTAVYYCATYSTYYNYAFGIWGQGTLVTVSSA,7.645891560852599,2.191324667336505
144,EVQLVESGGGLVQPGGSLRLSCAASGFNIKDTYIHWVRQAPGKGLEWVARIYPTNGYTRYADSVKGRFTISADTSKNTAYLQMNSLRAEDTAVYYCTRYLHDYYYYFDYWGQGTLVTVSSA,7.643974142806877,2.2069848821875278
145,EVQLVESGGGLVQPGGSLRLSCAASGFNIKDTYIHWVRQAPGKGLEWVARIYPTNGYTRYADSVKGRFTISADTSKNTAYLQMNSLRAEDTAVYYCVRYFYDGNYYFDLWGQGTLVTVSSA,7.639595945270061,2.1300731848314576
146,EVQLVESGGGLVQPGGSLRLSCAASGFNIKDTYIHWVRQAPGKGLEWVARIYPTNGYTRYADSVKGRFTISADTSKNTAYLQMNSLRAEDTAVYYCARFDGPFYYAFAYWGQGTLVTVSSA,7.639028116274064,2.2942136959234007
147,EVQLVESGGGLVQPGGSLRLSCAASGFNIKDTYIHWVRQAPGKGLEWVARIYPTNGYTRYADSVKGRFTISADTSKNTAYLQMNSLRAEDTAVYYCARYRGYVLYDFAYWGQGTLVTVSSA,7.636952405478906,2.7294126957554656
148,EVQLVESGGGLVQPGGSLRLSCAASGFNIKDTYIHWVRQAPGKGLEWVARIYPTNGYTRYADSVKGRFTISADTSKNTAYLQMNSLRAEDTAVYYCARENDGSPGSFEYWGQGTLVTVSSA,7.635636645384269,2.3715303389615756
149,EVQLVESGGGLVQPGGSLRLSCAASGFNIKDTYIHWVRQAPGKGLEWVARIYPTNGYTRYADSVKGRFTISADTSKNTAYLQMNSLRAEDTAVYYCAVTDLDGLHSYRYWGQGTLVTVSSA,7.632644078973981,2.132849090147654
150,EVQLVESGGGLVQPGGSLRLSCAASGFNIKDTYIHWVRQAPGKGLEWVARIYPTNGYTRYADSVKGRFTISADTSKNTAYLQMNSLRAEDTAVYYCTRYYYGSGYFFDYWGQGTLVTVSSA,7.622147580993245,2.6331653481880086
151,EVQLVESGGGLVQPGGSLRLSCAASGFNIKDTYIHWVRQAPGKGLEWVARIYPTNGYTRYADSVKGRFTISADTSKNTAYLQMNSLRAEDTAVYYCARWYGYGYYAMDVWGQGTLVTVSSA,7.621057301386562,0.9992663491957239
152,EVQLVESGGGLVQPGGSLRLSCAASGFNIKDTYIHWVRQAPGKGLEWVARIYPTNGYTRYADSVKGRFTISADTSKNTAYLQMNSLRAEDTAVYYCARWGYGGYYYFDVWGQGTLVTVSSA,7.62015082123717,2.095681633678912
153,EVQLVESGGGLVQPGGSLRLSCAASGFNIKDTYIHWVRQAPGKGLEWVARIYPTNGYTRYADSVKGRFTISADTSKNTAYLQMNSLRAEDTAVYYCARYDPYGFYHLDYWGQGTLVTVSSA,7.615467384505751,0.9992663491957239
154,EVQLVESGGGLVQPGGSLRLSCAASGFNIKDTYIHWVRQAPGKGLEWVARIYPTNGYTRYADSVKGRFTISADTSKNTAYLQMNSLRAEDTAVYYCVRYGYGDYYYFDYWGQGTLVTVSSA,7.6006724678413216,2.4812264628534604
155,EVQLVESGGGLVQPGGSLRLSCAASGFNIKDTYIHWVRQAPGKGLEWVARIYPTNGYTRYADSVKGRFTISADTSKNTAYLQMNSLRAEDTAVYYCTRWGYDYWYFFDYWGQGTLVTVSSA,7.599116784451637,1.9582161228834853
156,EVQLVESGGGLVQPGGSLRLSCAASGFNIKDTYIHWVRQAPGKGLEWVARIYPTNGYTRYADSVKGRFTISADTSKNTAYLQMNSLRAEDTAVYYCAKYGGVGYYAMDYWGQGTLVTVSSA,7.598599459218456,2.1979170882403647
157,EVQLVESGGGLVQPGGSLRLSCAASGFNIKDTYIHWVRQAPGKGLEWVARIYPTNGYTRYADSVKGRFTISADTSKNTAYLQMNSLRAEDTAVYYCARYSAYGLYDFAYWGQGTLVTVSSA,7.5934598195660445,2.070955973476642
158,EVQLVESGGGLVQPGGSLRLSCAASGFNIKDTYIHWVRQAPGKGLEWVARIYPTNGYTRYADSVKGRFTISADTSKNTAYLQMNSLRAEDTAVYYCARWWGGGYYYFDYWGQGTLVTVSSA,7.58989792335714,0.9992663491957239
159,EVQLVESGGGLVQPGGSLRLSCAASGFNIKDTYIHWVRQAPGKGLEWVARIYPTNGYTRYADSVKGRFTISADTSKNTAYLQMNSLRAEDTAVYYCARYLTAYQYFFYYWGQGTLVTVSSA,7.586700235918748,2.1694834507164904
160,EVQLVESGGGLVQPGGSLRLSCAASGFNIKDTYIHWVRQAPGKGLEWVARIYPTNGYTRYADSVKGRFTISADTSKNTAYLQMNSLRAEDTAVYYCARWGGDGSYYFDYWGQGTLVTVSSA,7.584025588623434,2.128076313959974
161,EVQLVESGGGLVQPGGSLRLSCAASGFNIKDTYIHWVRQAPGKGLEWVARIYPTNGYTRYADSVKGRFTISADTSKNTAYLQMNSLRAEDTAVYYCARYGGRGYYSFDYWGQGTLVTVSSA,7.581036169296377,2.2118868301446377
162,EVQLVESGGGLVQPGGSLRLSCAASGFNIKDTYIHWVRQAPGKGLEWVARIYPTNGYTRYADSVKGRFTISADTSKNTAYLQMNSLRAEDTAVYYCARWGGGGYYFFDYWGQGTLVTVSSA,7.580044251510242,0.9992663491957239
163,EVQLVESGGGLVQPGGSLRLSCAASGFNIKDTYIHWVRQAPGKGLEWVARIYPTNGYTRYADSVKGRFTISADTSKNTAYLQMNSLRAEDTAVYYCARWGYDYYYYFDVWGQGTLVTVSSA,7.573488738635425,2.41480642891994
164,EVQLVESGGGLVQPGGSLRLSCAASGFNIKDTYIHWVRQAPGKGLEWVARIYPTNGYTRYADSVKGRFTISADTSKNTAYLQMNSLRAEDTAVYYCAATYGGLGDMSSIWGQGTLVTVSSA,7.568636235841013,2.5971228613389723
165,EVQLVESGGGLVQPGGSLRLSCAASGFNIKDTYIHWVRQAPGKGLEWVARIYPTNGYTRYADSVKGRFTISADTSKNTAYLQMNSLRAEDTAVYYCARYGVYPFYYFDYWGQGTLVTVSSA,7.568636235841013,1.9787909144232114
166,EVQLVESGGGLVQPGGSLRLSCAASGFNIKDTYIHWVRQAPGKGLEWVARIYPTNGYTRYADSVKGRFTISADTSKNTAYLQMNSLRAEDTAVYYCSIWERTGQYSYTSWGQGTLVTVSSA,7.567030709125595,2.134557286472846
167,EVQLVESGGGLVQPGGSLRLSCAASGFNIKDTYIHWVRQAPGKGLEWVARIYPTNGYTRYADSVKGRFTISADTSKNTAYLQMNSLRAEDTAVYYCARWERYGYYVLDVWGQGTLVTVSSA,7.554395796726403,2.1153420299895904
168,EVQLVESGGGLVQPGGSLRLSCAASGFNIKDTYIHWVRQAPGKGLEWVARIYPTNGYTRYADSVKGRFTISADTSKNTAYLQMNSLRAEDTAVYYCARWGYGGYYFFDYWGQGTLVTVSSA,7.554395796726403,2.1901459050499605
169,EVQLVESGGGLVQPGGSLRLSCAASGFNIKDTYIHWVRQAPGKGLEWVARIYPTNGYTRYADSVKGRFTISADTSKNTAYLQMNSLRAEDTAVYYCARYGAYSSYYFGYWGQGTLVTVSSA,7.553307533628473,2.4859007475011534
170,EVQLVESGGGLVQPGGSLRLSCAASGFNIKDTYIHWVRQAPGKGLEWVARIYPTNGYTRYADSVKGRFTISADTSKNTAYLQMNSLRAEDTAVYYCARWGYGWSYYFDYWGQGTLVTVSSA,7.54821356447571,2.1556107863521223
171,EVQLVESGGGLVQPGGSLRLSCAASGFNIKDTYIHWVRQAPGKGLEWVARIYPTNGYTRYADSVKGRFTISADTSKNTAYLQMNSLRAEDTAVYYCARWRDGGYYYFDYWGQGTLVTVSSA,7.534617148551582,2.1911152266339666
172,EVQLVESGGGLVQPGGSLRLSCAASGFNIKDTYIHWVRQAPGKGLEWVARIYPTNGYTRYADSVKGRFTISADTSKNTAYLQMNSLRAEDTAVYYCTRYYGDGYYDFDYWGQGTLVTVSSA,7.534022631714177,2.156200009877262
173,EVQLVESGGGLVQPGGSLRLSCAASGFNIKDTYIHWVRQAPGKGLEWVARIYPTNGYTRYADSVKGRFTISADTSKNTAYLQMNSLRAEDTAVYYCARYFYDHYYYFDVWGQGTLVTVSSA,7.5269511949114625,2.658075500080245
174,EVQLVESGGGLVQPGGSLRLSCAASGFNIKDTYIHWVRQAPGKGLEWVARIYPTNGYTRYADSVKGRFTISADTSKNTAYLQMNSLRAEDTAVYYCARYYYDYGYYFDVWGQGTLVTVSSA,7.522878745280337,2.1974971391573233
175,EVQLVESGGGLVQPGGSLRLSCAASGFNIKDTYIHWVRQAPGKGLEWVARIYPTNGYTRYADSVKGRFTISADTSKNTAYLQMNSLRAEDTAVYYCARWGSYGYYYFDYWGQGTLVTVSSA,7.510041520575165,2.128076313959974
176,EVQLVESGGGLVQPGGSLRLSCAASGFNIKDTYIHWVRQAPGKGLEWVARIYPTNGYTRYADSVKGRFTISADTSKNTAYLQMNSLRAEDTAVYYCARYYYGVYYYFDYWGQGTLVTVSSA,7.510041520575165,2.951118142382757
177,EVQLVESGGGLVQPGGSLRLSCAASGFNIKDTYIHWVRQAPGKGLEWVARIYPTNGYTRYADSVKGRFTISADTSKNTAYLQMNSLRAEDTAVYYCARHYDYGRYYMDVWGQGTLVTVSSA,7.509479690636652,1.67835339174743
178,EVQLVESGGGLVQPGGSLRLSCAASGFNIKDTYIHWVRQAPGKGLEWVARIYPTNGYTRYADSVKGRFTISADTSKNTAYLQMNSLRAEDTAVYYCARWGGFGYYYFDYWGQGTLVTVSSA,7.508638306165728,0.9992663491957239
179,EVQLVESGGGLVQPGGSLRLSCAASGFNIKDTYIHWVRQAPGKGLEWVARIYPTNGYTRYADSVKGRFTISADTSKNTAYLQMNSLRAEDTAVYYCSRWGGVGKYAMDYWGQGTLVTVSSA,7.505845405981558,2.165016957263291
180,EVQLVESGGGLVQPGGSLRLSCAASGFNIKDTYIHWVRQAPGKGLEWVARIYPTNGYTRYADSVKGRFTISADTSKNTAYLQMNSLRAEDTAVYYCARYGGGYYYYFDVWGQGTLVTVSSA,7.503070351926786,2.1901841846658834
181,EVQLVESGGGLVQPGGSLRLSCAASGFNIKDTYIHWVRQAPGKGLEWVARIYPTNGYTRYADSVKGRFTISADTSKNTAYLQMNSLRAEDTAVYYCARWYYGSYYYFDVWGQGTLVTVSSA,7.494850021680094,2.4730616797913942
182,EVQLVESGGGLVQPGGSLRLSCAASGFNIKDTYIHWVRQAPGKGLEWVARIYPTNGYTRYADSVKGRFTISADTSKNTAYLQMNSLRAEDTAVYYCARWGGYGYYYFDVWGQGTLVTVSSA,7.488250288655017,0.9992663491957239
183,EVQLVESGGGLVQPGGSLRLSCAASGFNIKDTYIHWVRQAPGKGLEWVARIYPTNGYTRYADSVKGRFTISADTSKNTAYLQMNSLRAEDTAVYYCARWYYGGAYYFDFWGQGTLVTVSSA,7.483993769613952,2.3003314808765976
184,EVQLVESGGGLVQPGGSLRLSCAASGFNIKDTYIHWVRQAPGKGLEWVARIYPTNGYTRYADSVKGRFTISADTSKNTAYLQMNSLRAEDTAVYYCARWGSEAFYWFDYWGQGTLVTVSSA,7.483596851552597,2.4823567219334857
185,EVQLVESGGGLVQPGGSLRLSCAASGFNIKDTYIHWVRQAPGKGLEWVARIYPTNGYTRYADSVKGRFTISADTSKNTAYLQMNSLRAEDTAVYYCAPWWSGWYYFFDTWGQGTLVTVSSA,7.481486060122113,2.249474659772444
186,EVQLVESGGGLVQPGGSLRLSCAASGFNIKDTYIHWVRQAPGKGLEWVARIYPTNGYTRYADSVKGRFTISADTSKNTAYLQMNSLRAEDTAVYYCARYPNYGFYMFDYWGQGTLVTVSSA,7.477425367308824,0.9992663491957239
187,EVQLVESGGGLVQPGGSLRLSCAASGFNIKDTYIHWVRQAPGKGLEWVARIYPTNGYTRYADSVKGRFTISADTSKNTAYLQMNSLRAEDTAVYYCARWVSGARYYMDVWGQGTLVTVSSA,7.471083299722346,2.0251381815468736
188,EVQLVESGGGLVQPGGSLRLSCAASGFNIKDTYIHWVRQAPGKGLEWVARIYPTNGYTRYADSVKGRFTISADTSKNTAYLQMNSLRAEDTAVYYCARFGGAGGYYFDYWGQGTLVTVSSA,7.455435902503956,0.9992663491957239
189,EVQLVESGGGLVQPGGSLRLSCAASGFNIKDTYIHWVRQAPGKGLEWVARIYPTNGYTRYADSVKGRFTISADTSKNTAYLQMNSLRAEDTAVYYCTRYRGAHGYYFDYWGQGTLVTVSSA,7.450138811528057,2.8577105600887727
190,EVQLVESGGGLVQPGGSLRLSCAASGFNIKDTYIHWVRQAPGKGLEWVARIYPTNGYTRYADSVKGRFTISADTSKNTAYLQMNSLRAEDTAVYYCARWYYGGSYYFDYWGQGTLVTVSSA,7.44648105985103,2.179148823911247
191,EVQLVESGGGLVQPGGSLRLSCAASGFNIKDTYIHWVRQAPGKGLEWVARIYPTNGYTRYADSVKGRFTISADTSKNTAYLQMNSLRAEDTAVYYCARYGDADFYAFDPWGQGTLVTVSSA,7.445874418486987,2.6658366777664724
192,EVQLVESGGGLVQPGGSLRLSCAASGFNIKDTYIHWVRQAPGKGLEWVARIYPTNGYTRYADSVKGRFTISADTSKNTAYLQMNSLRAEDTAVYYCARYIFGGPYYFDYWGQGTLVTVSSA,7.443215217692975,2.1701944921139944
193,EVQLVESGGGLVQPGGSLRLSCAASGFNIKDTYIHWVRQAPGKGLEWVARIYPTNGYTRYADSVKGRFTISADTSKNTAYLQMNSLRAEDTAVYYCSRWEGDGKYAMDYWGQGTLVTVSSA,7.442132038431978,0.9992663491957239
194,EVQLVESGGGLVQPGGSLRLSCAASGFNIKDTYIHWVRQAPGKGLEWVARIYPTNGYTRYADSVKGRFTISADTSKNTAYLQMNSLRAEDTAVYYCARYGDYGYYYFDYWGQGTLVTVSSA,7.441051554021961,2.1098334637079956
195,EVQLVESGGGLVQPGGSLRLSCAASGFNIKDTYIHWVRQAPGKGLEWVARIYPTNGYTRYADSVKGRFTISADTSKNTAYLQMNSLRAEDTAVYYCVRYPEVYGYYFDYWGQGTLVTVSSA,7.440332721611942,2.210355827052874
196,EVQLVESGGGLVQPGGSLRLSCAASGFNIKDTYIHWVRQAPGKGLEWVARIYPTNGYTRYADSVKGRFTISADTSKNTAYLQMNSLRAEDTAVYYCANVGSSLGIAALDWGQGTLVTVSSA,7.435097327470795,2.5819243059168535
197,EVQLVESGGGLVQPGGSLRLSCAASGFNIKDTYIHWVRQAPGKGLEWVARIYPTNGYTRYADSVKGRFTISADTSKNTAYLQMNSLRAEDTAVYYCSYPDFGYYVYFAYWGQGTLVTVSSA,7.434624497285927,2.0891941586881835
198,EVQLVESGGGLVQPGGSLRLSCAASGFNIKDTYIHWVRQAPGKGLEWVARIYPTNGYTRYADSVKGRFTISADTSKNTAYLQMNSLRAEDTAVYYCAKYTRGFSYGFGYWGQGTLVTVSSA,7.422278475490979,2.2188171447681144
199,EVQLVESGGGLVQPGGSLRLSCAASGFNIKDTYIHWVRQAPGKGLEWVARIYPTNGYTRYADSVKGRFTISADTSKNTAYLQMNSLRAEDTAVYYCARWGGSGYYAMDYWGQGTLVTVSSA,7.422163658707256,0.9992663491957239
200,EVQLVESGGGLVQPGGSLRLSCAASGFNIKDTYIHWVRQAPGKGLEWVARIYPTNGYTRYADSVKGRFTISADTSKNTAYLQMNSLRAEDTAVYYCARWGYGYYYSFDYWGQGTLVTVSSA,7.420788219768501,2.400511669021625
201,EVQLVESGGGLVQPGGSLRLSCAASGFNIKDTYIHWVRQAPGKGLEWVARIYPTNGYTRYADSVKGRFTISADTSKNTAYLQMNSLRAEDTAVYYCARYGRNGSYSYDYWGQGTLVTVSSA,7.4179366370882915,2.169508098083614
202,EVQLVESGGGLVQPGGSLRLSCAASGFNIKDTYIHWVRQAPGKGLEWVARIYPTNGYTRYADSVKGRFTISADTSKNTAYLQMNSLRAEDTAVYYCAKFERGYYSFDFGWGQGTLVTVSSA,7.417028070895194,2.2136693228367017
203,EVQLVESGGGLVQPGGSLRLSCAASGFNIKDTYIHWVRQAPGKGLEWVARIYPTNGYTRYADSVKGRFTISADTSKNTAYLQMNSLRAEDTAVYYCARWEGDGSYSMDYWGQGTLVTVSSA,7.412738150307466,2.128076313959974
204,EVQLVESGGGLVQPGGSLRLSCAASGFNIKDTYIHWVRQAPGKGLEWVARIYPTNGYTRYADSVKGRFTISADTSKNTAYLQMNSLRAEDTAVYYCSRWGVDGYYAMDYWGQGTLVTVSSA,7.41150419899279,0.9992663491957239
205,EVQLVESGGGLVQPGGSLRLSCAASGFNIKDTYIHWVRQAPGKGLEWVARIYPTNGYTRYADSVKGRFTISADTSKNTAYLQMNSLRAEDTAVYYCARYGYGYYYYFDYWGQGTLVTVSSA,7.407823242604133,2.168781863737091
206,EVQLVESGGGLVQPGGSLRLSCAASGFNIKDTYIHWVRQAPGKGLEWVARIYPTNGYTRYADSVKGRFTISADTSKNTAYLQMNSLRAEDTAVYYCARWYGYGYYLFDVWGQGTLVTVSSA,7.402304814074488,0.9992663491957239
207,EVQLVESGGGLVQPGGSLRLSCAASGFNIKDTYIHWVRQAPGKGLEWVARIYPTNGYTRYADSVKGRFTISADTSKNTAYLQMNSLRAEDTAVYYCARYYWDYFYYFDYWGQGTLVTVSSA,7.401647290130716,2.181913897851463
208,EVQLVESGGGLVQPGGSLRLSCAASGFNIKDTYIHWVRQAPGKGLEWVARIYPTNGYTRYADSVKGRFTISADTSKNTAYLQMNSLRAEDTAVYYCARYPGGGIYDFDPWGQGTLVTVSSA,7.398918272215977,2.0778027401564194
209,EVQLVESGGGLVQPGGSLRLSCAASGFNIKDTYIHWVRQAPGKGLEWVARIYPTNGYTRYADSVKGRFTISADTSKNTAYLQMNSLRAEDTAVYYCARYGGYGYYWFDYWGQGTLVTVSSA,7.397940008672037,2.2118868301446377
210,EVQLVESGGGLVQPGGSLRLSCAASGFNIKDTYIHWVRQAPGKGLEWVARIYPTNGYTRYADSVKGRFTISADTSKNTAYLQMNSLRAEDTAVYYCARWLRGLGYYWDYWGQGTLVTVSSA,7.396747338018353,2.176474890675249
211,EVQLVESGGGLVQPGGSLRLSCAASGFNIKDTYIHWVRQAPGKGLEWVARIYPTNGYTRYADSVKGRFTISADTSKNTAYLQMNSLRAEDTAVYYCARYGDSYYYYFDYWGQGTLVTVSSA,7.391473966422806,2.210104914714946
212,EVQLVESGGGLVQPGGSLRLSCAASGFNIKDTYIHWVRQAPGKGLEWVARIYPTNGYTRYADSVKGRFTISADTSKNTAYLQMNSLRAEDTAVYYCARYGPYYYYAMDYWGQGTLVTVSSA,7.384576047114056,2.2092304298743226
213,EVQLVESGGGLVQPGGSLRLSCAASGFNIKDTYIHWVRQAPGKGLEWVARIYPTNGYTRYADSVKGRFTISADTSKNTAYLQMNSLRAEDTAVYYCTRYYGGYGYYFDYWGQGTLVTVSSA,7.381219975493785,2.2123030916818767
214,EVQLVESGGGLVQPGGSLRLSCAASGFNIKDTYIHWVRQAPGKGLEWVARIYPTNGYTRYADSVKGRFTISADTSKNTAYLQMNSLRAEDTAVYYCARNYYDYYYYLDYWGQGTLVTVSSA,7.380802284207053,2.236694297211324
215,EVQLVESGGGLVQPGGSLRLSCAASGFNIKDTYIHWVRQAPGKGLEWVARIYPTNGYTRYADSVKGRFTISADTSKNTAYLQMNSLRAEDTAVYYCVRWGRYGVYYFDYWGQGTLVTVSSA,7.380593589113222,0.9992663491957239
216,EVQLVESGGGLVQPGGSLRLSCAASGFNIKDTYIHWVRQAPGKGLEWVARIYPTNGYTRYADSVKGRFTISADTSKNTAYLQMNSLRAEDTAVYYCSRWVGDGSYAMDYWGQGTLVTVSSA,7.380176499542722,2.128076313959974
217,EVQLVESGGGLVQPGGSLRLSCAASGFNIKDTYIHWVRQAPGKGLEWVARIYPTNGYTRYADSVKGRFTISADTSKNTAYLQMNSLRAEDTAVYYCARYGGYGNYWFDTWGQGTLVTVSSA,7.375511637486551,2.121280032990329
218,EVQLVESGGGLVQPGGSLRLSCAASGFNIKDTYIHWVRQAPGKGLEWVARIYPTNGYTRYADSVKGRFTISADTSKNTAYLQMNSLRAEDTAVYYCARGGYGYYTWFDYWGQGTLVTVSSA,7.375408540873153,2.115271810429494
219,EVQLVESGGGLVQPGGSLRLSCAASGFNIKDTYIHWVRQAPGKGLEWVARIYPTNGYTRYADSVKGRFTISADTSKNTAYLQMNSLRAEDTAVYYCAGSSASGWYHYTTWGQGTLVTVSSA,7.374173286714289,0.9738315953234595
220,EVQLVESGGGLVQPGGSLRLSCAASGFNIKDTYIHWVRQAPGKGLEWVARIYPTNGYTRYADSVKGRFTISADTSKNTAYLQMNSLRAEDTAVYYCARYGTGTYYYFLHWGQGTLVTVSSA,7.374173286714289,2.747082479194304
221,EVQLVESGGGLVQPGGSLRLSCAASGFNIKDTYIHWVRQAPGKGLEWVARIYPTNGYTRYADSVKGRFTISADTSKNTAYLQMNSLRAEDTAVYYCARWEGYGSYEFAYWGQGTLVTVSSA,7.372122305420029,0.9992663491957239
222,EVQLVESGGGLVQPGGSLRLSCAASGFNIKDTYIHWVRQAPGKGLEWVARIYPTNGYTRYADSVKGRFTISADTSKNTAYLQMNSLRAEDTAVYYCARYYYDFGYYFDYWGQGTLVTVSSA,7.369063880935808,2.242969177384391
223,EVQLVESGGGLVQPGGSLRLSCAASGFNIKDTYIHWVRQAPGKGLEWVARIYPTNGYTRYADSVKGRFTISADTSKNTAYLQMNSLRAEDTAVYYCARYGGLGGYTLAYWGQGTLVTVSSA,7.367846516489368,0.9500190947557368
224,EVQLVESGGGLVQPGGSLRLSCAASGFNIKDTYIHWVRQAPGKGLEWVARIYPTNGYTRYADSVKGRFTISADTSKNTAYLQMNSLRAEDTAVYYCAQNWDRGSYFYTYWGQGTLVTVSSA,7.366026844210326,2.194031224012327
225,EVQLVESGGGLVQPGGSLRLSCAASGFNIKDTYIHWVRQAPGKGLEWVARIYPTNGYTRYADSVKGRFTISADTSKNTAYLQMNSLRAEDTAVYYCARYGARSGYAYEYWGQGTLVTVSSA,7.345823458122039,2.73499329574825
226,EVQLVESGGGLVQPGGSLRLSCAASGFNIKDTYIHWVRQAPGKGLEWVARIYPTNGYTRYADSVKGRFTISADTSKNTAYLQMNSLRAEDTAVYYCARNYYYGAYYFDYWGQGTLVTVSSA,7.341893164493607,2.1104415407843904
227,EVQLVESGGGLVQPGGSLRLSCAASGFNIKDTYIHWVRQAPGKGLEWVARIYPTNGYTRYADSVKGRFTISADTSKNTAYLQMNSLRAEDTAVYYCASVDLGGFYDFRYWGQGTLVTVSSA,7.336299074610352,2.0214227100038085
228,EVQLVESGGGLVQPGGSLRLSCAASGFNIKDTYIHWVRQAPGKGLEWVARIYPTNGYTRYADSVKGRFTISADTSKNTAYLQMNSLRAEDTAVYYCAITFYGYTIVWEYWGQGTLVTVSSA,7.336299074610352,2.1060998934855717
229,EVQLVESGGGLVQPGGSLRLSCAASGFNIKDTYIHWVRQAPGKGLEWVARIYPTNGYTRYADSVKGRFTISADTSKNTAYLQMNSLRAEDTAVYYCARWGGYGYYWFDYWGQGTLVTVSSA,7.330776126069194,0.9992663491957239
230,EVQLVESGGGLVQPGGSLRLSCAASGFNIKDTYIHWVRQAPGKGLEWVARIYPTNGYTRYADSVKGRFTISADTSKNTAYLQMNSLRAEDTAVYYCARWSGASFYAMDYWGQGTLVTVSSA,7.318939756368188,2.5326684561834876
231,EVQLVESGGGLVQPGGSLRLSCAASGFNIKDTYIHWVRQAPGKGLEWVARIYPTNGYTRYADSVKGRFTISADTSKNTAYLQMNSLRAEDTAVYYCARWQGRSGYYMDYWGQGTLVTVSSA,7.31578320486112,2.669125418664242
232,EVQLVESGGGLVQPGGSLRLSCAASGFNIKDTYIHWVRQAPGKGLEWVARIYPTNGYTRYADSVKGRFTISADTSKNTAYLQMNSLRAEDTAVYYCARWLDYFYYAMDYWGQGTLVTVSSA,7.312292720375181,2.2419285085994147
233,EVQLVESGGGLVQPGGSLRLSCAASGFNIKDTYIHWVRQAPGKGLEWVARIYPTNGYTRYADSVKGRFTISADTSKNTAYLQMNSLRAEDTAVYYCARWHYDVGFYFDYWGQGTLVTVSSA,7.302160631781637,2.5216917559176135
234,EVQLVESGGGLVQPGGSLRLSCAASGFNIKDTYIHWVRQAPGKGLEWVARIYPTNGYTRYADSVKGRFTISADTSKNTAYLQMNSLRAEDTAVYYCARYGYDYYYYFDVWGQGTLVTVSSA,7.301029995663981,2.101921929077703
235,EVQLVESGGGLVQPGGSLRLSCAASGFNIKDTYIHWVRQAPGKGLEWVARIYPTNGYTRYADSVKGRFTISADTSKNTAYLQMNSLRAEDTAVYYCARFGPAYFYGFYYWGQGTLVTVSSA,7.293709042741237,2.261534126903702
236,EVQLVESGGGLVQPGGSLRLSCAASGFNIKDTYIHWVRQAPGKGLEWVARIYPTNGYTRYADSVKGRFTISADTSKNTAYLQMNSLRAEDTAVYYCARYMRPAFYPFLYWGQGTLVTVSSA,7.29362364416031,2.202605619106447
237,EVQLVESGGGLVQPGGSLRLSCAASGFNIKDTYIHWVRQAPGKGLEWVARIYPTNGYTRYADSVKGRFTISADTSKNTAYLQMNSLRAEDTAVYYCARWGSGNYYEFDYWGQGTLVTVSSA,7.283913146225168,2.5216794318710822
238,EVQLVESGGGLVQPGGSLRLSCAASGFNIKDTYIHWVRQAPGKGLEWVARIYPTNGYTRYADSVKGRFTISADTSKNTAYLQMNSLRAEDTAVYYCASYGSGSYFSFPLWGQGTLVTVSSA,7.268169579711838,2.5435636931020262
239,EVQLVESGGGLVQPGGSLRLSCAASGFNIKDTYIHWVRQAPGKGLEWVARIYPTNGYTRYADSVKGRFTISADTSKNTAYLQMNSLRAEDTAVYYCARYGYGAYYYFDYWGQGTLVTVSSA,7.267525822718807,2.364404788880223
240,EVQLVESGGGLVQPGGSLRLSCAASGFNIKDTYIHWVRQAPGKGLEWVARIYPTNGYTRYADSVKGRFTISADTSKNTAYLQMNSLRAEDTAVYYCTRYYSGHYYSFDYWGQGTLVTVSSA,7.249723084846007,2.6163955538018397
241,EVQLVESGGGLVQPGGSLRLSCAASGFNIKDTYIHWVRQAPGKGLEWVARIYPTNGYTRYADSVKGRFTISADTSKNTAYLQMNSLRAEDTAVYYCARYGGDYYYYYDYWGQGTLVTVSSA,7.24420134302617,2.2062748106816645
242,EVQLVESGGGLVQPGGSLRLSCAASGFNIKDTYIHWVRQAPGKGLEWVARIYPTNGYTRYADSVKGRFTISADTSKNTAYLQMNSLRAEDTAVYYCARYGGGYYYYYDYWGQGTLVTVSSA,7.239879214735432,2.205342814979902
243,EVQLVESGGGLVQPGGSLRLSCAASGFNIKDTYIHWVRQAPGKGLEWVARIYPTNGYTRYADSVKGRFTISADTSKNTAYLQMNSLRAEDTAVYYCTRYGSFGYYALDSWGQGTLVTVSSA,7.239351380418644,2.1847567582646374
244,EVQLVESGGGLVQPGGSLRLSCAASGFNIKDTYIHWVRQAPGKGLEWVARIYPTNGYTRYADSVKGRFTISADTSKNTAYLQMNSLRAEDTAVYYCARYGGLSYYSFDLWGQGTLVTVSSA,7.235823867609669,2.5435166350400746
245,EVQLVESGGGLVQPGGSLRLSCAASGFNIKDTYIHWVRQAPGKGLEWVARIYPTNGYTRYADSVKGRFTISADTSKNTAYLQMNSLRAEDTAVYYCTRYFGAYWYWMDYWGQGTLVTVSSA,7.22870655737094,1.9540866299937105
246,EVQLVESGGGLVQPGGSLRLSCAASGFNIKDTYIHWVRQAPGKGLEWVARIYPTNGYTRYADSVKGRFTISADTSKNTAYLQMNSLRAEDTAVYYCAKFHWGEDWLSDNWGQGTLVTVSSA,7.228412519118745,2.447115553426429
247,EVQLVESGGGLVQPGGSLRLSCAASGFNIKDTYIHWVRQAPGKGLEWVARIYPTNGYTRYADSVKGRFTISADTSKNTAYLQMNSLRAEDTAVYYCAGSVAEGWYHYRDWGQGTLVTVSSA,7.219682687859849,0.962521459771092
248,EVQLVESGGGLVQPGGSLRLSCAASGFNIKDTYIHWVRQAPGKGLEWVARIYPTNGYTRYADSVKGRFTISADTSKNTAYLQMNSLRAEDTAVYYCARYYGSSSYYFAYWGQGTLVTVSSA,7.217384067968396,2.6470784219363166
249,EVQLVESGGGLVQPGGSLRLSCAASGFNIKDTYIHWVRQAPGKGLEWVARIYPTNGYTRYADSVKGRFTISADTSKNTAYLQMNSLRAEDTAVYYCARSGYPGYGSFAYWGQGTLVTVSSA,7.216668237112576,1.8736042960720687
250,EVQLVESGGGLVQPGGSLRLSCAASGFNIKDTYIHWVRQAPGKGLEWVARIYPTNGYTRYADSVKGRFTISADTSKNTAYLQMNSLRAEDTAVYYCARTVVGWYGRFDYWGQGTLVTVSSA,7.196269829025456,2.0146104670634766
251,EVQLVESGGGLVQPGGSLRLSCAASGFNIKDTYIHWVRQAPGKGLEWVARIYPTNGYTRYADSVKGRFTISADTSKNTAYLQMNSLRAEDTAVYYCARNSGTGIWAFAYWGQGTLVTVSSA,7.187086643357144,2.172663291142099
252,EVQLVESGGGLVQPGGSLRLSCAASGFNIKDTYIHWVRQAPGKGLEWVARIYPTNGYTRYADSVKGRFTISADTSKNTAYLQMNSLRAEDTAVYYCARWGGTYYYAMDYWGQGTLVTVSSA,7.184887341810187,2.211106599605042
253,EVQLVESGGGLVQPGGSLRLSCAASGFNIKDTYIHWVRQAPGKGLEWVARIYPTNGYTRYADSVKGRFTISADTSKNTAYLQMNSLRAEDTAVYYCARWPPYYWWAFDYWGQGTLVTVSSA,7.183228587666654,2.2810507652317775
254,EVQLVESGGGLVQPGGSLRLSCAASGFNIKDTYIHWVRQAPGKGLEWVARIYPTNGYTRYADSVKGRFTISADTSKNTAYLQMNSLRAEDTAVYYCARWGNVGYYVLDYWGQGTLVTVSSA,7.176460566343141,2.2101710143714146
255,EVQLVESGGGLVQPGGSLRLSCAASGFNIKDTYIHWVRQAPGKGLEWVARIYPTNGYTRYADSVKGRFTISADTSKNTAYLQMNSLRAEDTAVYYCARAGGTSISLGHGWGQGTLVTVSSA,7.173925197299174,2.3513802254251877
256,EVQLVESGGGLVQPGGSLRLSCAASGFNIKDTYIHWVRQAPGKGLEWVARIYPTNGYTRYADSVKGRFTISADTSKNTAYLQMNSLRAEDTAVYYCARYGDAFIMSFGVWGQGTLVTVSSA,7.17134010346468,2.361069524692
257,EVQLVESGGGLVQPGGSLRLSCAASGFNIKDTYIHWVRQAPGKGLEWVARIYPTNGYTRYADSVKGRFTISADTSKNTAYLQMNSLRAEDTAVYYCAPWGTYRYGYFDHWGQGTLVTVSSA,7.1700533040583645,2.3130014764848856
258,EVQLVESGGGLVQPGGSLRLSCAASGFNIKDTYIHWVRQAPGKGLEWVARIYPTNGYTRYADSVKGRFTISADTSKNTAYLQMNSLRAEDTAVYYCAVYGPYGGFSYDSWGQGTLVTVSSA,7.150580586203101,1.0078268264029484
259,EVQLVESGGGLVQPGGSLRLSCAASGFNIKDTYIHWVRQAPGKGLEWVARIYPTNGYTRYADSVKGRFTISADTSKNTAYLQMNSLRAEDTAVYYCARWYYGTSYYFDVWGQGTLVTVSSA,7.149047600206507,2.6663684535158803
260,EVQLVESGGGLVQPGGSLRLSCAASGFNIKDTYIHWVRQAPGKGLEWVARIYPTNGYTRYADSVKGRFTISADTSKNTAYLQMNSLRAEDTAVYYCVYYYEAGSYYFDGWGQGTLVTVSSA,7.148497047229456,0.9992663491957239
261,EVQLVESGGGLVQPGGSLRLSCAASGFNIKDTYIHWVRQAPGKGLEWVARIYPTNGYTRYADSVKGRFTISADTSKNTAYLQMNSLRAEDTAVYYCAIWSMYDVGYYPFWGQGTLVTVSSA,7.144057053767684,2.2039497509540174
262,EVQLVESGGGLVQPGGSLRLSCAASGFNIKDTYIHWVRQAPGKGLEWVARIYPTNGYTRYADSVKGRFTISADTSKNTAYLQMNSLRAEDTAVYYCARYGLYGSYYFRYWGQGTLVTVSSA,7.1438755557577,0.9481911469184161
263,EVQLVESGGGLVQPGGSLRLSCAASGFNIKDTYIHWVRQAPGKGLEWVARIYPTNGYTRYADSVKGRFTISADTSKNTAYLQMNSLRAEDTAVYYCARYGGSSYYYYDYWGQGTLVTVSSA,7.140621495574399,2.5949729219955904
264,EVQLVESGGGLVQPGGSLRLSCAASGFNIKDTYIHWVRQAPGKGLEWVARIYPTNGYTRYADSVKGRFTISADTSKNTAYLQMNSLRAEDTAVYYCARWYSGYYYAMDYWGQGTLVTVSSA,7.137630062877117,2.1343040057373948
265,EVQLVESGGGLVQPGGSLRLSCAASGFNIKDTYIHWVRQAPGKGLEWVARIYPTNGYTRYADSVKGRFTISADTSKNTAYLQMNSLRAEDTAVYYCARYLTDADFRLHYWGQGTLVTVSSA,7.124533584133615,2.7315478030350544
266,EVQLVESGGGLVQPGGSLRLSCAASGFNIKDTYIHWVRQAPGKGLEWVARIYPTNGYTRYADSVKGRFTISADTSKNTAYLQMNSLRAEDTAVYYCAQWYDYGGTYLDYWGQGTLVTVSSA,7.114243118930733,2.256433699402481
267,EVQLVESGGGLVQPGGSLRLSCAASGFNIKDTYIHWVRQAPGKGLEWVARIYPTNGYTRYADSVKGRFTISADTSKNTAYLQMNSLRAEDTAVYYCTRWRWGYGYYFDFWGQGTLVTVSSA,7.107126593111235,2.160690515994069
268,EVQLVESGGGLVQPGGSLRLSCAASGFNIKDTYIHWVRQAPGKGLEWVARIYPTNGYTRYADSVKGRFTISADTSKNTAYLQMNSLRAEDTAVYYCARYYGGGGYYMDYWGQGTLVTVSSA,7.102098125731772,0.9992663491957239
269,EVQLVESGGGLVQPGGSLRLSCAASGFNIKDTYIHWVRQAPGKGLEWVARIYPTNGYTRYADSVKGRFTISADTSKNTAYLQMNSLRAEDTAVYYCSRYGRGVYYYFDYWGQGTLVTVSSA,7.098759697926691,2.6885646747391876
270,EVQLVESGGGLVQPGGSLRLSCAASGFNIKDTYIHWVRQAPGKGLEWVARIYPTNGYTRYADSVKGRFTISADTSKNTAYLQMNSLRAEDTAVYYCTRYSRSYYYGLDPWGQGTLVTVSSA,7.096367483915762,2.2036297697721707
271,EVQLVESGGGLVQPGGSLRLSCAASGFNIKDTYIHWVRQAPGKGLEWVARIYPTNGYTRYADSVKGRFTISADTSKNTAYLQMNSLRAEDTAVYYCARPSYDVGGDMLFWGQGTLVTVSSA,7.079615757821642,2.42953739281337
272,EVQLVESGGGLVQPGGSLRLSCAASGFNIKDTYIHWVRQAPGKGLEWVARIYPTNGYTRYADSVKGRFTISADTSKNTAYLQMNSLRAEDTAVYYCARYVTANTYSYDPWGQGTLVTVSSA,7.07805354577059,2.5303181142338897
273,EVQLVESGGGLVQPGGSLRLSCAASGFNIKDTYIHWVRQAPGKGLEWVARIYPTNGYTRYADSVKGRFTISADTSKNTAYLQMNSLRAEDTAVYYCARWGTYTYGYFDYWGQGTLVTVSSA,7.05487622987788,2.454071996680773
274,EVQLVESGGGLVQPGGSLRLSCAASGFNIKDTYIHWVRQAPGKGLEWVARIYPTNGYTRYADSVKGRFTISADTSKNTAYLQMNSLRAEDTAVYYCARWARGAGYYWDYWGQGTLVTVSSA,7.04774046340918,2.51704889339179
275,EVQLVESGGGLVQPGGSLRLSCAASGFNIKDTYIHWVRQAPGKGLEWVARIYPTNGYTRYADSVKGRFTISADTSKNTAYLQMNSLRAEDTAVYYCARYPSGYYYYFDYWGQGTLVTVSSA,7.045130628933522,2.2158530244782453
276,EVQLVESGGGLVQPGGSLRLSCAASGFNIKDTYIHWVRQAPGKGLEWVARIYPTNGYTRYADSVKGRFTISADTSKNTAYLQMNSLRAEDTAVYYCARYGGSSYYYFDYWGQGTLVTVSSA,7.012467797270161,2.59447230922445
277,EVQLVESGGGLVQPGGSLRLSCAASGFNIKDTYIHWVRQAPGKGLEWVARIYPTNGYTRYADSVKGRFTISADTSKNTAYLQMNSLRAEDTAVYYCARYGDGTYYFFAHWGQGTLVTVSSA,7.011887159731648,2.6587207326371454
278,EVQLVESGGGLVQPGGSLRLSCAASGFNIKDTYIHWVRQAPGKGLEWVARIYPTNGYTRYADSVKGRFTISADTSKNTAYLQMNSLRAEDTAVYYCAKYDTAGSYHFDVWGQGTLVTVSSA,7.010060986715464,2.1874608472000365
279,EVQLVESGGGLVQPGGSLRLSCAASGFNIKDTYIHWVRQAPGKGLEWVARIYPTNGYTRYADSVKGRFTISADTSKNTAYLQMNSLRAEDTAVYYCAFADSGAYGIWSFWGQGTLVTVSSA,7.006916639301938,2.3316085292068873
280,EVQLVESGGGLVQPGGSLRLSCAASGFNIKDTYIHWVRQAPGKGLEWVARIYPTNGYTRYADSVKGRFTISADTSKNTAYLQMNSLRAEDTAVYYCARYDYYGYYYFDYWGQGTLVTVSSA,7.004584201457585,0.9992663491957239
281,EVQLVESGGGLVQPGGSLRLSCAASGFNIKDTYIHWVRQAPGKGLEWVARIYPTNGYTRYADSVKGRFTISADTSKNTAYLQMNSLRAEDTAVYYCARSYAYLYGSWDYWGQGTLVTVSSA,6.991399828238083,2.5515142843339307
282,EVQLVESGGGLVQPGGSLRLSCAASGFNIKDTYIHWVRQAPGKGLEWVARIYPTNGYTRYADSVKGRFTISADTSKNTAYLQMNSLRAEDTAVYYCARDGGRSYYSFYYWGQGTLVTVSSA,6.984598326297051,2.542257599190627
283,EVQLVESGGGLVQPGGSLRLSCAASGFNIKDTYIHWVRQAPGKGLEWVARIYPTNGYTRYADSVKGRFTISADTSKNTAYLQMNSLRAEDTAVYYCTRNVVNLYYSYDSWGQGTLVTVSSA,6.982716178439982,2.5552310792236956
284,EVQLVESGGGLVQPGGSLRLSCAASGFNIKDTYIHWVRQAPGKGLEWVARIYPTNGYTRYADSVKGRFTISADTSKNTAYLQMNSLRAEDTAVYYCARYYSYGGYYFDYWGQGTLVTVSSA,6.975309137644569,0.9992663491957239
285,EVQLVESGGGLVQPGGSLRLSCAASGFNIKDTYIHWVRQAPGKGLEWVARIYPTNGYTRYADSVKGRFTISADTSKNTAYLQMNSLRAEDTAVYYCARNGYYGGYAFDYWGQGTLVTVSSA,6.964170174747172,2.15615590694281
286,EVQLVESGGGLVQPGGSLRLSCAASGFNIKDTYIHWVRQAPGKGLEWVARIYPTNGYTRYADSVKGRFTISADTSKNTAYLQMNSLRAEDTAVYYCVLSRIVVSYFYDYWGQGTLVTVSSA,6.961777361631282,2.735509468102613
287,EVQLVESGGGLVQPGGSLRLSCAASGFNIKDTYIHWVRQAPGKGLEWVARIYPSNGYTRYADSVKGRFTISADTSKNTAYLQMNSLRAEDTAVYYCARYYGGSMYYYGYWGQGTLVTVSSA,6.961697827800475,2.637246473232123
288,EVQLVESGGGLVQPGGSLRLSCAASGFNIKDTYIHWVRQAPGKGLEWVARIYPTNGYTRYADSVKGRFTISADTSKNTAYLQMNSLRAEDTAVYYCSRIRRWGFYYFDYWGQGTLVTVSSA,6.956362690407429,1.894838168908235
289,EVQLVESGGGLVQPGGSLRLSCAASGFNIKDTYIHWVRQAPGKGLEWVARIYPTNGYTRYADSVKGRFTISADTSKNTAYLQMNSLRAEDTAVYYCARGFVYAGIPFDYWGQGTLVTVSSA,6.950781977329818,2.4373801493437135
290,EVQLVESGGGLVQPGGSLRLSCAASGFNIKDTYIHWVRQAPGKGLEWVARIYPTNGYTRYADSVKGRFTISADTSKNTAYLQMNSLRAEDTAVYYCARYYSDYSYTFSYWGQGTLVTVSSA,6.950045851977953,2.1961642253137255
291,EVQLVESGGGLVQPGGSLRLSCAASGFNIKDTYIHWVRQAPGKGLEWVARIYPTNGYTRYADSVKGRFTISADTSKNTAYLQMNSLRAEDTAVYYCARWWYGGRNYFDIWGQGTLVTVSSA,6.935055573961383,1.6315952330766077
292,EVQLVESGGGLVQPGGSLRLSCAASGFNIKDTYIHWVRQAPGKGLEWVARIYPTNGYTRYADSVKGRFTISADTSKNTAYLQMNSLRAEDTAVYYCTRSGELYGYFHDMWGQGTLVTVSSA,6.921217039803037,2.0852384149959793
293,EVQLVESGGGLVQPGGSLRLSCAASGFNIKDTYIHWVRQAPGKGLEWVARIYPTNGYTRYADSVKGRFTISADTSKNTAYLQMNSLRAEDTAVYYCARWATALGYYWDYWGQGTLVTVSSA,6.916891720805265,2.533316395275443
294,EVQLVESGGGLVQPGGSLRLSCAASGFNIKDTYIHWVRQAPGKGLEWVARIYPTNGYTRYADSVKGRFTISADTSKNTAYLQMNSLRAEDTAVYYCARWGGYGWYGFDYWGQGTLVTVSSA,6.909741947068683,0.9992663491957239
295,EVQLVESGGGLVQPGGSLRLSCAASGFNIKDTYIHWVRQAPGKGLEWVARIYPTNGYTRYADSVKGRFTISADTSKNTAYLQMNSLRAEDTAVYYCARDGGGGFYAYDYWGQGTLVTVSSA,6.906018296085887,0.9992663491957239
296,EVQLVESGGGLVQPGGSLRLSCAASGFNIKDTYIHWVRQAPGKGLEWVARIYPTNGYTRYADSVKGRFTISADTSKNTAYLQMNSLRAEDTAVYYCARFSGYGAYDYAYWGQGTLVTVSSA,6.903124731940313,0.9992663491957239
297,EVQLVESGGGLVQPGGSLRLSCAASGFNIKDTYIHWVRQAPGKGLEWVARIYPTNGYTRYADSVKGRFTISADTSKNTAYLQMNSLRAEDTAVYYCARDGYPQYGGYGYWGQGTLVTVSSA,6.896983509671685,1.8908895936063206
298,EVQLVESGGGLVQPGGSLRLSCAASGFNIKDTYIHWVRQAPGKGLEWVARIYPTNGYTRYADSVKGRFTISADTSKNTAYLQMNSLRAEDTAVYYCARYGRDGSYYFDYWGQGTLVTVSSA,6.894489815230026,1.8403803951226996
299,EVQLVESGGGLVQPGGSLRLSCAASGFNIKDTYIHWVRQAPGKGLEWVARIYPTNGYTRYADSVKGRFTISADTSKNTAYLQMNSLRAEDTAVYYCAGYEGYGLYPFAYWGQGTLVTVSSA,6.892450870255314,1.003331011572025
300,EVQLVESGGGLVQPGGSLRLSCAASGFNIKDTYIHWVRQAPGKGLEWVARIYPTNGYTRYADSVKGRFTISADTSKNTAYLQMNSLRAEDTAVYYCATYYGPYYYAMDYWGQGTLVTVSSA,6.891536458796405,2.2113348759674007
301,EVQLVESGGGLVQPGGSLRLSCAASGFNIKDTYIHWVRQAPGKGLEWVARIYPTNGYTRYADSVKGRFTISADTSKNTAYLQMNSLRAEDTAVYYCARSNYYYGSGFAYWGQGTLVTVSSA,6.890117856800899,1.836322480339101
302,EVQLVESGGGLVQPGGSLRLSCAASGFNIKDTYIHWVRQAPGKGLEWVARIYPTNGYTRYADSVKGRFTISADTSKNTAYLQMNSLRAEDTAVYYCSRWGGEGYHAMDYWGQGTLVTVSSA,6.884023570545183,0.9992663491957239
303,EVQLVESGGGLVQPGGSLRLSCAASGFNIKDTYIHWVRQAPGKGLEWVARIYPTNGYTRYADSVKGRFTISADTSKNTAYLQMNSLRAEDTAVYYCVRLGDYGGYAMDYWGQGTLVTVSSA,6.881074247174223,2.1885685121435348
304,EVQLVESGGGLVQPGGSLRLSCAASGFNIKDTYIHWVRQAPGKGLEWVARIYPTNGYTRYADSVKGRFTISADTSKNTAYLQMNSLRAEDTAVYYCARWWTPANYPFLYWGQGTLVTVSSA,6.876148359032914,2.473627387199353
305,EVQLVESGGGLVQPGGSLRLSCAASGFNIKDTYIHWVRQAPGKGLEWVARIDPANGYTRYADSVKGRFTISADTSKNTAYLQMNSLRAEDTAVYYCARVGGRGYYYYDYWGQGTLVTVSSA,6.872992442628673,0.9509931670392036
306,EVQLVESGGGLVQPGGSLRLSCAASGFNIKDTYIHWVRQAPGKGLEWVARIYPTNGYTRYADSVKGRFTISADTSKNTAYLQMNSLRAEDTAVYYCARSHIGYYGQVALWGQGTLVTVSSA,6.87137459512405,2.3655879171465997
307,EVQLVESGGGLVQPGGSLRLSCAASGFNIKDTYIHWVRQAPGKGLEWVARIYPTNGYTRYADSVKGRFTISADTSKNTAYLQMNSLRAEDTAVYYCASYYAPGSYGFDPWGQGTLVTVSSA,6.869601896347199,0.9992663491957239
308,EVQLVESGGGLVQPGGSLRLSCAASGFNIKDTYIHWVRQAPGKGLEWVARIYPTNGYTRYADSVKGRFTISADTSKNTAYLQMNSLRAEDTAVYYCARYGLNHYYVYPYWGQGTLVTVSSA,6.86867010595719,2.628200046255205
309,EVQLVESGGGLVQPGGSLRLSCAASGFNIKDTYIHWVRQAPGKGLEWVARIYPTNGYTRYADSVKGRFTISADTSKNTAYLQMNSLRAEDTAVYYCARSYFRFTGDFFYWGQGTLVTVSSA,6.86847757108693,2.044919409843632
310,EVQLVESGGGLVQPGGSLRLSCAASGFNIKDTYIHWVRQAPGKGLEWVARIYPTNGYTRYADSVKGRFTISADTSKNTAYLQMNSLRAEDTAVYYCARWWGYGYYYFAYWGQGTLVTVSSA,6.854648183441539,0.9992663491957239
311,EVQLVESGGGLVQPGGSLRLSCAASGFNIKDTYIHWVRQAPGKGLEWVARIYPTNGYTRYADSVKGRFTISADTSKNTAYLQMNSLRAEDTAVYYCSRYYDYNYYFMDYWGQGTLVTVSSA,6.8494584586259135,2.4766305813688865
312,EVQLVESGGGLVQPGGSLRLSCAASGFNIKDTYIHWVRQAPGKGLEWVARIYPTNGYTRYADSVKGRFTISADTSKNTAYLQMNSLRAEDTAVYYCARDGGSSSYSYSYWGQGTLVTVSSA,6.834696307531639,2.7894629744498323
313,EVQLVESGGGLVQPGGSLRLSCAASGFNIKDTYIHWVRQAPGKGLEWVARIYPTNGYTRYADSVKGRFTISADTSKNTAYLQMNSLRAEDTAVYYCARTTSSIPSSFDYWGQGTLVTVSSA,6.827484636989228,2.2058330252077205
314,EVQLVESGGGLVQPGGSLRLSCAASGFNIKDTYIHWVRQAPGKGLEWVARIYPTNGYTRYADSVKGRFTISADTSKNTAYLQMNSLRAEDTAVYYCARYRYGYYYYMDVWGQGTLVTVSSA,6.8228676829582255,2.0444266726382243
315,EVQLVESGGGLVQPGGSLRLSCAASGFNIKDTYIHWVRQAPGKGLEWVARIYPTNGYTRYADSVKGRFTISADTSKNTAYLQMNSLRAEDTAVYYCARYGSLTYYAMHYWGQGTLVTVSSA,6.820735535660975,2.3339126332781444
316,EVQLVESGGGLVQPGGSLRLSCAASGFNIKDTYIHWVRQAPGKGLEWVARIYPTNGYTRYADSVKGRFTISADTSKNTAYLQMNSLRAEDTAVYYCARYYYLDYYYFDYWGQGTLVTVSSA,6.815649325953044,2.528141745904663
317,EVQLVESGGGLVQPGGSLRLSCAASGFNIKDTYIHWVRQAPGKGLEWVARIYPTNGYTRYADSVKGRFTISADTSKNTAYLQMNSLRAEDTAVYYCARDGYPFYSGMDYWGQGTLVTVSSA,6.813835038272585,1.9995419520413877
318,EVQLVESGGGLVQPGGSLRLSCAASGFNIKDTYIHWVRQAPGKGLEWVARIYPTNGYTRYADSVKGRFTISADTSKNTAYLQMNSLRAEDTAVYYCATSGSVDRYDYVYWGQGTLVTVSSA,6.810565836598972,2.3366653982575016
319,EVQLVESGGGLVQPGGSLRLSCAASGFNIKDTYIHWVRQAPGKGLEWVARIYPTNGYTRYADSVKGRFTISADTSKNTAYLQMNSLRAEDTAVYYCARYNPFDGFYFDVWGQGTLVTVSSA,6.808269606637143,2.521936846694288
320,EVQLVESGGGLVQPGGSLRLSCAASGFNIKDTYIHWVRQAPGKGLEWVARIYPTNGYTRYADSVKGRFTISADTSKNTAYLQMNSLRAEDTAVYYCARSSGYYYYGFVYWGQGTLVTVSSA,6.803022864624881,2.5961451128717226
321,EVQLVESGGGLVQPGGSLRLSCAASGFNIKDTYIHWVRQAPGKGLEWVARIDPADGYTRYADSVKGRFTISADTSKNTAYLQMNSLRAEDTAVYYCAREGGYGYYAMDYWGQGTLVTVSSA,6.79547305700016,1.0007177609967537
322,EVQLVESGGGLVQPGGSLRLSCAASGFNIKDTYIHWVRQAPGKGLEWVARIYPTNGYTRYADSVKGRFTISADTSKNTAYLQMNSLRAEDTAVYYCARGYYQDSQSWGYWGQGTLVTVSSA,6.781202001888262,2.6604490256629267
323,EVQLVESGGGLVQPGGSLRLSCAASGFNIKDTYIHWVRQAPGKGLEWVARIYPTNGYTRYADSVKGRFTISADTSKNTAYLQMNSLRAEDTAVYYCARVGGYGYYSYDYWGQGTLVTVSSA,6.772936407657174,2.2118868301446377
324,EVQLVESGGGLVQPGGSLRLSCAASGFNIKDTYIHWVRQAPGKGLEWVARIYPTNGYTRYADSVKGRFTISADTSKNTAYLQMNSLRAEDTAVYYCASSGRLDLYDFRLWGQGTLVTVSSA,6.768224676024905,2.669896173816545
325,EVQLVESGGGLVQPGGSLRLSCAASGFNIKDTYIHWVRQAPGKGLEWVARIYPTNGYTRYADSVKGRFTISADTSKNTAYLQMNSLRAEDTAVYYCATGYGYLLYSDHDWGQGTLVTVSSA,6.766445507285477,2.4146884535066304
326,EVQLVESGGGLVQPGGSLRLSCAASGFNIKDTYIHWVRQAPGKGLEWVARIYPTNGYTRYADSVKGRFTISADTSKNTAYLQMNSLRAEDTAVYYCATGSGGGGFSYGYWGQGTLVTVSSA,6.740167300936516,0.9752392557879284
327,EVQLVESGGGLVQPGGSLRLSCAASGFNIKDTYIHWVRQAPGKGLEWVARIYPTNGYTRYADSVKGRFTISADTSKNTAYLQMNSLRAEDTAVYYCAQYGRGGYWYFDYWGQGTLVTVSSA,6.724780813217851,2.3420038643310193
328,EVQLVESGGGLVQPGGSLRLSCAASGFNIKDTYIHWVRQAPGKGLEWVARIYPTNGYTRYADSVKGRFTISADTSKNTAYLQMNSLRAEDTAVYYCARSYAFLYGRMDYWGQGTLVTVSSA,6.724688645458189,2.4268577216479934
329,EVQLVESGGGLVQPGGSLRLSCAASGFNIKDTYIHWVRQAPGKGLEWVARIYPTNGYTRYADSVKGRFTISADTSKNTAYLQMNSLRAEDTAVYYCARYSYYGGGAFDYWGQGTLVTVSSA,6.719194071606333,1.8061830715556746
330,EVQLVESGGGLVQPGGSLRLSCAASGFNIKDYYIHWVRQAPGKGLEWVARIYPSRGYTRYADSVKGRFTISADTSKNTAYLQMNSLRAEDTAVYYCARHGSEGRYTMDVWGQGTLVTVSSA,6.716517852951029,2.1254388350098687
331,EVQLVESGGGLVQPGGSLRLSCAASGFNIKDTYIHWVRQAPGKGLEWVARIYPTNGYTRYADSVKGRFTISADTSKNTAYLQMNSLRAEDTAVYYCARDSPYYGSLYLYWGQGTLVTVSSA,6.688097868580511,1.9114374697527632
332,EVQLVESGGGLVQPGGSLRLSCAASGFNIKDTYIHWVRQAPGKGLEWVARIYPANGYTRYADSVKGRFTISADTSKNTAYLQMNSLRAEDTAVYYCAREGGVGYYSFAYWGQGTLVTVSSA,6.671335038558475,2.31869010506637
333,EVQLVESGGGLVQPGGSLRLSCAASGFNIKDTYIHWVRQAPGKGLEWVARIYPTNGYTRYADSVKGRFTISADTSKNTAYLQMNSLRAEDTAVYYCSRYSYSGGHAFAYWGQGTLVTVSSA,6.669992299127241,0.9992663491957239
334,EVQLVESGGGLVQPGGSLRLSCAASGFNIKDTYIHWVRQAPGKGLEWVARIYPTNGYTRYADSVKGRFTISADTSKNTAYLQMNSLRAEDTAVYYCARWYGLGSYGLTYWGQGTLVTVSSA,6.65233829087838,2.128076313959974
335,EVQLVESGGGLVQPGGSLRLSCAASGFNVSSSYIHWVRQAPGKGLEWVARIYPENGSTRYADSVKGRFTISADTSKNTAYLQMNSLRAEDTAVYYCSRYSYYGGYAFDYWGQGTLVTVSSA,6.648010544564368,2.14783773301469
336,EVQLVESGGGLVQPGGSLRLSCAASGFNIKDTYIHWVRQAPGKGLEWVARIYPTNGYTRYADSVKGRFTISADTSKNTAYLQMNSLRAEDTAVYYCARWEQASVGSFGYWGQGTLVTVSSA,6.646179905102587,2.303346613745383
337,EVQLVESGGGLVQPGGSLRLSCAASGFNIKDTYIHWVRQAPGKGLEWVARIYPTNGYTRYADSVKGRFTISADTSKNTAYLQMNSLRAEDTAVYYCARSGGYYHYGFVYWGQGTLVTVSSA,6.642160403462019,2.600970720921621
338,EVQLVESGGGLVQPGGSLRLSCAASGFNIKDTYIHWVRQAPGKGLEWVARIYPSNGYTRYADSVKGRFTISADTSKNTAYLQMNSLRAEDTAVYYCARSSGYYSYSYDYWGQGTLVTVSSA,6.638102255904119,2.1548079630298647
339,EVQLVESGGGLVQPGGSLRLSCAASGFNIKDTYIHWVRQAPGKGLEWVARIYPTNGYTRYADSVKGRFTISADTSKNTAYLQMNSLRAEDTAVYYCARWRYGGAYQFALWGQGTLVTVSSA,6.637310229273836,2.1416875746914483
340,EVQLVESGGGLVQPGGSLRLSCAASGFNIKDTYIHWVRQAPGKGLEWVARIYPTNGYTRYADSVKGRFTISADTSKNTAYLQMNSLRAEDTAVYYCSRWGTDGVYAMDYWGQGTLVTVSSA,6.63712186421107,2.0795262581063003
341,EVQLVESGGGLVQPGGSLRLSCAASGFNIKDTYIHWVRQAPGKGLEWVARIYPTNGYTRYADSVKGRFTISADTSKNTAYLQMNSLRAEDTAVYYCARDGGMYRYGLYGWGQGTLVTVSSA,6.635824367229381,2.0325457869075905
342,EVQLVESGGGLVQPGGSLRLSCAASGFNIKDTYIHWVRQAPGKGLEWVARIYPTNGYTRYADSVKGRFTISADTSKNTAYLQMNSLRAEDTAVYYCSRWDGDGNYAMDYWGQGTLVTVSSA,6.621093599976739,0.9992663491957239
343,EVQLVESGGGLVQPGGSLRLSCAASGFNIKDTYIHWVRQAPGKGLEWVARIYPTNGYTRYADSVKGRFTISADTSKNTAYLQMNSLRAEDTAVYYCARYGGGPSYRLSYWGQGTLVTVSSA,6.613750803291077,2.5348535523075855
344,EVQLVESGGGLVQPGGSLRLSCAASGFNIKDTYIHWVRQAPGKGLEWVARIYPTNGYTRYADSVKGRFTISADTSKNTAYLQMNSLRAEDTAVYYCARWSGGSLYALDYWGQGTLVTVSSA,6.600845666041783,2.5337033165697487
345,EVQLVESGGGLVQPGGSLRLSCAASGFNIKDTYIHWVRQAPGKGLEWVARIYPTNGYTRYADSVKGRFTISADTSKNTAYLQMNSLRAEDTAVYYCSRKGGDGFYGMDYWGQGTLVTVSSA,6.596553451224123,0.9992663491957239
346,EVQLVESGGGLVQPGGSLRLSCAASGFNIKDTYIHWVRQAPGKGLEWVARIYPTNGYTRYADSVKGRFTISADTSKNTAYLQMNSLRAEDTAVYYCARGHYSLGYSFDFWGQGTLVTVSSA,6.591760034688151,2.423554098816816
347,EVQLVESGGGLVQPGGSLRLSCAASGFNIKDTYIHWVRQAPGKGLEWVARIYPTNGYTRYADSVKGRFTISADTSKNTAYLQMNSLRAEDTAVYYCSRRGGDYFYAMDYWGQGTLVTVSSA,6.591353074344235,2.1976973483002125
348,EVQLVESGGGLVQPGGSLRLSCAASGFNIKDTYIHWVRQAPGKGLEWVARIYPTNGYTRYADSVKGRFTISADTSKNTAYLQMNSLRAEDTAVYYCARDGGIAYYYFAYWGQGTLVTVSSA,6.589982391796948,2.488015087334648
349,EVQLVESGGGLVQPGGSLRLSCAASGFNIKDTYIHWVRQAPGKGLEWVARIYPTNGYTRYADSVKGRFTISADTSKNTAYLQMNSLRAEDTAVYYCARYGGRSSYYFDYWGQGTLVTVSSA,6.589864140580731,2.5381014545354
350,EVQLVESGGGLVQPGGSLRLSCAASGFNIKDTYIHWVRQAPGKGLEWVARIYPTNGYTRYADSVKGRFTISADTSKNTAYLQMNSLRAEDTAVYYCSRSGGDQFYAMDYWGQGTLVTVSSA,6.573179800036645,2.292910089594885
351,EVQLVESGGGLVQPGGSLRLSCAASGFNIKDTYIHWVRQAPGKGLEWVARIDPENGYTRYADSVKGRFTISADTSKNTAYLQMNSLRAEDTAVYYCARVGGYGYYYYDYWGQGTLVTVSSA,6.556987488783215,2.1813706859401822
352,EVQLVESGGGLVQPGGSLRLSCAASGFNIKDTYIHWVRQAPGKGLEWVARIYPTNGYTRYADSVKGRFTISADTSKNTAYLQMNSLRAEDTAVYYCARDGIYGYGGFAYWGQGTLVTVSSA,6.556674416046255,1.9729698970459348
353,EVQLVESGGGLVQPGGSLRLSCAASGFNIKDTYIHWVRQAPGKGLEWVARIYPTNGYTRYADSVKGRFTISADTSKNTAYLQMNSLRAEDTAVYYCARDVYVGSPVFDYWGQGTLVTVSSA,6.5562364930224994,2.071045558096129
354,EVQLVESGGGLVQPGGSLRLSCAASGFNIKDTYIHWVRQAPGKGLEWVARIYPTNGYTRYADSVKGRFTISADTSKNTAYLQMNSLRAEDTAVYYCARSNNWYSYSFQFWGQGTLVTVSSA,6.555955204081924,2.221356168141351
355,EVQLVESGGGLVQPGGSLRLSCAASGFNIKDTYIHWVRQAPGKGLEWVARIYPTNGYTRYADSVKGRFTISADTSKNTAYLQMNSLRAEDTAVYYCSRWGADGFTAMDYWGQGTLVTVSSA,6.551649298004096,0.9472466629774612
356,EVQLVESGGGLVQPGGSLRLSCAASGFNIKDTYIHWVRQAPGKGLEWVARIYPTNGYTRYADSVKGRFTISADTSKNTAYLQMNSLRAEDTAVYYCAYMGSHTIYSFEHWGQGTLVTVSSA,6.521433504406157,2.800351849984353
357,EVQLVESGGGLVQPGGSLRLSCAASGFNIKDTYIHWVRQAPGKGLEWVARIYPTNGYTRYADSVKGRFTISADTSKNTAYLQMNSLRAEDTAVYYCSRWGLDGVYAMDYWGQGTLVTVSSA,6.520323937131855,2.097343703372122
358,EVQLVESGGGLVQPGGSLRLSCAASGFNIKDTYIHWVRQAPGKGLEWVARIYPTNGYTRYADSVKGRFTISADTSKNTAYLQMNSLRAEDTAVYYCARSGGGSYYYYDYWGQGTLVTVSSA,6.512112511761912,2.616902888469891
359,EVQLVESGGGLVQPGGSLRLSCAASGFNIKDTYIHWVRQAPGKGLEWVARIYPTNGYTRYADSVKGRFTISADTSKNTAYLQMNSLRAEDTAVYYCSRWGGDGFTFMDYWGQGTLVTVSSA,6.5074072167442925,0.9992663491957239
360,EVQLVESGGGLVQPGGSLRLSCAASGFNIKDTYIHWVRQAPGKGLEWVARIYPTNGYTRYADSVKGRFTISADTSKNTAYLQMNSLRAEDTAVYYCATSGTASWQHYGVWGQGTLVTVSSA,6.4922115705718575,2.2475540400823406
361,EVQLVESGGGLVQPGGSLRLSCAASGFNIKDTYIHWVRQAPGKGLEWVARIYPTNGYTRYADSVKGRFTISADTSKNTAYLQMNSLRAEDTAVYYCARLGASHGYLYDDWGQGTLVTVSSA,6.484695879289678,2.5595896579978605
362,EVQLVESGGGLVQPGGSLRLSCAASGFNIKDTYIHWVRQAPGKGLEWVARIYPTNGYTRYADSVKGRFTISADTSKNTAYLQMNSLRAEDTAVYYCARSTGSGFYSYDYWGQGTLVTVSSA,6.481525543233364,0.9805050761622951
363,EVQLVESGGGLVQPGGSLRLSCAASGFNIKDTYIHWVRQAPGKGLEWVARIYPTNGYTRYADSVKGRFTISADTSKNTAYLQMNSLRAEDTAVYYCARSGGYYTYGFDYWGQGTLVTVSSA,6.471533245943799,2.214025470934024
364,EVQLVESGGGLVQPGGSLRLSCAASGFNIKDTYIHWVRQAPGKGLEWVARIYPSNGYTRYADSVKGRFTISADTSKNTAYLQMNSLRAEDTAVYYCARSGYYYSYSFDYWGQGTLVTVSSA,6.458970211449147,2.1371498448143997
365,EVQLVESGGGLVQPGGSLRLSCAASGFNIKDTYIHWVRQAPGKGLEWVARIYPTNGYTRYADSVKGRFTISADTSKNTAYLQMNSLRAEDTAVYYCTRYSYYGYHAMDYWGQGTLVTVSSA,6.451549158419995,0.9927735056668208
366,EVQLVESGGGLVQPGGSLRLSCAASGFNIKDTYIHWVRQAPGKGLEWVARIYPTNGYTRYADSVKGRFTISADTSKNTAYLQMNSLRAEDTAVYYCARDYDFGLSVGAVWGQGTLVTVSSA,6.44660248987612,1.964692880670766
367,EVQLVESGGGLVQPGGSLRLSCAASGFNIKDTYIHWVRQAPGKGLEWVARIYPTNGYTRYADSVKGRFTISADTSKNTAYLQMNSLRAEDTAVYYCSRYSYSGGGSFDYWGQGTLVTVSSA,6.441471423037927,0.7731784907526686
368,EVQLVESGGGLVQPGGSLRLSCAASGFNIKDTYIHWVRQAPGKGLEWVARIYPTNGYTRYADSVKGRFTISADTSKNTAYLQMNSLRAEDTAVYYCARDGGGGVYAFTYWGQGTLVTVSSA,6.43937612545007,2.3195969091568536
369,EVQLVESGGGLVQPGGSLRLSCAASGFNIKDTYIHWVRQAPGKGLEWVARIYPTNGYTRYADSVKGRFTISADTSKNTAYLQMNSLRAEDTAVYYCARYSGDSYYYYDYWGQGTLVTVSSA,6.436257941704293,2.5411367902204325
370,EVQLVESGGGLVQPGGSLRLSCAASGFNIKDTYIHWVRQAPGKGLEWVARIYPTNGYTRYADSVKGRFTISADTSKNTAYLQMNSLRAEDTAVYYCARYHYRTIGSFGYWGQGTLVTVSSA,6.435333935747911,2.422972144741091
371,EVQLVESGGGLVQPGGSLRLSCAASGFNIKDTYIHWVRQAPGKGLEWVARIYPTNGYTRYADSVKGRFTISADTSKNTAYLQMNSLRAEDTAVYYCAWASGYGGYGMDYWGQGTLVTVSSA,6.433586079379844,0.9992663491957239
372,EVQLVESGGGLVQPGGSLRLSCAASGFNIKDTYIHWVRQAPGKGLEWVARIYPTNGYTRYADSVKGRFTISADTSKNTAYLQMNSLRAEDTAVYYCARYRDGYDYYFDYWGQGTLVTVSSA,6.418824322981798,2.1167425122797523
373,EVQLVESGGGLVQPGGSLRLSCAASGFNIKDTYIHWVRQAPGKGLEWVARIYPTNGYTRYADSVKGRFTISADTSKNTAYLQMNSLRAEDTAVYYCSRWGGDGFQHMDYWGQGTLVTVSSA,6.404514801016897,1.1526137361412818
374,EVQLVESGGGLVQPGGSLRLSCAASGFNIKDTWIHWVRQAPGKGLEWVARIDPANGYTRYADSVKGRFTISADTSKNTAYLQMNSLRAEDTAVYYCARVGGRGYYYYDYWGQGTLVTVSSA,6.404349487748598,2.221228450564916
375,EVQLVESGGGLVQPGGSLRLSCAASGFNIKDTYIHWVRQAPGKGLEWVARIYPTNGYTRYADSVKGRFTISADTSKNTAYLQMNSLRAEDTAVYYCARDGGRGRYAMDYWGQGTLVTVSSA,6.395363613701377,0.9992663491957239
376,EVQLVESGGGLVQPGGSLRLSCAASGFNIKDTYIHWVRQAPGKGLEWVARIYPTNGYTRYADSVKGRFTISADTSKNTAYLQMNSLRAEDTAVYYCARYSGSSYYYYDYWGQGTLVTVSSA,6.374019126688331,2.625286149968444
377,EVQLVESGGGLVQPGGSLRLSCAASGFNIKDTYIHWVRQAPGKGLEWVARIYPTNGYTRYADSVKGRFTISADTSKNTAYLQMNSLRAEDTAVYYCARYGGSSNYYYDYWGQGTLVTVSSA,6.35591608142317,2.5304733069718344
378,EVQLVESGGGLVQPGGSLRLSCAASGFNIKDTYIHWVRQAPGKGLEWVARIYPTNGYTRYADSVKGRFTISADTSKNTAYLQMNSLRAEDTAVYYCATGLSPSGSNGPYWGQGTLVTVSSA,6.352362787729886,2.3473228871191782
379,EVQLVESGGGLVQPGGSLRLSCAASGFNIKDTYIHWVRQAPGKGLEWVARIYPTNGYTRYADSVKGRFTISADTSKNTAYLQMNSLRAEDTAVYYCVRSGYDYYSWFAYWGQGTLVTVSSA,6.332229614493109,1.96897968448098
380,EVQLVESGGGLVQPGGSLRLSCAASGFNIKDTYIHWVRQAPGKGLEWVARIYPANGYTRYADSVKGRFTISADTSKNTAYLQMNSLRAEDTAVYYCASSGGGYSYYYTYWGQGTLVTVSSA,6.3225938180200565,2.5630397040917967
381,EVQLVESGGGLVQPGGSLRLSCAASGFNIKDTYIHWVRQAPGKGLEWVARIYPTNGYTRYADSVKGRFTISADTSKNTAYLQMNSLRAEDTAVYYCARYSYYGGGYFDYWGQGTLVTVSSA,6.3209811505990245,1.8061830715556746
382,EVQLVESGGGLVQPGGSLRLSCAASGFNIKDTYIHWVRQAPGKGLEWVARIYPTNGYTRYADSVKGRFTISADTSKNTAYLQMNSLRAEDTAVYYCARSYGSGSYSFDYWGQGTLVTVSSA,6.305640532097788,0.9992663491957239
383,EVQLVESGGGLVQPGGSLRLSCAASGFNIKDTYIHWVRQAPGKGLEWVARIYPTNGYTRYADSVKGRFTISADTSKNTAYLQMNSLRAEDTAVYYCARGYAYYVAGREYWGQGTLVTVSSA,6.304518323509803,1.9728444908930474
384,EVQLVESGGGLVQPGGSLRLSCAASGFNIKDTYIHWVRQAPGKGLEWVARIYPTNGYTRYADSVKGRFTISADTSKNTAYLQMNSLRAEDTAVYYCSRYSYYGGGGFDYWGQGTLVTVSSA,6.302997456541026,1.6771470101356578
385,EVQLVESGGGLVQPGGSLRLSCAASGFNIKDTYIHWVRQAPGKGLEWVARIYPTSGYTRYADSVKGRFTISADTSKNTAYLQMNSLRAEDTAVYYCASDGGVSSYSFDYWGQGTLVTVSSA,6.265640286465304,2.5238413785746294
386,EVQLVESGGGLVQPGGSLRLSCAASGFNIKDTYIHWVRQAPGKGLEWVARIYPANGYTRYADSVKGRFTISADTSKNTAYLQMNSLRAEDTAVYYCASSGGSSSYYYNYWGQGTLVTVSSA,6.256631364710342,2.5859905952917117
387,EVQLVESGGGLVQPGGSLRLSCAASGFNIKDTYIHWVRQAPGKGLEWVARIYPTNGYTRYADSVKGRFTISADTSKNTAYLQMNSLRAEDTAVYYCARSRGSSSYMMDYWGQGTLVTVSSA,6.247068488349481,2.5433878340496445
388,EVQLVESGGGLVQPGGSLRLSCAASGFNIKDTYIHWVRQAPGKGLEWVARIYPTNGYTRYADSVKGRFTISADTSKNTAYLQMNSLRAEDTAVYYCARDRGVSGYYLYYWGQGTLVTVSSA,6.246593145685108,2.6735711012477896
389,EVQLVESGGGLVQPGGSLRLSCAASGFNIKDTYIHWVRQAPGKGLEWVARIYPTNGYTRYADSVKGRFTISADTSKNTAYLQMNSLRAEDTAVYYCARNYYGAAYYFDYWGQGTLVTVSSA,6.244208963631403,2.456258540694336
390,EVQLVESGGGLVQPGGSLRLSCAASGFNIKDTYIHWVRQAPGKGLEWVARIYPSSGYTRYADSVKGRFTISADTSKNTAYLQMNSLRAEDTAVYYCASSGGRYYYYYDYWGQGTLVTVSSA,6.228758034539023,2.216037783592566
391,EVQLVESGGGLVQPGGSLRLSCAASGFNIKDTYIHWVRQAPGKGLEWVARIYPTNGYTRYADSVKGRFTISADTSKNTAYLQMNSLRAEDTAVYYCARTDIIYSGHFAYWGQGTLVTVSSA,6.220252037085032,2.022325811226257
392,EVQLVESGGGLVQPGGSLRLSCAASGFNIKDTYIHWVRQAPGKGLEWVARIYPTNGYTRYADSVKGRFTISADTSKNTAYLQMNSLRAEDTAVYYCARSGGSGYYSYNYWGQGTLVTVSSA,6.21965387989447,0.9992663491957239
393,EVQLVESGGGLVQPGGSLRLSCAASGFNIKDTYIHWVRQAPGKGLEWVARIYPTNGYTRYADSVKGRFTISADTSKNTAYLQMNSLRAEDTAVYYCARFMGGGYTSSDYWGQGTLVTVSSA,6.195724232870906,0.9992663491957239
394,EVQLVESGGGLVQPGGSLRLSCAASGFNFKDTYIHWVRQAPGKGLEWVARIYPANGYTRYADSVKGRFTISADTSKNTAYLQMNSLRAEDTAVYYCASDGGSYSYAFDYWGQGTLVTVSSA,6.192302649192609,2.1850820074226798
395,EVQLVESGGGLVQPGGSLRLSCAASGFNIKDTYIHWVRQAPGKGLEWVARIYPTNGYTRYADSVKGRFTISADTSKNTAYLQMNSLRAEDTAVYYCARSSGSSYYGFDYWGQGTLVTVSSA,6.175249543960697,2.6237593676235456
396,EVQLVESGGGLVQPGGSLRLSCAASGFNIKDTYIHWVRQAPGKGLEWVARIYPEDGSTRYADSVKGRFTISADTSKNTAYLQMNSLRAEDTAVYYCARSGGSSTYAYDYWGQGTLVTVSSA,6.174457047415913,1.9710351325099245
397,EVQLVESGGGLVQPGGSLRLSCAASGFNIKDTYIHWVRQAPGKGLEWVARIYPTNGYTRYADSVKGRFTISADTSKNTAYLQMNSLRAEDTAVYYCARSGGSSFYGMDYWGQGTLVTVSSA,6.167471927665727,2.6114357641114903
398,EVQLVESGGGLVQPGGSLRLSCAASGFNIKDTYIHWVRQAPGKGLEWVARIYPTNGYTRYADSVKGRFTISADTSKNTAYLQMNSLRAEDTAVYYCARGYYDTSQSHAYWGQGTLVTVSSA,6.147032308971181,2.49679520790675
399,EVQLVESGGGLVQPGGSLRLSCAASGFNIKDTYIHWVRQAPGKGLEWVARIYSSDGYTRYADSVKGRFTISADTSKNTAYLQMNSLRAEDTAVYYCARSGGSSYYYYDYWGQGTLVTVSSA,6.091713407874497,2.4679518221890353
400,EVQLVESGGGLVQPGGSLRLSCAASGFNIKDTYIHWVRQAPGKGLEWVARIYPTNGYTRYADSVKGRFTISADTSKNTAYLQMNSLRAEDTAVYYCARYSGSGGNAFAYWGQGTLVTVSSA,6.063712511489185,0.8118011432121779
401,EVQLVESGGGLVQPGGSLRLSCAASGFNIKDTYIHWVRQAPGKGLEWVARIYPTNGYTRYADSVKGRFTISADTSKNTAYLQMNSLRAEDTAVYYCARTGGSSYYAYDYWGQGTLVTVSSA,6.045159541100713,2.596154345161455
402,EVQLVESGGGLVQPGGSLRLSCAASGFNIKDTYIHWVRQAPGKGLEWVARIYPSNGYTRYADSVKGRFTISADTSKNTAYLQMNSLRAEDTAVYYCARYRGSSSYYFDYWGQGTLVTVSSA,6.042617819126254,2.5391059916496252
403,EVQLVESGGGLVQPGGSLRLSCAASGFNIKDTYIHWVRQAPGKGLEWVARIYPTNGYTRYADSVKGRFTISADTSKNTAYLQMNSLRAEDTAVYYCARHYYGWSSGYDYWGQGTLVTVSSA,6.018022920110226,2.04319349205342
404,EVQLVESGGGLVQPGGSLRLSCAASGFNIKDTYIHWVRQAPGKGLEWVARIYPTNGYTRYADSVKGRFTISADTSKNTAYLQMNSLRAEDTAVYYCARSAGIGYYAMDYWGQGTLVTVSSA,6.0024738249901,2.223035246168429
405,EVQLVESGGGLVQPGGSLRLSCAASGFNIKDTYIHWVRQAPGKGLEWVARIYPTNGYTRYADSVKGRFTISADTSKNTAYLQMNSLRAEDTAVYYCSRYGYSGYGAFDYWGQGTLVTVSSA,5.977951235241623,1.8952459852178762
406,EVQLVESGGGLVQPGGSLRLSCAASGFNIKDTYIHWVRQAPGKGLEWVARIYPTNGYTRYADSVKGRFTISADTSKNTAYLQMNSLRAEDTAVYYCARSGGSYSYSFDVWGQGTLVTVSSA,5.972523996263773,2.2202206782857594
407,EVQLVESGGGLVQPGGSLRLSCAASGFNIKDTYIHWVRQAPGKGLEWVARIYPTNGYTRYADSVKGRFTISADTSKNTAYLQMNSLRAEDTAVYYCARSGGSSYYYYDYWGQGTLVTVSSA,5.971807089838353,2.4647182429277583
408,EVQLVESGGGLVQPGGSLRLSCAASGFNISDYYIHWVRQAPGKGLEWVARIYPSSGYTRYADSVKGRFTISADTSKNTAYLQMNSLRAEDTAVYYCARDGGVGSYSMDVWGQGTLVTVSSA,5.878446721160414,1.008194455807246
409,EVQLVESGGGLVQPGGSLRLSCAASGFNIKDTYIHWVRQAPGKGLEWVARIYPTNGYTRYADSVKGRFTISADTSKNTAYLQMNSLRAEDTAVYYCARSGGRYTYGFDYWGQGTLVTVSSA,5.851505315338953,2.516760772091182
410,EVQLVESGGGLVQPGGSLRLSCAASGFNIKDTYIHWVRQAPGKGLEWVARIYPTNGYTRYADSVKGRFTISADTSKNTAYLQMNSLRAEDTAVYYCASSGGSSSYSYSYWGQGTLVTVSSA,5.799149501908922,2.5258190369829316
411,EVQLVESGGGLVQPGGSLRLSCAASGFNIKDTYIHWVRQAPGKGLEWVARIYPADGYTRYADSVKGRFTISADTSKNTAYLQMNSLRAEDTAVYYCASSGGSSYYYYDYWGQGTLVTVSSA,5.77660011805128,2.519278934243162
412,EVQLVESGGGLVQPGGSLRLSCAASGFNVKDTYIHWVRQAPGKGLEWVARIYPSDGYTRYADSVKGRFTISADTSKNTAYLQMNSLRAEDTAVYYCASSGGSSYYYYDYWGQGTLVTVSSA,5.769934448793953,2.489312816993544
413,EVQLVESGGGLVQPGGSLRLSCAASGFNIKDTYIHWVRQAPGKGLEWVARIYPTNGYTRYADSVKGRFTISADTSKNTAYLQMNSLRAEDTAVYYCASSGGSSSYSYYYWGQGTLVTVSSA,5.763256220640341,2.643589043591371
414,EVQLVESGGGLVQPGGSLRLSCAASGFNIKDTYIHWVRQAPGKGLEWVARIYPTNGYTRYADSVKGRFTISADTSKNTAYLQMNSLRAEDTAVYYCARSGGSGYYYYDYWGQGTLVTVSSA,5.737451620218279,1.7008912778991712
415,EVQLVESGGGLVQPGGSLRLSCAASGFNIKDTYIHWVRQAPGKGLEWVARIYPTNGYTRYADSVKGRFTISADTSKNTAYLQMNSLRAEDTAVYYCARYSSSGGSAFDYWGQGTLVTVSSA,5.701939852521577,1.9345040899043169
416,EVQLVESGGGLVQPGGSLRLSCAASGFNIKDTYIHWVRQAPGKGLEWVARIYPTNGYTRYADSVKGRFTISADTSKNTAYLQMNSLRAEDTAVYYCARVGGRGYYAYDYWGQGTLVTVSSA,5.640847788553105,2.1827034500358806
417,EVQLVESGGGLVQPGGSLRLSCAASGFNIKDTYIHWVRQAPGKGLEWVARIYPTNGYTRYADSVKGRFTISADTSKNTAYLQMNSLRAEDTAVYYCAVSGGSSSYSYQYWGQGTLVTVSSA,5.615972922206005,2.611171881218337
418,EVQLVESGGGLVQPGGSLRLSCAASGFNIKDTYIHWVRQAPGKGLEWVARIYPTNGYTRYADSVKGRFTISADTSKNTAYLQMNSLRAEDTAVYYCARDGGSGYYAYDYWGQGTLVTVSSA,5.597927856364727,2.1827034500358806
